10-04-2020,Item-11,Sabun Cuci Piring,3,14000
10-04-2020,Item-11,Sabun Cuci Piring,3,14000
10-04-2020,Item-11,Sabun Cuci Piring,2,14000
10-04-2020,Item-03,Gula Pasir Putih 1 kg,2,12500
10-04-2020,Item-11,Sabun Cuci Piring,3,14000
10-04-2020,Item-11,Sabun Cuci Piring,4,14000
19-04-2020,Item-26,Susu Bubuk 195g,7,45000
11-04-2020,Item-11,Sabun Cuci Piring,2,14000
11-04-2020,Item-11,Sabun Cuci Piring,3,14000
11-04-2020,Item-16,Balsem Putih 20 gram,1,22300
11-04-2020,Item-11,Sabun Cuci Piring,4,14000
11-04-2020,Item-16,Balsem Putih 20 gram,1,22300
19-04-2020,Item-26,Susu Bubuk 195g,14,45000
11-04-2020,,Sabun Cuci Piring,,14000
10-04-2020,Item-03,Gula Pasir Putih 1 kg,3,12500
11-04-2020,Item-11,Sabun Cuci Piring,2,14000
11-04-2020,Item-17,Obat Batuk,3,5000
11-04-2020,Item-03,Gula Pasir Putih 1 kg,2,12500
11-04-2020,Item-11,Sabun Cuci Piring,3,14000
11-04-2020,Item-16,Balsem Putih 20 gram,4,22300
11-04-2020,Item-03,Gula Pasir Putih 1 kg,2,12500
11-04-2020,Item-11,Sabun Cuci Piring,2,14000
11-04-2020,Item-16,Balsem Putih 20 gram,2,22300
11-04-2020,Item-03,Gula Pasir Putih 1 kg,1,12500
20-04-2020,Item-26,Susu Bubuk 195g,1,45000
11-04-2020,Item-11,Sabun Cuci Piring,4,14000
11-04-2020,Item-03,Gula Pasir Putih 1 kg,2,12500
12-04-2020,Item-03,Gula Pasir Putih 1 kg,2,12500
13-04-2020,Item-03,Gula Pasir Putih 1 kg,3,12500
13-04-2020,Item-03,Gula Pasir Putih 1 kg,3,12500
13-04-2020,Item-03,Gula Pasir Putih 1 kg,3,12500
12-04-2020,Item-11,Sabun Cuci Piring,3,14000
13-04-2020,Item-13,Pisau Cukur,1,6500
13-04-2020,Item-14,Teh Celup Melati,4,7800
13-04-2020,Item-13,Pisau Cukur,1,6500
13-04-2020,Item-14,Teh Celup Melati,4,7800
13-04-2020,Item-14,Teh Celup Melati,5,7800
13-04-2020,Item-14,Teh Celup Melati,10,7800
13-04-2020,Item-14,Teh Celup Melati,7,7800
13-04-2020,Item-14,Teh Celup Melati,5,7800
13-04-2020,Item-11,Sabun Cuci Piring,2,14000
14-04-2020,Item-03,Gula Pasir Putih 1 kg,2,12500
13-04-2020,Item-11,Sabun Cuci Piring,2,14000
13-04-2020,Item-13,Pisau Cukur,1,6500
13-04-2020,Item-14,Teh Celup Melati,3,7800
13-04-2020,Item-11,Sabun Cuci Piring,3,14000
13-04-2020,Item-13,Pisau Cukur,1,6500
14-04-2020,Item-03,Gula Pasir Putih 1 kg,1,12500
13-04-2020,Item-11,Sabun Cuci Piring,2,14000
13-04-2020,Item-14,Teh Celup Melati,1,7800
13-04-2020,Item-11,Sabun Cuci Piring,3,14000
13-04-2020,Item-13,Pisau Cukur,2,6500
14-04-2020,Item-03,Gula Pasir Putih 1 kg,4,12500
13-04-2020,Item-11,Sabun Cuci Piring,2,14000
13-04-2020,Item-13,Pisau Cukur,3,6500
13-04-2020,Item-14,Teh Celup Melati,3,7800
14-04-2020,Item-03,Gula Pasir Putih 1 kg,2,12500
14-04-2020,Item-14,Teh Celup Melati,4,7800
14-04-2020,Item-14,Teh Celup Melati,1,7800
20-04-2020,Item-03,Gula Pasir Putih 1 kg,2,12500
20-04-2020,Item-03,Gula Pasir Putih 1 kg,1,12500
14-04-2020,Item-14,Teh Celup Melati,1,7800
21-04-2020,Item-03,Gula Pasir Putih 1 kg,1,12500
21-04-2020,Item-03,Gula Pasir Putih 1 kg,2,12500
14-04-2020,Item-14,Teh Celup Melati,1,7800
21-04-2020,Item-03,Gula Pasir Putih 1 kg,3,12500
14-04-2020,Item-14,Teh Celup Melati,1,7800
14-04-2020,Item-11,Sabun Cuci Piring,4,14000
14-04-2020,Item-06,Sabun Mandi Cair 100 ml,2,10500
14-04-2020,Item-06,Sabun Mandi Cair 100 ml,2,10500
16-05-2020,Item-21,Shampoo Sachet,3,1000
16-05-2020,Item-21,Shampoo Sachet,2,1000
10-04-2020,Item-05,Mi Goreng Instant,2,2600
10-04-2020,Item-05,Mi Goreng Instant,2,2600
11-04-2020,Item-05,Mi Goreng Instant,2,2600
11-04-2020,Item-05,Mi Goreng Instant,1,2600
11-04-2020,Item-05,Mi Goreng Instant,3,2600
11-04-2020,Item-05,Mi Goreng Instant,1,2600
11-04-2020,Item-05,Mi Goreng Instant,1,2600
11-04-2020,,,4,
14-04-2020,Item-06,Sabun Mandi Cair 100 ml,2,10500
14-04-2020,Item-06,Sabun Mandi Cair 100 ml,1,10500
14-05-2020,Item-04,Kopi Instant,1,5200
12-04-2020,Item-08,Vitamin C,4,2000
12-04-2020,Item-08,Vitamin C,4,2000
12-04-2020,Item-08,Vitamin C,2,2000
12-04-2020,Item-08,Vitamin C,3,2000
12-04-2020,Item-08,Vitamin C,4,2000
13-04-2020,Item-08,Vitamin C,1,2000
13-04-2020,Item-08,Vitamin C,4,2000
13-04-2020,Item-08,Vitamin C,4,2000
13-04-2020,Item-08,Vitamin C,1,2000
19-04-2020,Item-08,Vitamin C,1,2000
12-04-2020,Item-09,Roti Tawar,3,12500
12-04-2020,Item-09,Roti Tawar,2,12500
12-04-2020,Item-09,Roti Tawar,4,12500
12-04-2020,Item-09,Roti Tawar,2,12500
12-04-2020,Item-09,Roti Tawar,1,12500
17-05-2020,Item-21,Shampoo Sachet,1,1000
17-05-2020,Item-21,Shampoo Sachet,4,1000
17-05-2020,Item-21,Shampoo Sachet,1,1000
17-05-2020,Item-21,Shampoo Sachet,2,1000
18-05-2020,Item-21,Shampoo Sachet,4,1000
18-05-2020,Item-21,Shampoo Sachet,4,1000
19-05-2020,Item-21,Shampoo Sachet,1,1000
19-05-2020,Item-21,Shampoo Sachet,2,1000
21-05-2020,Item-21,Shampoo Sachet,4,1000
21-05-2020,Item-21,Shampoo Sachet,3,1000
23-05-2020,Item-21,Shampoo Sachet,1,1000
14-04-2020,Item-14,Teh Celup Melati,1,7800
14-04-2020,Item-13,Pisau Cukur,4,6500
14-04-2020,Item-11,Sabun Cuci Piring,2,14000
14-04-2020,Item-14,Teh Celup Melati,3,7800
14-04-2020,Item-14,Teh Celup Melati,2,7800
14-04-2020,Item-14,Teh Celup Melati,4,7800
14-04-2020,Item-13,Pisau Cukur,4,6500
14-04-2020,Item-03,Gula Pasir Putih 1 kg,4,12500
14-04-2020,Item-14,Teh Celup Melati,4,7800
14-04-2020,Item-14,Teh Celup Melati,1,7800
,Item-03,,3,
15-04-2020,Item-03,Gula Pasir Putih 1 kg,2,12500
15-04-2020,Item-03,Gula Pasir Putih 1 kg,4,12500
16-04-2020,Item-03,Gula Pasir Putih 1 kg,4,12500
15-04-2020,Item-10,Biskuit Waver Kaleng,4,24000
15-04-2020,Item-10,Biskuit Waver Kaleng,1,24000
15-04-2020,Item-10,Biskuit Waver Kaleng,4,24000
15-04-2020,Item-09,Roti Tawar,3,12500
15-04-2020,Item-10,Biskuit Waver Kaleng,1,24000
16-04-2020,Item-03,Gula Pasir Putih 1 kg,4,12500
16-04-2020,Item-10,Biskuit Waver Kaleng,3,24000
16-04-2020,Item-10,Biskuit Waver Kaleng,2,24000
16-04-2020,Item-03,Gula Pasir Putih 1 kg,3,12500
16-04-2020,Item-10,Biskuit Waver Kaleng,4,24000
15-04-2020,Item-09,Roti Tawar,2,12500
16-04-2020,Item-03,Gula Pasir Putih 1 kg,2,12500
16-04-2020,Item-03,Gula Pasir Putih 1 kg,2,12500
15-04-2020,Item-09,Roti Tawar,2,12500
16-04-2020,Item-03,Gula Pasir Putih 1 kg,2,12500
15-04-2020,Item-09,Roti Tawar,1,12500
16-04-2020,Item-03,Gula Pasir Putih 1 kg,2,12500
15-04-2020,Item-09,Roti Tawar,2,12500
17-04-2020,Item-03,Gula Pasir Putih 1 kg,3,12500
14-05-2020,Item-20,Pampers Bayi Size M,1,41000
17-04-2020,Item-03,Gula Pasir Putih 1 kg,1,12500
16-04-2020,Item-10,Biskuit Waver Kaleng,4,24000
17-04-2020,Item-03,Gula Pasir Putih 1 kg,2,12500
16-04-2020,Item-20,Pampers Bayi Size M,4,41000
17-04-2020,Item-10,Biskuit Waver Kaleng,4,24000
17-04-2020,Item-11,Sabun Cuci Piring,1,14000
17-04-2020,Item-17,Obat Batuk,2,5000
17-04-2020,Item-10,Biskuit Waver Kaleng,3,24000
17-04-2020,Item-10,Biskuit Waver Kaleng,3,24000
14-04-2020,Item-06,Sabun Mandi Cair 100 ml,4,10500
17-04-2020,Item-10,Biskuit Waver Kaleng,1,24000
,Item-11,,4,
14-04-2020,Item-06,Sabun Mandi Cair 100 ml,3,10500
17-04-2020,Item-10,Biskuit Waver Kaleng,2,24000
17-04-2020,Item-11,Sabun Cuci Piring,2,14000
17-04-2020,Item-10,Biskuit Waver Kaleng,3,24000
17-04-2020,Item-11,Sabun Cuci Piring,4,14000
17-04-2020,Item-10,Biskuit Waver Kaleng,3,24000
17-04-2020,Item-11,Sabun Cuci Piring,4,14000
17-04-2020,Item-10,Biskuit Waver Kaleng,2,24000
17-04-2020,Item-11,Sabun Cuci Piring,4,14000
20-04-2020,Item-26,Susu Bubuk 195g,19,45000
20-04-2020,Item-26,Susu Bubuk 195g,10,45000
21-04-2020,Item-26,Susu Bubuk 195g,4,45000
22-04-2020,Item-26,Susu Bubuk 195g,16,45000
,Item-27,,,
14-04-2020,Item-05,Mi Goreng Instant,4,2600
14-04-2020,Item-05,Mi Goreng Instant,2,2600
14-04-2020,Item-05,Mi Goreng Instant,3,2600
14-04-2020,Item-05,Mi Goreng Instant,4,2600
14-04-2020,Item-05,Mi Goreng Instant,4,2600
14-04-2020,Item-06,Sabun Mandi Cair 100 ml,1,10500
14-04-2020,Item-06,Sabun Mandi Cair 100 ml,4,10500
14-04-2020,Item-06,Sabun Mandi Cair 100 ml,4,10500
14-04-2020,Item-06,Sabun Mandi Cair 100 ml,2,10500
14-04-2020,Item-06,Sabun Mandi Cair 100 ml,2,10500
15-04-2020,Item-06,Sabun Mandi Cair 100 ml,4,10500
15-04-2020,Item-06,Sabun Mandi Cair 100 ml,1,10500
15-04-2020,Item-06,Sabun Mandi Cair 100 ml,3,10500
15-04-2020,Item-06,Sabun Mandi Cair 100 ml,4,10500
15-04-2020,Item-06,Sabun Mandi Cair 100 ml,4,10500
15-04-2020,Item-06,Sabun Mandi Cair 100 ml,3,10500
15-04-2020,Item-06,Sabun Mandi Cair 100 ml,2,10500
16-04-2020,Item-04,Kopi Instant,4,5200
16-04-2020,Item-04,Kopi Instant,3,5200
16-04-2020,Item-04,Kopi Instant,4,5200
16-04-2020,Item-04,Kopi Instant,2,5200
16-04-2020,Item-04,Kopi Instant,4,5200
16-04-2020,Item-04,Kopi Instant,3,5200
16-04-2020,Item-04,Kopi Instant,1,5200
16-04-2020,Item-04,Kopi Instant,4,5200
17-04-2020,Item-04,Kopi Instant,1,5200
17-04-2020,Item-04,Kopi Instant,3,5200
,,Kopi Instant,4,5200
17-04-2020,Item-04,Kopi Instant,1,5200
16-04-2020,Item-20,Pampers Bayi Size M,3,41000
16-04-2020,Item-20,Pampers Bayi Size M,4,41000
16-04-2020,Item-20,Pampers Bayi Size M,2,41000
16-04-2020,Item-20,Pampers Bayi Size M,4,41000
16-04-2020,Item-20,Pampers Bayi Size M,3,41000
16-04-2020,Item-20,Pampers Bayi Size M,1,41000
16-04-2020,Item-20,Pampers Bayi Size M,4,41000
17-04-2020,Item-20,Pampers Bayi Size M,1,41000
17-04-2020,Item-20,Pampers Bayi Size M,3,41000
17-04-2020,Item-20,Pampers Bayi Size M,4,41000
17-04-2020,Item-20,Pampers Bayi Size M,1,41000
17-04-2020,Item-20,Pampers Bayi Size M,2,41000
17-04-2020,Item-20,Pampers Bayi Size M,1,41000
17-04-2020,Item-20,Pampers Bayi Size M,3,41000
17-04-2020,Item-20,Pampers Bayi Size M,4,41000
17-04-2020,Item-03,Gula Pasir Putih 1 kg,1,12500
17-04-2020,Item-10,Biskuit Waver Kaleng,1,24000
17-04-2020,Item-11,Sabun Cuci Piring,3,14000
17-04-2020,Item-17,Obat Batuk,1,5000
17-04-2020,Item-10,Biskuit Waver Kaleng,1,24000
17-04-2020,Item-10,Biskuit Waver Kaleng,3,24000
17-04-2020,Item-10,Biskuit Waver Kaleng,1,24000
17-04-2020,Item-11,Sabun Cuci Piring,3,14000
17-04-2020,Item-03,Gula Pasir Putih 1 kg,1,12500
17-04-2020,Item-10,Biskuit Waver Kaleng,3,24000
17-04-2020,Item-11,Sabun Cuci Piring,3,14000
17-04-2020,Item-10,Biskuit Waver Kaleng,1,24000
17-04-2020,Item-11,Sabun Cuci Piring,3,14000
17-04-2020,Item-10,Biskuit Waver Kaleng,4,24000
17-04-2020,Item-11,Sabun Cuci Piring,1,14000
17-04-2020,Item-10,Biskuit Waver Kaleng,4,24000
17-04-2020,Item-11,Sabun Cuci Piring,3,14000
18-04-2020,Item-19,Obat Diare,3,5000
18-04-2020,Item-17,Obat Batuk,4,5000
18-04-2020,Item-18,Telur Ayam Negeri,4,1700
18-04-2020,Item-19,Obat Diare,1,5000
18-04-2020,Item-10,Biskuit Waver Kaleng,1,24000
18-04-2020,Item-17,Obat Batuk,4,5000
18-04-2020,Item-17,Obat Batuk,2,5000
18-04-2020,Item-18,Telur Ayam Negeri,3,1700
18-04-2020,Item-10,Biskuit Waver Kaleng,2,24000
18-04-2020,Item-17,Obat Batuk,2,5000
18-04-2020,Item-03,Gula Pasir Putih 1 kg,3,12500
18-04-2020,Item-10,Biskuit Waver Kaleng,1,24000
18-04-2020,Item-17,Obat Batuk,3,5000
18-04-2020,Item-10,Biskuit Waver Kaleng,4,24000
18-04-2020,Item-17,Obat Batuk,1,5000
18-04-2020,Item-10,Biskuit Waver Kaleng,3,24000
18-04-2020,Item-17,Obat Batuk,3,5000
18-04-2020,Item-03,Gula Pasir Putih 1 kg,4,12500
18-04-2020,Item-03,Gula Pasir Putih 1 kg,4,12500
19-04-2020,Item-17,Obat Batuk,4,5000
19-04-2020,Item-03,Gula Pasir Putih 1 kg,3,12500
19-04-2020,Item-03,Gula Pasir Putih 1 kg,2,12500
19-04-2020,Item-03,Gula Pasir Putih 1 kg,4,12500
19-04-2020,Item-03,Gula Pasir Putih 1 kg,4,12500
19-04-2020,Item-03,Gula Pasir Putih 1 kg,2,12500
19-04-2020,Item-03,Gula Pasir Putih 1 kg,2,12500
19-04-2020,Item-03,Gula Pasir Putih 1 kg,3,12500
19-04-2020,Item-03,Gula Pasir Putih 1 kg,1,12500
19-04-2020,Item-03,Gula Pasir Putih 1 kg,2,12500
20-04-2020,Item-14,Teh Celup Melati,1,7800
20-04-2020,Item-17,Obat Batuk,1,5000
19-04-2020,Item-01,Batere AA,4,12000
19-04-2020,Item-08,Vitamin C,3,2000
20-04-2020,Item-14,Teh Celup Melati,4,7800
20-04-2020,Item-17,Obat Batuk,1,5000
17-04-2020,Item-20,Pampers Bayi Size M,1,41000
26-04-2020,Item-20,Pampers Bayi Size M,2,41000
26-04-2020,Item-20,Pampers Bayi Size M,3,41000
26-04-2020,Item-20,Pampers Bayi Size M,3,41000
26-04-2020,Item-20,Pampers Bayi Size M,1,41000
26-04-2020,Item-20,Pampers Bayi Size M,4,41000
17-04-2020,Item-05,Mi Goreng Instant,2,2600
17-04-2020,Item-05,Mi Goreng Instant,2,2600
17-04-2020,Item-05,Mi Goreng Instant,1,2600
19-04-2020,Item-05,Mi Goreng Instant,1,2600
19-04-2020,Item-05,Mi Goreng Instant,3,2600
19-04-2020,Item-05,Mi Goreng Instant,1,2600
19-04-2020,Item-05,Mi Goreng Instant,1,2600
,Item-05,Mi Goreng Instant,,
19-04-2020,Item-05,Mi Goreng Instant,3,2600
19-04-2020,Item-05,Mi Goreng Instant,1,2600
19-04-2020,Item-05,Mi Goreng Instant,3,2600
19-04-2020,Item-01,Batere AA,1,12000
20-04-2020,Item-01,Batere AA,1,12000
17-04-2020,Item-04,Kopi Instant,2,5200
17-04-2020,Item-04,Kopi Instant,1,5200
17-04-2020,Item-04,Kopi Instant,3,5200
17-04-2020,Item-04,Kopi Instant,4,5200
17-04-2020,Item-04,Kopi Instant,1,5200
19-04-2020,Item-08,Vitamin C,3,2000
19-04-2020,Item-08,Vitamin C,4,2000
19-04-2020,Item-08,Vitamin C,4,2000
19-04-2020,Item-08,Vitamin C,4,2000
19-04-2020,Item-08,Vitamin C,3,2000
19-04-2020,Item-08,Vitamin C,4,2000
19-04-2020,Item-08,Vitamin C,2,2000
19-04-2020,Item-08,Vitamin C,3,2000
19-04-2020,Item-08,Vitamin C,4,2000
19-04-2020,Item-08,Vitamin C,3,2000
19-04-2020,Item-08,Vitamin C,4,2000
19-04-2020,Item-08,Vitamin C,2,2000
19-04-2020,Item-08,Vitamin C,2,2000
19-04-2020,Item-08,Vitamin C,2,2000
19-04-2020,Item-08,Vitamin C,3,2000
19-04-2020,Item-08,Vitamin C,2,2000
18-04-2020,Item-09,Roti Tawar,2,12500
18-04-2020,Item-09,Roti Tawar,2,12500
18-04-2020,Item-09,Roti Tawar,4,12500
18-04-2020,Item-09,Roti Tawar,3,12500
19-04-2020,Item-09,Roti Tawar,2,12500
19-04-2020,Item-09,Roti Tawar,4,12500
26-04-2020,Item-20,Pampers Bayi Size M,4,41000
26-04-2020,Item-20,Pampers Bayi Size M,2,41000
26-04-2020,Item-20,Pampers Bayi Size M,2,41000
26-04-2020,Item-20,Pampers Bayi Size M,3,41000
26-04-2020,Item-20,Pampers Bayi Size M,3,41000
26-04-2020,Item-20,Pampers Bayi Size M,3,41000
27-04-2020,Item-20,Pampers Bayi Size M,3,41000
27-04-2020,Item-20,Pampers Bayi Size M,1,41000
28-04-2020,Item-20,Pampers Bayi Size M,3,41000
10-04-2020,Item-05,Mi Goreng Instant,2,2600
11-04-2020,Item-05,Mi Goreng Instant,2,2600
12-04-2020,Item-05,Mi Goreng Instant,2,2600
13-04-2020,Item-05,Mi Goreng Instant,1,2600
14-04-2020,Item-05,Mi Goreng Instant,3,2600
15-04-2020,Item-05,Mi Goreng Instant,1,2600
16-04-2020,Item-05,Mi Goreng Instant,1,2600
11-04-2020,Item-05,Mi Goreng Instant,4,2600
20-04-2020,Item-03,Gula Pasir Putih 1 kg,1,12500
20-04-2020,Item-14,Teh Celup Melati,4,7800
20-04-2020,Item-17,Obat Batuk,3,5000
20-04-2020,Item-18,Telur Ayam Negeri,4,1700
20-04-2020,Item-17,Obat Batuk,2,5000
20-04-2020,Item-18,Telur Ayam Negeri,3,1700
20-04-2020,Item-18,Telur Ayam Negeri,2,1700
20-04-2020,Item-03,Gula Pasir Putih 1 kg,2,12500
20-04-2020,Item-14,Teh Celup Melati,2,7800
20-04-2020,Item-17,Obat Batuk,1,5000
20-04-2020,Item-03,Gula Pasir Putih 1 kg,3,12500
20-04-2020,Item-17,Obat Batuk,1,5000
20-04-2020,Item-18,Telur Ayam Negeri,2,1700
20-04-2020,Item-14,Teh Celup Melati,1,7800
20-04-2020,Item-17,Obat Batuk,4,5000
20-04-2020,Item-03,Gula Pasir Putih 1 kg,3,12500
20-04-2020,Item-14,Teh Celup Melati,2,7800
20-04-2020,Item-17,Obat Batuk,3,5000
20-04-2020,Item-03,Gula Pasir Putih 1 kg,3,12500
20-04-2020,Item-14,Teh Celup Melati,4,7800
20-04-2020,Item-17,Obat Batuk,2,5000
20-04-2020,Item-14,Teh Celup Melati,1,7800
20-04-2020,Item-17,Obat Batuk,4,5000
20-04-2020,Item-17,Obat Batuk,3,5000
20-04-2020,Item-18,Telur Ayam Negeri,4,1700
20-04-2020,Item-17,Obat Batuk,2,5000
20-04-2020,Item-18,Telur Ayam Negeri,1,1700
20-04-2020,Item-14,Teh Celup Melati,1,7800
20-04-2020,Item-17,Obat Batuk,2,5000
20-04-2020,Item-17,Obat Batuk,4,5000
20-04-2020,Item-18,Telur Ayam Negeri,4,1700
20-04-2020,Item-09,Roti Tawar,2,12500
20-04-2020,Item-17,Obat Batuk,1,5000
20-04-2020,Item-18,Telur Ayam Negeri,2,1700
21-04-2020,Item-15,Ketan Hitam 500 gram,3,18000
20-04-2020,Item-03,Gula Pasir Putih 1 kg,3,12500
20-04-2020,Item-09,Roti Tawar,3,12500
21-04-2020,Item-09,Roti Tawar,2,12500
20-04-2020,Item-03,Gula Pasir Putih 1 kg,4,12500
21-04-2020,Item-09,Roti Tawar,2,12500
21-04-2020,Item-09,Roti Tawar,3,12500
21-04-2020,Item-15,Ketan Hitam 500 gram,4,18000
20-04-2020,Item-03,Gula Pasir Putih 1 kg,2,12500
21-04-2020,Item-09,Roti Tawar,2,12500
22-04-2020,Item-26,Susu Bubuk 195g,5,45000
20-04-2020,Item-03,Gula Pasir Putih 1 kg,3,12500
21-04-2020,Item-09,Roti Tawar,3,12500
22-04-2020,Item-15,Ketan Hitam 500 gram,3,18000
22-04-2020,Item-15,Ketan Hitam 500 gram,2,18000
21-04-2020,Item-09,Roti Tawar,2,12500
22-04-2020,Item-15,Ketan Hitam 500 gram,2,18000
22-04-2020,Item-26,Susu Bubuk 195g,16,45000
21-04-2020,Item-09,Roti Tawar,4,12500
23-04-2020,Item-26,Susu Bubuk 195g,5,45000
20-04-2020,Item-03,Gula Pasir Putih 1 kg,1,12500
23-04-2020,Item-26,Susu Bubuk 195g,15,45000
22-04-2020,Item-15,Ketan Hitam 500 gram,2,18000
21-04-2020,Item-06,Sabun Mandi Cair 100 ml,4,10500
,,Susu Bubuk 195g,,45000
22-04-2020,Item-15,Ketan Hitam 500 gram,1,18000
22-04-2020,Item-15,Ketan Hitam 500 gram,2,18000
22-04-2020,Item-15,Ketan Hitam 500 gram,1,18000
22-04-2020,Item-15,Ketan Hitam 500 gram,2,18000
28-04-2020,Item-20,Pampers Bayi Size M,2,41000
28-04-2020,Item-20,Pampers Bayi Size M,1,41000
28-04-2020,Item-20,Pampers Bayi Size M,1,41000
29-04-2020,Item-20,Pampers Bayi Size M,3,41000
29-04-2020,Item-20,Pampers Bayi Size M,2,41000
29-04-2020,Item-20,Pampers Bayi Size M,2,41000
29-04-2020,Item-20,Pampers Bayi Size M,3,41000
29-04-2020,Item-20,Pampers Bayi Size M,4,41000
29-04-2020,Item-20,Pampers Bayi Size M,3,41000
21-04-2020,Item-06,Sabun Mandi Cair 100 ml,4,10500
21-04-2020,Item-06,Sabun Mandi Cair 100 ml,3,10500
21-04-2020,Item-06,Sabun Mandi Cair 100 ml,4,10500
21-04-2020,Item-06,Sabun Mandi Cair 100 ml,2,10500
21-04-2020,Item-06,Sabun Mandi Cair 100 ml,1,10500
22-04-2020,Item-06,Sabun Mandi Cair 100 ml,3,10500
22-04-2020,Item-06,Sabun Mandi Cair 100 ml,3,10500
22-04-2020,Item-06,Sabun Mandi Cair 100 ml,1,10500
22-04-2020,Item-06,Sabun Mandi Cair 100 ml,1,10500
22-04-2020,Item-06,Sabun Mandi Cair 100 ml,1,10500
22-04-2020,Item-06,Sabun Mandi Cair 100 ml,1,10500
22-04-2020,Item-06,Sabun Mandi Cair 100 ml,3,10500
22-04-2020,Item-06,Sabun Mandi Cair 100 ml,1,10500
20-04-2020,Item-01,Batere AA,4,12000
20-04-2020,Item-01,Batere AA,4,12000
21-04-2020,Item-01,Batere AA,4,12000
22-04-2020,Item-01,Batere AA,4,12000
22-04-2020,Item-01,Batere AA,2,12000
22-04-2020,Item-01,Batere AA,4,12000
03-05-2020,Item-20,Pampers Bayi Size M,4,41000
03-05-2020,Item-20,Pampers Bayi Size M,2,41000
03-05-2020,Item-20,Pampers Bayi Size M,3,41000
03-05-2020,Item-20,Pampers Bayi Size M,3,41000
03-05-2020,Item-20,Pampers Bayi Size M,2,41000
03-05-2020,Item-20,Pampers Bayi Size M,2,41000
03-05-2020,Item-20,Pampers Bayi Size M,4,41000
03-05-2020,Item-20,Pampers Bayi Size M,1,41000
03-05-2020,Item-20,Pampers Bayi Size M,4,41000
04-05-2020,Item-20,Pampers Bayi Size M,3,41000
04-05-2020,Item-20,Pampers Bayi Size M,2,41000
30-04-2020,Item-01,Batere AA,2,12000
04-05-2020,Item-20,Pampers Bayi Size M,2,41000
04-05-2020,Item-20,Pampers Bayi Size M,4,41000
05-05-2020,Item-20,Pampers Bayi Size M,1,41000
22-04-2020,Item-15,Ketan Hitam 500 gram,1,18000
21-04-2020,Item-03,Gula Pasir Putih 1 kg,1,12500
23-04-2020,Item-10,Biskuit Waver Kaleng,2,24000
23-04-2020,Item-10,Biskuit Waver Kaleng,4,24000
21-04-2020,Item-03,Gula Pasir Putih 1 kg,3,12500
23-04-2020,Item-10,Biskuit Waver Kaleng,1,24000
23-04-2020,Item-13,Pisau Cukur,4,6500
23-04-2020,Item-10,Biskuit Waver Kaleng,2,24000
22-04-2020,Item-03,Gula Pasir Putih 1 kg,1,12500
23-04-2020,Item-10,Biskuit Waver Kaleng,4,24000
23-04-2020,Item-10,Biskuit Waver Kaleng,4,24000
22-04-2020,Item-03,Gula Pasir Putih 1 kg,4,12500
23-04-2020,Item-10,Biskuit Waver Kaleng,1,24000
,Item-10,,,24000
22-04-2020,Item-03,Gula Pasir Putih 1 kg,1,12500
24-04-2020,Item-13,Pisau Cukur,4,6500
22-04-2020,Item-03,Gula Pasir Putih 1 kg,1,12500
23-04-2020,Item-09,Roti Tawar,3,12500
24-04-2020,Item-16,Balsem Putih 20 gram,1,22300
24-04-2020,Item-16,Balsem Putih 20 gram,2,22300
24-04-2020,,,,6500
23-04-2020,Item-09,Roti Tawar,3,12500
24-04-2020,Item-13,Pisau Cukur,1,6500
23-04-2020,Item-09,Roti Tawar,2,12500
24-04-2020,Item-13,Pisau Cukur,4,6500
22-04-2020,Item-03,Gula Pasir Putih 1 kg,1,12500
23-04-2020,Item-09,Roti Tawar,4,12500
25-04-2020,Item-17,Obat Batuk,1,5000
22-04-2020,Item-03,Gula Pasir Putih 1 kg,3,12500
23-04-2020,Item-09,Roti Tawar,4,12500
25-04-2020,Item-17,Obat Batuk,1,5000
24-04-2020,Item-09,Roti Tawar,2,12500
22-04-2020,Item-03,Gula Pasir Putih 1 kg,1,12500
25-04-2020,Item-17,Obat Batuk,4,5000
25-04-2020,Item-12,Beras Pulen 5 kg,2,63000
23-04-2020,Item-03,Gula Pasir Putih 1 kg,1,12500
25-04-2020,Item-12,Beras Pulen 5 kg,3,63000
25-04-2020,Item-12,Beras Pulen 5 kg,4,63000
23-04-2020,Item-03,Gula Pasir Putih 1 kg,4,12500
25-04-2020,Item-12,Beras Pulen 5 kg,4,63000
25-04-2020,Item-16,Balsem Putih 20 gram,2,22300
23-04-2020,Item-03,Gula Pasir Putih 1 kg,2,12500
25-04-2020,Item-17,Obat Batuk,1,5000
23-04-2020,Item-03,Gula Pasir Putih 1 kg,2,12500
24-04-2020,Item-09,Roti Tawar,4,12500
23-04-2020,Item-03,Gula Pasir Putih 1 kg,2,12500
25-04-2020,Item-17,Obat Batuk,2,5000
25-04-2020,Item-12,Beras Pulen 5 kg,4,63000
23-04-2020,Item-03,Gula Pasir Putih 1 kg,2,12500
24-04-2020,Item-09,Roti Tawar,4,12500
24-04-2020,Item-03,Gula Pasir Putih 1 kg,4,12500
25-04-2020,Item-12,Beras Pulen 5 kg,3,63000
24-04-2020,Item-03,Gula Pasir Putih 1 kg,2,12500
24-04-2020,Item-09,Roti Tawar,1,12500
22-04-2020,Item-06,Sabun Mandi Cair 100 ml,2,10500
25-04-2020,Item-12,Beras Pulen 5 kg,3,63000
23-04-2020,Item-06,Sabun Mandi Cair 100 ml,4,10500
25-04-2020,Item-12,Beras Pulen 5 kg,2,63000
19-04-2020,Item-27,Bedak Bayi,20,25000
05-05-2020,Item-20,Pampers Bayi Size M,1,41000
05-05-2020,Item-20,Pampers Bayi Size M,4,41000
06-05-2020,Item-20,Pampers Bayi Size M,4,41000
06-05-2020,Item-20,Pampers Bayi Size M,1,41000
06-05-2020,Item-20,Pampers Bayi Size M,2,41000
06-05-2020,Item-20,Pampers Bayi Size M,1,41000
06-05-2020,Item-20,Pampers Bayi Size M,1,41000
06-05-2020,Item-20,Pampers Bayi Size M,2,41000
07-05-2020,Item-20,Pampers Bayi Size M,1,41000
24-04-2020,Item-05,Mi Goreng Instant,4,2600
24-04-2020,Item-05,Mi Goreng Instant,4,2600
24-04-2020,Item-05,Mi Goreng Instant,3,2600
24-04-2020,Item-05,Mi Goreng Instant,4,2600
24-04-2020,Item-05,Mi Goreng Instant,2,2600
24-04-2020,Item-05,Mi Goreng Instant,3,2600
24-04-2020,Item-05,Mi Goreng Instant,4,2600
24-04-2020,Item-05,Mi Goreng Instant,3,2600
24-04-2020,Item-05,Mi Goreng Instant,3,2600
25-04-2020,Item-05,Mi Goreng Instant,4,2600
25-04-2020,Item-05,Mi Goreng Instant,3,2600
23-04-2020,Item-06,Sabun Mandi Cair 100 ml,3,10500
23-04-2020,Item-06,Sabun Mandi Cair 100 ml,1,10500
23-04-2020,Item-06,Sabun Mandi Cair 100 ml,2,10500
23-04-2020,Item-06,Sabun Mandi Cair 100 ml,4,10500
23-04-2020,Item-06,Sabun Mandi Cair 100 ml,4,10500
23-04-2020,Item-06,Sabun Mandi Cair 100 ml,1,10500
23-04-2020,Item-06,Sabun Mandi Cair 100 ml,4,10500
23-04-2020,Item-01,Batere AA,2,12000
23-04-2020,Item-01,Batere AA,2,12000
24-04-2020,Item-01,Batere AA,1,12000
25-04-2020,Item-01,Batere AA,3,12000
25-04-2020,Item-01,Batere AA,1,12000
25-04-2020,Item-01,Batere AA,4,12000
25-04-2020,Item-01,Batere AA,4,12000
25-04-2020,Item-01,Batere AA,2,12000
24-04-2020,Item-09,Roti Tawar,3,12500
13-05-2020,Item-20,Pampers Bayi Size M,1,41000
13-05-2020,null,Pampers Bayi Size M,null,41000
13-05-2020,Item-20,Pampers Bayi Size M,4,41000
14-05-2020,Item-20,Pampers Bayi Size M,3,41000
14-05-2020,Item-20,Pampers Bayi Size M,2,41000
14-05-2020,Item-20,Pampers Bayi Size M,4,41000
14-05-2020,Item-20,Pampers Bayi Size M,3,41000
14-05-2020,Item-20,Pampers Bayi Size M,1,41000
14-05-2020,Item-20,Pampers Bayi Size M,4,41000
22-04-2020,Item-07,Pembersih Lantai,3,12000
24-04-2020,Item-03,Gula Pasir Putih 1 kg,2,12500
25-04-2020,Item-17,Obat Batuk,1,5000
25-04-2020,Item-12,Beras Pulen 5 kg,2,63000
24-04-2020,Item-03,Gula Pasir Putih 1 kg,4,12500
24-04-2020,Item-03,Gula Pasir Putih 1 kg,4,12500
25-04-2020,Item-03,Gula Pasir Putih 1 kg,4,12500
25-04-2020,Item-03,Gula Pasir Putih 1 kg,3,12500
25-04-2020,Item-03,Gula Pasir Putih 1 kg,1,12500
14-05-2020,Item-20,Pampers Bayi Size M,2,41000
14-05-2020,Item-20,Pampers Bayi Size M,4,41000
25-04-2020,Item-03,Gula Pasir Putih 1 kg,2,12500
15-05-2020,Item-20,Pampers Bayi Size M,3,41000
25-04-2020,Item-03,Gula Pasir Putih 1 kg,3,12500
15-05-2020,Item-20,Pampers Bayi Size M,3,41000
15-05-2020,Item-20,Pampers Bayi Size M,1,41000
15-05-2020,Item-20,Pampers Bayi Size M,2,41000
15-05-2020,Item-20,Pampers Bayi Size M,2,41000
25-04-2020,Item-03,Gula Pasir Putih 1 kg,2,12500
15-05-2020,Item-20,Pampers Bayi Size M,4,41000
16-05-2020,Item-20,Pampers Bayi Size M,1,41000
16-05-2020,Item-20,Pampers Bayi Size M,2,41000
17-05-2020,Item-20,Pampers Bayi Size M,2,41000
10-04-2020,Item-11,Sabun Cuci Piring,2,14000
10-04-2020,Item-03,Gula Pasir Putih 1 kg,2,12500
10-04-2020,Item-11,Sabun Cuci Piring,3,14000
10-04-2020,Item-11,Sabun Cuci Piring,4,14000
19-04-2020,Item-26,Susu Bubuk 195g,7,45000
null,Item-20,Pampers Bayi Size M,2,41000
25-04-2020,Item-03,Gula Pasir Putih 1 kg,1,12500
17-05-2020,Item-20,Pampers Bayi Size M,2,41000
17-05-2020,Item-20,Pampers Bayi Size M,2,41000
17-05-2020,Item-20,Pampers Bayi Size M,2,41000
25-04-2020,Item-03,Gula Pasir Putih 1 kg,1,12500
18-05-2020,Item-20,Pampers Bayi Size M,1,41000
18-05-2020,Item-20,Pampers Bayi Size M,1,41000
26-04-2020,Item-03,Gula Pasir Putih 1 kg,1,12500
20-05-2020,Item-20,Pampers Bayi Size M,1,41000
20-05-2020,Item-20,Pampers Bayi Size M,2,41000
26-04-2020,Item-03,Gula Pasir Putih 1 kg,2,12500
26-04-2020,Item-03,Gula Pasir Putih 1 kg,4,12500
20-05-2020,Item-20,Pampers Bayi Size M,1,41000
21-05-2020,Item-20,Pampers Bayi Size M,3,41000
26-04-2020,Item-03,Gula Pasir Putih 1 kg,3,12500
21-05-2020,Item-20,Pampers Bayi Size M,4,41000
21-05-2020,Item-20,Pampers Bayi Size M,3,41000
21-05-2020,Item-20,Pampers Bayi Size M,2,41000
21-05-2020,Item-20,Pampers Bayi Size M,3,41000
26-04-2020,Item-06,Sabun Mandi Cair 100 ml,3,10500
25-04-2020,Item-05,Mi Goreng Instant,4,2600
25-04-2020,Item-05,Mi Goreng Instant,3,2600
26-04-2020,Item-05,Mi Goreng Instant,4,2600
26-04-2020,Item-05,Mi Goreng Instant,1,2600
26-04-2020,Item-05,Mi Goreng Instant,1,2600
26-04-2020,Item-05,Mi Goreng Instant,2,2600
26-04-2020,Item-05,Mi Goreng Instant,3,2600
10-04-2020,Item-11,Sabun Cuci Piring,2,14000
10-04-2020,Item-03,Gula Pasir Putih 1 kg,2,12500
10-04-2020,Item-11,Sabun Cuci Piring,3,14000
10-04-2020,Item-11,Sabun Cuci Piring,4,14000
19-04-2020,Item-26,Susu Bubuk 195g,7,45000
26-04-2020,Item-05,Mi Goreng Instant,3,2600
26-04-2020,Item-05,Mi Goreng Instant,3,2600
26-04-2020,Item-05,Mi Goreng Instant,3,2600
26-04-2020,Item-05,Mi Goreng Instant,4,2600
26-04-2020,Item-05,Mi Goreng Instant,1,2600
26-04-2020,Item-05,Mi Goreng Instant,1,2600
26-04-2020,Item-06,Sabun Mandi Cair 100 ml,2,10500
26-04-2020,Item-06,Sabun Mandi Cair 100 ml,3,10500
26-04-2020,Item-06,Sabun Mandi Cair 100 ml,1,10500
27-04-2020,Item-06,Sabun Mandi Cair 100 ml,2,10500
27-04-2020,Item-06,Sabun Mandi Cair 100 ml,1,10500
27-04-2020,Item-06,Sabun Mandi Cair 100 ml,2,10500
27-04-2020,Item-06,Sabun Mandi Cair 100 ml,2,10500
27-04-2020,Item-06,Sabun Mandi Cair 100 ml,1,10500
28-04-2020,Item-06,Sabun Mandi Cair 100 ml,2,10500
28-04-2020,Item-06,Sabun Mandi Cair 100 ml,2,10500
10-04-2020,Item-11,Sabun Cuci Piring,2,14000
10-04-2020,Item-03,Gula Pasir Putih 1 kg,2,12500
10-04-2020,Item-11,Sabun Cuci Piring,3,14000
10-04-2020,Item-11,Sabun Cuci Piring,4,14000
19-04-2020,Item-26,Susu Bubuk 195g,7,45000
28-04-2020,Item-06,Sabun Mandi Cair 100 ml,2,10500
28-04-2020,Item-06,Sabun Mandi Cair 100 ml,1,10500
28-04-2020,Item-06,Sabun Mandi Cair 100 ml,1,10500
28-04-2020,Item-06,Sabun Mandi Cair 100 ml,3,10500
28-04-2020,Item-06,Sabun Mandi Cair 100 ml,1,10500
28-04-2020,Item-06,Sabun Mandi Cair 100 ml,4,10500
28-04-2020,Item-06,Sabun Mandi Cair 100 ml,3,10500
28-04-2020,Item-06,Sabun Mandi Cair 100 ml,1,10500
26-04-2020,Item-01,Batere AA,4,12000
26-04-2020,Item-01,Batere AA,4,12000
27-04-2020,Item-01,Batere AA,2,12000
27-04-2020,Item-01,Batere AA,1,12000
28-04-2020,Item-01,Batere AA,3,12000
28-04-2020,Item-01,Batere AA,3,12000
29-04-2020,Item-01,Batere AA,2,12000
26-04-2020,Item-04,Kopi Instant,2,5200
26-04-2020,Item-04,Kopi Instant,3,5200
26-04-2020,Item-04,Kopi Instant,3,5200
26-04-2020,Item-04,Kopi Instant,1,5200
26-04-2020,Item-04,Kopi Instant,4,5200
10-04-2020,Item-11,Sabun Cuci Piring,2,14000
10-04-2020,Item-03,Gula Pasir Putih 1 kg,2,12500
10-04-2020,Item-11,Sabun Cuci Piring,3,14000
10-04-2020,Item-11,Sabun Cuci Piring,4,14000
19-04-2020,Item-26,Susu Bubuk 195g,7,45000
26-04-2020,Item-04,Kopi Instant,4,5200
26-04-2020,Item-04,Kopi Instant,2,5200
26-04-2020,Item-04,Kopi Instant,2,5200
26-04-2020,Item-04,Kopi Instant,3,5200
26-04-2020,Item-04,Kopi Instant,3,5200
26-04-2020,Item-04,Kopi Instant,3,5200
27-04-2020,Item-04,Kopi Instant,3,5200
27-04-2020,Item-04,Kopi Instant,1,5200
28-04-2020,Item-04,Kopi Instant,3,5200
28-04-2020,Item-04,Kopi Instant,2,5200
28-04-2020,Item-04,Kopi Instant,1,5200
28-04-2020,Item-04,Kopi Instant,1,5200
23-05-2020,Item-20,Pampers Bayi Size M,3,41000
23-05-2020,Item-20,Pampers Bayi Size M,4,41000
23-05-2020,Item-20,Pampers Bayi Size M,4,41000
23-05-2020,Item-20,Pampers Bayi Size M,2,41000
23-05-2020,Item-20,Pampers Bayi Size M,4,41000
30-04-2020,Item-08,Vitamin C,1,2000
26-04-2020,Item-03,Gula Pasir Putih 1 kg,2,12500
30-04-2020,Item-08,Vitamin C,2,2000
30-04-2020,Item-08,Vitamin C,2,2000
30-04-2020,Item-08,Vitamin C,1,2000
26-04-2020,Item-03,Gula Pasir Putih 1 kg,3,12500
30-04-2020,Item-08,Vitamin C,4,2000
27-04-2020,Item-03,Gula Pasir Putih 1 kg,3,12500
30-04-2020,Item-08,Vitamin C,1,2000
27-04-2020,Item-03,Gula Pasir Putih 1 kg,2,12500
30-04-2020,Item-08,Vitamin C,2,2000
28-04-2020,Item-03,Gula Pasir Putih 1 kg,2,12500
30-04-2020,Item-08,Vitamin C,2,2000
28-04-2020,Item-03,Gula Pasir Putih 1 kg,1,12500
30-04-2020,Item-08,Vitamin C,1,2000
30-04-2020,Item-08,Vitamin C,2,2000
01-05-2020,Item-08,Vitamin C,1,2000
01-05-2020,Item-08,Vitamin C,1,2000
28-04-2020,Item-03,Gula Pasir Putih 1 kg,2,12500
01-05-2020,Item-08,Vitamin C,3,2000
28-04-2020,Item-03,Gula Pasir Putih 1 kg,3,12500
30-04-2020,Item-09,Roti Tawar,3,12500
01-05-2020,Item-10,Biskuit Waver Kaleng,1,24000
30-04-2020,Item-09,Roti Tawar,1,12500
28-04-2020,Item-03,Gula Pasir Putih 1 kg,3,12500
01-05-2020,Item-10,Biskuit Waver Kaleng,3,24000
01-05-2020,Item-11,Sabun Cuci Piring,4,14000
01-05-2020,Item-11,Sabun Cuci Piring,3,14000
28-04-2020,Item-03,Gula Pasir Putih 1 kg,1,12500
01-05-2020,Item-10,Biskuit Waver Kaleng,4,24000
01-05-2020,Item-11,Sabun Cuci Piring,4,14000
01-05-2020,Item-10,Biskuit Waver Kaleng,4,24000
01-05-2020,Item-11,Sabun Cuci Piring,1,14000
28-04-2020,Item-03,Gula Pasir Putih 1 kg,1,12500
01-05-2020,Item-09,Roti Tawar,4,12500
01-05-2020,Item-09,Roti Tawar,1,12500
01-05-2020,Item-10,Biskuit Waver Kaleng,4,24000
29-04-2020,Item-03,Gula Pasir Putih 1 kg,3,12500
01-05-2020,Item-09,Roti Tawar,4,12500
01-05-2020,Item-10,Biskuit Waver Kaleng,3,24000
29-04-2020,Item-06,Sabun Mandi Cair 100 ml,3,10500
02-05-2020,Item-10,Biskuit Waver Kaleng,1,24000
25-04-2020,Item-26,Susu Bubuk 195g,8,45000
25-04-2020,Item-26,Susu Bubuk 195g,19,45000
25-04-2020,Item-26,Susu Bubuk 195g,3,45000
25-04-2020,Item-26,Susu Bubuk 195g,8,45000
23-05-2020,Item-20,Pampers Bayi Size M,2,41000
24-05-2020,Item-20,Pampers Bayi Size M,3,41000
25-05-2020,Item-20,Pampers Bayi Size M,2,41000
26-05-2020,Item-20,Pampers Bayi Size M,3,41000
10-04-2020,Item-11,Sabun Cuci Piring,2,14000
10-04-2020,Item-03,Gula Pasir Putih 1 kg,2,12500
10-04-2020,Item-11,Sabun Cuci Piring,3,14000
10-04-2020,Item-11,Sabun Cuci Piring,4,14000
19-04-2020,Item-26,Susu Bubuk 195g,7,45000
26-05-2020,Item-20,Pampers Bayi Size M,4,41000
26-05-2020,Item-20,Pampers Bayi Size M,2,41000
27-05-2020,Item-20,Pampers Bayi Size M,3,41000
27-05-2020,Item-20,Pampers Bayi Size M,1,41000
29-04-2020,Item-05,Mi Goreng Instant,1,2600
29-04-2020,Item-05,Mi Goreng Instant,2,2600
29-04-2020,Item-05,Mi Goreng Instant,1,2600
29-04-2020,Item-05,Mi Goreng Instant,3,2600
29-04-2020,Item-05,Mi Goreng Instant,1,2600
29-04-2020,Item-05,Mi Goreng Instant,2,2600
29-04-2020,Item-05,Mi Goreng Instant,3,2600
29-04-2020,Item-05,Mi Goreng Instant,4,2600
29-04-2020,Item-06,Sabun Mandi Cair 100 ml,1,10500
29-04-2020,Item-06,Sabun Mandi Cair 100 ml,4,10500
29-04-2020,Item-06,Sabun Mandi Cair 100 ml,1,10500
30-04-2020,Item-06,Sabun Mandi Cair 100 ml,4,10500
10-04-2020,Item-11,Sabun Cuci Piring,2,14000
10-04-2020,Item-03,Gula Pasir Putih 1 kg,2,12500
10-04-2020,null,null,3,
10-04-2020,Item-11,Sabun Cuci Piring,4,14000
19-04-2020,Item-26,Susu Bubuk 195g,7,45000
30-04-2020,Item-06,Sabun Mandi Cair 100 ml,4,10500
30-04-2020,Item-06,Sabun Mandi Cair 100 ml,3,10500
30-04-2020,Item-06,Sabun Mandi Cair 100 ml,2,10500
30-04-2020,Item-06,Sabun Mandi Cair 100 ml,2,10500
30-04-2020,Item-06,Sabun Mandi Cair 100 ml,2,10500
30-04-2020,Item-06,Sabun Mandi Cair 100 ml,2,10500
30-04-2020,Item-06,Sabun Mandi Cair 100 ml,3,10500
02-05-2020,Item-06,Sabun Mandi Cair 100 ml,4,10500
29-04-2020,Item-01,Batere AA,1,12000
30-04-2020,Item-01,Batere AA,2,12000
30-04-2020,Item-01,Batere AA,3,12000
30-04-2020,Item-01,Batere AA,1,12000
30-04-2020,Item-01,Batere AA,4,12000
01-05-2020,Item-01,Batere AA,3,12000
01-05-2020,Item-01,Batere AA,3,12000
29-04-2020,Item-04,Kopi Instant,3,5200
29-04-2020,Item-04,Kopi Instant,2,5200
29-04-2020,Item-04,Kopi Instant,2,5200
29-04-2020,Item-04,Kopi Instant,3,5200
29-04-2020,Item-04,Kopi Instant,4,5200
29-04-2020,Item-04,Kopi Instant,3,5200
01-05-2020,Item-09,Roti Tawar,1,12500
01-05-2020,Item-09,Roti Tawar,4,12500
01-05-2020,Item-09,Roti Tawar,2,12500
01-05-2020,Item-09,Roti Tawar,1,12500
01-05-2020,Item-09,Roti Tawar,3,12500
02-05-2020,Item-09,Roti Tawar,1,12500
02-05-2020,Item-09,Roti Tawar,3,12500
28-05-2020,Item-20,Pampers Bayi Size M,4,41000
28-05-2020,Item-20,Pampers Bayi Size M,4,41000
29-05-2020,Item-20,Pampers Bayi Size M,3,41000
29-05-2020,Item-20,Pampers Bayi Size M,1,41000
29-05-2020,Item-20,Pampers Bayi Size M,2,41000
29-05-2020,Item-20,Pampers Bayi Size M,4,41000
29-04-2020,Item-07,Pembersih Lantai,2,12000
29-04-2020,Item-07,Pembersih Lantai,1,12000
29-04-2020,Item-07,Pembersih Lantai,1,12000
30-04-2020,Item-07,Pembersih Lantai,3,12000
02-05-2020,Item-10,Biskuit Waver Kaleng,4,24000
29-04-2020,Item-03,Gula Pasir Putih 1 kg,1,12500
02-05-2020,Item-10,Biskuit Waver Kaleng,4,24000
02-05-2020,Item-10,Biskuit Waver Kaleng,2,24000
29-04-2020,Item-03,Gula Pasir Putih 1 kg,2,12500
02-05-2020,Item-10,Biskuit Waver Kaleng,2,24000
02-05-2020,Item-10,Biskuit Waver Kaleng,2,24000
02-05-2020,Item-10,Biskuit Waver Kaleng,1,24000
29-04-2020,Item-03,Gula Pasir Putih 1 kg,3,12500
02-05-2020,Item-10,Biskuit Waver Kaleng,1,24000
02-05-2020,Item-10,Biskuit Waver Kaleng,4,24000
02-05-2020,Item-10,Biskuit Waver Kaleng,3,24000
29-04-2020,Item-03,Gula Pasir Putih 1 kg,3,12500
03-05-2020,Item-09,Roti Tawar,1,12500
29-04-2020,Item-03,Gula Pasir Putih 1 kg,1,12500
02-05-2020,Item-09,Roti Tawar,3,12500
02-05-2020,Item-09,Roti Tawar,1,12500
02-05-2020,Item-09,Roti Tawar,4,12500
29-04-2020,Item-03,Gula Pasir Putih 1 kg,4,12500
29-04-2020,Item-03,Gula Pasir Putih 1 kg,1,12500
02-05-2020,Item-09,Roti Tawar,1,12500
29-04-2020,Item-03,Gula Pasir Putih 1 kg,1,12500
02-05-2020,Item-09,Roti Tawar,4,12500
30-04-2020,Item-03,Gula Pasir Putih 1 kg,3,12500
02-05-2020,Item-09,Roti Tawar,4,12500
02-05-2020,Item-09,Roti Tawar,4,12500
30-04-2020,Item-03,Gula Pasir Putih 1 kg,2,12500
02-05-2020,Item-09,Roti Tawar,2,12500
30-04-2020,Item-03,Gula Pasir Putih 1 kg,1,12500
03-05-2020,Item-09,Roti Tawar,1,12500
30-04-2020,Item-03,Gula Pasir Putih 1 kg,2,12500
03-05-2020,Item-09,Roti Tawar,2,12500
03-05-2020,Item-09,Roti Tawar,4,12500
30-04-2020,Item-03,Gula Pasir Putih 1 kg,3,12500
03-05-2020,Item-09,Roti Tawar,1,12500
03-05-2020,Item-09,Roti Tawar,4,12500
03-05-2020,Item-09,Roti Tawar,2,12500
03-05-2020,Item-09,Roti Tawar,3,12500
03-05-2020,Item-09,Roti Tawar,1,12500
30-04-2020,Item-03,Gula Pasir Putih 1 kg,2,12500
29-05-2020,Item-20,Pampers Bayi Size M,4,41000
29-05-2020,Item-20,Pampers Bayi Size M,3,41000
30-05-2020,Item-20,Pampers Bayi Size M,2,41000
02-05-2020,Item-06,Sabun Mandi Cair 100 ml,3,10500
02-05-2020,Item-06,Sabun Mandi Cair 100 ml,4,10500
30-05-2020,Item-20,Pampers Bayi Size M,4,41000
30-05-2020,Item-20,Pampers Bayi Size M,1,41000
31-05-2020,Item-20,Pampers Bayi Size M,2,41000
01-06-2020,Item-20,Pampers Bayi Size M,4,41000
02-06-2020,Item-20,Pampers Bayi Size M,3,41000
02-06-2020,Item-20,Pampers Bayi Size M,3,41000
28-04-2020,Item-20,Pampers Bayi Size M,2,41000
28-04-2020,Item-20,Pampers Bayi Size M,3,41000
28-04-2020,Item-20,Pampers Bayi Size M,1,41000
28-04-2020,Item-20,Pampers Bayi Size M,2,41000
28-04-2020,Item-20,Pampers Bayi Size M,2,41000
28-04-2020,Item-20,Pampers Bayi Size M,1,41000
29-04-2020,Item-20,Pampers Bayi Size M,1,41000
29-04-2020,Item-20,Pampers Bayi Size M,2,41000
29-04-2020,Item-20,Pampers Bayi Size M,3,41000
29-04-2020,Item-20,Pampers Bayi Size M,3,41000
03-05-2020,Item-02,Bawang Putih 200 gram,3,15000
04-05-2020,Item-05,Mi Goreng Instant,2,2600
04-05-2020,Item-05,Mi Goreng Instant,4,2600
04-05-2020,Item-05,Mi Goreng Instant,2,2600
04-05-2020,Item-05,Mi Goreng Instant,3,2600
05-05-2020,Item-05,Mi Goreng Instant,4,2600
05-05-2020,Item-05,Mi Goreng Instant,1,2600
null,null,null,null,null
null,null,null,null,null
null,null,null,null,null
null,null,null,null,null
10-04-2020,Item-11,Sabun Cuci Piring,2,14000
10-04-2020,Item-03,Gula Pasir Putih 1 kg,2,12500
10-04-2020,Item-11,Sabun Cuci Piring,3,14000
10-04-2020,Item-11,Sabun Cuci Piring,4,14000
19-04-2020,Item-26,Susu Bubuk 195g,7,45000
05-05-2020,Item-05,Mi Goreng Instant,1,2600
05-05-2020,Item-05,Mi Goreng Instant,2,2600
05-05-2020,Item-05,Mi Goreng Instant,2,2600
05-05-2020,Item-05,Mi Goreng Instant,2,2600
05-05-2020,Item-05,Mi Goreng Instant,1,2600
05-05-2020,Item-05,Mi Goreng Instant,1,2600
02-05-2020,Item-06,Sabun Mandi Cair 100 ml,2,10500
02-05-2020,Item-06,Sabun Mandi Cair 100 ml,2,10500
03-05-2020,Item-06,Sabun Mandi Cair 100 ml,1,10500
03-05-2020,Item-06,Sabun Mandi Cair 100 ml,3,10500
03-05-2020,Item-06,Sabun Mandi Cair 100 ml,2,10500
03-05-2020,Item-06,Sabun Mandi Cair 100 ml,2,10500
03-05-2020,Item-06,Sabun Mandi Cair 100 ml,4,10500
03-05-2020,Item-06,Sabun Mandi Cair 100 ml,1,10500
03-05-2020,Item-01,Batere AA,3,12000
03-05-2020,Item-01,Batere AA,2,12000
05-05-2020,Item-01,Batere AA,1,12000
05-05-2020,Item-01,Batere AA,2,12000
05-05-2020,Item-01,Batere AA,3,12000
06-05-2020,Item-01,Batere AA,1,12000
03-05-2020,Item-04,Kopi Instant,4,5200
03-05-2020,Item-04,Kopi Instant,2,5200
03-05-2020,Item-04,Kopi Instant,3,5200
03-05-2020,Item-04,Kopi Instant,3,5200
03-05-2020,Item-04,Kopi Instant,2,5200
03-05-2020,Item-04,Kopi Instant,2,5200
03-05-2020,Item-04,Kopi Instant,4,5200
10-04-2020,Item-11,Sabun Cuci Piring,2,14000
10-04-2020,Item-03,Gula Pasir Putih 1 kg,2,12500
10-04-2020,Item-11,Sabun Cuci Piring,3,14000
10-04-2020,Item-11,Sabun Cuci Piring,4,14000
19-04-2020,Item-26,Susu Bubuk 195g,7,45000
03-05-2020,Item-04,Kopi Instant,1,5200
03-05-2020,Item-04,Kopi Instant,4,5200
04-05-2020,Item-04,Kopi Instant,3,5200
04-05-2020,Item-04,Kopi Instant,2,5200
04-05-2020,Item-04,Kopi Instant,2,5200
04-05-2020,Item-04,Kopi Instant,4,5200
05-05-2020,Item-04,Kopi Instant,1,5200
05-05-2020,Item-04,Kopi Instant,1,5200
05-05-2020,Item-04,Kopi Instant,4,5200
30-04-2020,Item-03,Gula Pasir Putih 1 kg,3,12500
30-04-2020,Item-03,Gula Pasir Putih 1 kg,2,12500
01-05-2020,Item-03,Gula Pasir Putih 1 kg,4,12500
01-05-2020,Item-03,Gula Pasir Putih 1 kg,4,12500
01-05-2020,Item-03,Gula Pasir Putih 1 kg,1,12500
01-05-2020,Item-03,Gula Pasir Putih 1 kg,1,12500
07-05-2020,Item-08,Vitamin C,4,2000
08-05-2020,Item-08,Vitamin C,2,2000
04-05-2020,Item-03,Gula Pasir Putih 1 kg,3,12500
08-05-2020,Item-08,Vitamin C,1,2000
04-05-2020,Item-03,Gula Pasir Putih 1 kg,1,12500
08-05-2020,Item-08,Vitamin C,4,2000
08-05-2020,Item-08,Vitamin C,3,2000
04-05-2020,Item-03,Gula Pasir Putih 1 kg,1,12500
08-05-2020,Item-08,Vitamin C,1,2000
04-05-2020,Item-03,Gula Pasir Putih 1 kg,3,12500
08-05-2020,Item-08,Vitamin C,4,2000
05-05-2020,Item-03,Gula Pasir Putih 1 kg,3,12500
08-05-2020,Item-08,Vitamin C,3,2000
08-05-2020,Item-08,Vitamin C,1,2000
05-05-2020,Item-03,Gula Pasir Putih 1 kg,3,12500
05-05-2020,Item-20,Pampers Bayi Size M,3,41000
05-05-2020,Item-03,Gula Pasir Putih 1 kg,3,12500
05-05-2020,Item-03,Gula Pasir Putih 1 kg,2,12500
05-05-2020,Item-03,Gula Pasir Putih 1 kg,3,12500
05-05-2020,Item-03,Gula Pasir Putih 1 kg,4,12500
05-05-2020,Item-20,Pampers Bayi Size M,1,41000
06-05-2020,Item-03,Gula Pasir Putih 1 kg,3,12500
06-05-2020,Item-03,Gula Pasir Putih 1 kg,2,12500
05-05-2020,Item-20,Pampers Bayi Size M,2,41000
06-05-2020,Item-03,Gula Pasir Putih 1 kg,2,12500
06-05-2020,Item-03,Gula Pasir Putih 1 kg,4,12500
05-05-2020,Item-20,Pampers Bayi Size M,3,41000
06-05-2020,Item-03,Gula Pasir Putih 1 kg,3,12500
06-05-2020,Item-03,Gula Pasir Putih 1 kg,3,12500
05-05-2020,Item-20,Pampers Bayi Size M,2,41000
07-05-2020,Item-03,Gula Pasir Putih 1 kg,1,12500
07-05-2020,Item-06,Sabun Mandi Cair 100 ml,2,10500
06-05-2020,Item-20,Pampers Bayi Size M,1,41000
07-05-2020,Item-06,Sabun Mandi Cair 100 ml,3,10500
06-05-2020,Item-05,Mi Goreng Instant,1,2600
06-05-2020,Item-05,Mi Goreng Instant,2,2600
06-05-2020,Item-05,Mi Goreng Instant,1,2600
06-05-2020,Item-05,Mi Goreng Instant,1,2600
06-05-2020,Item-05,Mi Goreng Instant,3,2600
06-05-2020,Item-05,Mi Goreng Instant,3,2600
06-05-2020,Item-05,Mi Goreng Instant,2,2600
07-05-2020,Item-05,Mi Goreng Instant,1,2600
07-05-2020,Item-05,Mi Goreng Instant,4,2600
07-05-2020,Item-05,Mi Goreng Instant,1,2600
07-05-2020,Item-05,Mi Goreng Instant,4,2600
07-05-2020,Item-05,Mi Goreng Instant,4,2600
07-05-2020,Item-05,Mi Goreng Instant,2,2600
07-05-2020,Item-05,Mi Goreng Instant,4,2600
07-05-2020,Item-05,Mi Goreng Instant,1,2600
07-05-2020,Item-05,Mi Goreng Instant,3,2600
07-05-2020,Item-05,Mi Goreng Instant,2,2600
07-05-2020,Item-06,Sabun Mandi Cair 100 ml,1,10500
07-05-2020,Item-06,Sabun Mandi Cair 100 ml,4,10500
07-05-2020,Item-06,Sabun Mandi Cair 100 ml,3,10500
07-05-2020,Item-06,Sabun Mandi Cair 100 ml,2,10500
07-05-2020,Item-06,Sabun Mandi Cair 100 ml,1,10500
07-05-2020,Item-06,Sabun Mandi Cair 100 ml,1,10500
07-05-2020,Item-06,Sabun Mandi Cair 100 ml,4,10500
07-05-2020,Item-06,Sabun Mandi Cair 100 ml,2,10500
07-05-2020,Item-06,Sabun Mandi Cair 100 ml,4,10500
09-05-2020,Item-06,Sabun Mandi Cair 100 ml,4,10500
09-05-2020,Item-06,Sabun Mandi Cair 100 ml,1,10500
09-05-2020,Item-06,Sabun Mandi Cair 100 ml,1,10500
09-05-2020,Item-06,Sabun Mandi Cair 100 ml,1,10500
09-05-2020,Item-06,Sabun Mandi Cair 100 ml,4,10500
06-05-2020,Item-01,Batere AA,2,12000
06-05-2020,Item-01,Batere AA,4,12000
07-05-2020,Item-01,Batere AA,2,12000
07-05-2020,Item-01,Batere AA,4,12000
07-05-2020,Item-01,Batere AA,3,12000
07-05-2020,Item-01,Batere AA,1,12000
07-05-2020,Item-01,Batere AA,4,12000
09-05-2020,Item-01,Batere AA,4,12000
06-05-2020,Item-04,Kopi Instant,4,5200
06-05-2020,Item-04,Kopi Instant,1,5200
06-05-2020,Item-04,Kopi Instant,2,5200
06-05-2020,Item-04,Kopi Instant,1,5200
06-05-2020,Item-04,Kopi Instant,1,5200
06-05-2020,Item-04,Kopi Instant,2,5200
07-05-2020,Item-04,Kopi Instant,1,5200
03-06-2020,Item-20,Pampers Bayi Size M,1,41000
03-06-2020,Item-20,Pampers Bayi Size M,2,41000
03-06-2020,Item-20,Pampers Bayi Size M,1,41000
04-06-2020,Item-20,Pampers Bayi Size M,1,41000
05-06-2020,Item-20,Pampers Bayi Size M,2,41000
05-06-2020,Item-20,Pampers Bayi Size M,1,41000
05-06-2020,Item-20,Pampers Bayi Size M,2,41000
06-06-2020,Item-20,Pampers Bayi Size M,1,41000
25-04-2020,Item-26,Susu Bubuk 195g,1,45000
26-04-2020,Item-26,Susu Bubuk 195g,13,45000
26-04-2020,Item-26,Susu Bubuk 195g,19,45000
27-04-2020,Item-26,Susu Bubuk 195g,2,45000
27-04-2020,Item-26,Susu Bubuk 195g,17,45000
28-04-2020,Item-26,Susu Bubuk 195g,1,45000
28-04-2020,Item-26,Susu Bubuk 195g,16,45000
29-04-2020,Item-26,Susu Bubuk 195g,19,45000
07-05-2020,Item-03,Gula Pasir Putih 1 kg,2,12500
07-05-2020,Item-03,Gula Pasir Putih 1 kg,1,12500
07-05-2020,Item-03,Gula Pasir Putih 1 kg,2,12500
07-05-2020,Item-03,Gula Pasir Putih 1 kg,3,12500
07-05-2020,Item-03,Gula Pasir Putih 1 kg,4,12500
07-05-2020,Item-03,Gula Pasir Putih 1 kg,2,12500
07-05-2020,Item-03,Gula Pasir Putih 1 kg,2,12500
11-05-2020,Item-08,Vitamin C,3,2000
07-05-2020,Item-03,Gula Pasir Putih 1 kg,3,12500
11-05-2020,Item-09,Roti Tawar,2,12500
12-05-2020,Item-09,Roti Tawar,2,12500
29-04-2020,Item-26,Susu Bubuk 195g,4,45000
07-05-2020,Item-03,Gula Pasir Putih 1 kg,4,12500
12-05-2020,Item-09,Roti Tawar,2,12500
12-05-2020,Item-09,Roti Tawar,1,12500
07-05-2020,Item-03,Gula Pasir Putih 1 kg,1,12500
12-05-2020,Item-09,Roti Tawar,2,12500
30-04-2020,Item-26,Susu Bubuk 195g,3,45000
20-04-2020,Item-27,Bedak Bayi,19,25000
08-05-2020,Item-03,Gula Pasir Putih 1 kg,1,12500
09-05-2020,Item-03,Gula Pasir Putih 1 kg,2,12500
06-06-2020,Item-20,Pampers Bayi Size M,1,41000
09-05-2020,Item-03,Gula Pasir Putih 1 kg,1,12500
09-05-2020,Item-03,Gula Pasir Putih 1 kg,1,12500
07-06-2020,Item-20,Pampers Bayi Size M,4,41000
09-05-2020,Item-03,Gula Pasir Putih 1 kg,1,12500
10-05-2020,Item-03,Gula Pasir Putih 1 kg,3,12500
08-06-2020,Item-20,Pampers Bayi Size M,1,41000
10-05-2020,Item-03,Gula Pasir Putih 1 kg,1,12500
10-05-2020,Item-03,Gula Pasir Putih 1 kg,3,12500
08-06-2020,Item-20,Pampers Bayi Size M,1,41000
10-05-2020,Item-03,Gula Pasir Putih 1 kg,2,12500
11-05-2020,Item-03,Gula Pasir Putih 1 kg,3,12500
08-06-2020,Item-20,Pampers Bayi Size M,3,41000
11-05-2020,Item-03,Gula Pasir Putih 1 kg,2,12500
,,,,
,,,,
,,,,
null,null,null,null,null
11-05-2020,Item-03,Gula Pasir Putih 1 kg,1,12500
11-05-2020,Item-03,Gula Pasir Putih 1 kg,3,12500
11-06-2020,Item-20,Pampers Bayi Size M,3,41000
09-05-2020,Item-06,Sabun Mandi Cair 100 ml,4,10500
10-05-2020,Item-06,Sabun Mandi Cair 100 ml,2,10500
11-06-2020,Item-20,Pampers Bayi Size M,3,41000
14-05-2020,Item-21,Shampoo Sachet,3,1000
20-05-2020,Item-21,Shampoo Sachet,2,1000
10-04-2020,Item-21,Shampoo Sachet,3,1000
11-04-2020,Item-21,Shampoo Sachet,1,1000
11-04-2020,Item-21,Shampoo Sachet,2,1000
09-05-2020,Item-05,Mi Goreng Instant,2,2600
10-05-2020,Item-05,Mi Goreng Instant,4,2600
10-05-2020,Item-05,Mi Goreng Instant,1,2600
10-05-2020,Item-05,Mi Goreng Instant,1,2600
10-05-2020,Item-05,Mi Goreng Instant,4,2600
10-05-2020,Item-05,Mi Goreng Instant,1,2600
10-05-2020,Item-05,Mi Goreng Instant,2,2600
11-05-2020,Item-05,Mi Goreng Instant,3,2600
11-05-2020,Item-05,Mi Goreng Instant,3,2600
11-05-2020,Item-05,Mi Goreng Instant,1,2600
11-05-2020,Item-05,Mi Goreng Instant,4,2600
10-05-2020,Item-06,Sabun Mandi Cair 100 ml,3,10500
10-05-2020,Item-06,Sabun Mandi Cair 100 ml,2,10500
10-05-2020,Item-06,Sabun Mandi Cair 100 ml,4,10500
10-05-2020,Item-06,Sabun Mandi Cair 100 ml,2,10500
10-05-2020,Item-06,Sabun Mandi Cair 100 ml,2,10500
10-05-2020,Item-06,Sabun Mandi Cair 100 ml,1,10500
10-05-2020,Item-06,Sabun Mandi Cair 100 ml,3,10500
10-05-2020,Item-06,Sabun Mandi Cair 100 ml,4,10500
11-05-2020,Item-06,Sabun Mandi Cair 100 ml,1,10500
11-05-2020,Item-06,Sabun Mandi Cair 100 ml,2,10500
11-05-2020,Item-06,Sabun Mandi Cair 100 ml,4,10500
11-05-2020,Item-06,Sabun Mandi Cair 100 ml,3,10500
11-05-2020,Item-06,Sabun Mandi Cair 100 ml,2,10500
11-05-2020,Item-06,Sabun Mandi Cair 100 ml,1,10500
11-05-2020,Item-06,Sabun Mandi Cair 100 ml,1,10500
11-05-2020,Item-06,Sabun Mandi Cair 100 ml,4,10500
12-05-2020,Item-06,Sabun Mandi Cair 100 ml,4,10500
10-05-2020,Item-01,Batere AA,1,12000
10-05-2020,Item-01,Batere AA,4,12000
10-05-2020,Item-01,Batere AA,2,12000
10-05-2020,Item-01,Batere AA,2,12000
11-05-2020,Item-01,Batere AA,3,12000
12-05-2020,Item-01,Batere AA,2,12000
12-05-2020,Item-01,Batere AA,3,12000
14-05-2020,Item-01,Batere AA,2,12000
13-05-2020,Item-04,Kopi Instant,1,5200
13-05-2020,Item-04,Kopi Instant,2,5200
13-05-2020,Item-04,Kopi Instant,4,5200
14-05-2020,Item-04,Kopi Instant,3,5200
14-05-2020,Item-04,Kopi Instant,2,5200
14-05-2020,Item-04,Kopi Instant,4,5200
14-05-2020,Item-04,Kopi Instant,3,5200
16-06-2020,Item-20,Pampers Bayi Size M,4,41000
21-06-2020,Item-20,Pampers Bayi Size M,3,41000
03-05-2020,Item-21,Shampoo Sachet,3,1000
13-04-2020,Item-21,Shampoo Sachet,4,1000
13-04-2020,Item-21,Shampoo Sachet,3,1000
14-04-2020,Item-21,Shampoo Sachet,2,1000
14-04-2020,Item-21,Shampoo Sachet,3,1000
14-04-2020,Item-21,Shampoo Sachet,3,1000
14-04-2020,Item-21,Shampoo Sachet,4,1000
15-04-2020,Item-21,Shampoo Sachet,1,1000
16-04-2020,Item-21,Shampoo Sachet,3,1000
17-04-2020,Item-21,Shampoo Sachet,1,1000
17-04-2020,Item-21,Shampoo Sachet,3,1000
11-05-2020,Item-03,Gula Pasir Putih 1 kg,3,12500
12-05-2020,Item-03,Gula Pasir Putih 1 kg,3,12500
12-05-2020,Item-03,Gula Pasir Putih 1 kg,2,12500
12-05-2020,Item-03,Gula Pasir Putih 1 kg,2,12500
12-05-2020,Item-03,Gula Pasir Putih 1 kg,4,12500
13-05-2020,Item-03,Gula Pasir Putih 1 kg,2,12500
13-05-2020,Item-03,Gula Pasir Putih 1 kg,3,12500
13-05-2020,Item-03,Gula Pasir Putih 1 kg,3,12500
14-05-2020,Item-03,Gula Pasir Putih 1 kg,3,12500
14-05-2020,Item-03,Gula Pasir Putih 1 kg,2,12500
14-05-2020,Item-03,Gula Pasir Putih 1 kg,2,12500
14-05-2020,Item-03,Gula Pasir Putih 1 kg,1,12500
14-05-2020,Item-03,Gula Pasir Putih 1 kg,3,12500
14-05-2020,Item-03,Gula Pasir Putih 1 kg,2,12500
14-05-2020,Item-03,Gula Pasir Putih 1 kg,1,12500
15-05-2020,Item-03,Gula Pasir Putih 1 kg,2,12500
15-05-2020,Item-03,Gula Pasir Putih 1 kg,2,12500
15-05-2020,Item-03,Gula Pasir Putih 1 kg,4,12500
15-05-2020,Item-03,Gula Pasir Putih 1 kg,3,12500
16-05-2020,Item-03,Gula Pasir Putih 1 kg,1,12500
18-05-2020,Item-08,Vitamin C,3,2000
16-05-2020,Item-03,Gula Pasir Putih 1 kg,1,12500
17-05-2020,Item-03,Gula Pasir Putih 1 kg,4,12500
19-05-2020,Item-08,Vitamin C,3,2000
17-05-2020,Item-03,Gula Pasir Putih 1 kg,1,12500
19-05-2020,Item-08,Vitamin C,3,2000
17-05-2020,Item-03,Gula Pasir Putih 1 kg,2,12500
19-05-2020,Item-08,Vitamin C,1,2000
17-05-2020,Item-03,Gula Pasir Putih 1 kg,3,12500
17-04-2020,Item-21,Shampoo Sachet,1,1000
18-05-2020,Item-03,Gula Pasir Putih 1 kg,1,12500
18-05-2020,Item-03,Gula Pasir Putih 1 kg,3,12500
17-04-2020,Item-21,Shampoo Sachet,2,1000
18-05-2020,Item-06,Sabun Mandi Cair 100 ml,2,10500
18-05-2020,Item-06,Sabun Mandi Cair 100 ml,1,10500
14-05-2020,Item-02,Bawang Putih 200 gram,3,15000
14-05-2020,Item-05,Mi Goreng Instant,2,2600
14-05-2020,Item-05,Mi Goreng Instant,3,2600
14-05-2020,Item-05,Mi Goreng Instant,2,2600
14-05-2020,Item-05,Mi Goreng Instant,4,2600
14-05-2020,Item-05,Mi Goreng Instant,4,2600
15-05-2020,Item-05,Mi Goreng Instant,4,2600
15-05-2020,Item-05,Mi Goreng Instant,2,2600
15-05-2020,Item-05,Mi Goreng Instant,2,2600
15-05-2020,Item-05,Mi Goreng Instant,3,2600
15-05-2020,Item-05,Mi Goreng Instant,4,2600
15-05-2020,Item-05,Mi Goreng Instant,4,2600
16-05-2020,Item-05,Mi Goreng Instant,1,2600
16-05-2020,Item-05,Mi Goreng Instant,1,2600
16-05-2020,Item-05,Mi Goreng Instant,4,2600
17-05-2020,Item-05,Mi Goreng Instant,2,2600
18-05-2020,Item-06,Sabun Mandi Cair 100 ml,2,10500
18-05-2020,Item-06,Sabun Mandi Cair 100 ml,2,10500
18-05-2020,Item-06,Sabun Mandi Cair 100 ml,2,10500
19-05-2020,Item-06,Sabun Mandi Cair 100 ml,3,10500
19-05-2020,Item-06,Sabun Mandi Cair 100 ml,1,10500
19-05-2020,Item-06,Sabun Mandi Cair 100 ml,2,10500
19-05-2020,Item-06,Sabun Mandi Cair 100 ml,4,10500
15-05-2020,Item-01,Batere AA,3,12000
15-05-2020,Item-01,Batere AA,4,12000
16-05-2020,Item-01,Batere AA,1,12000
17-05-2020,Item-01,Batere AA,1,12000
17-05-2020,Item-01,Batere AA,1,12000
18-05-2020,Item-01,Batere AA,3,12000
18-05-2020,Item-01,Batere AA,1,12000
14-05-2020,Item-04,Kopi Instant,1,5200
14-05-2020,Item-04,Kopi Instant,4,5200
14-05-2020,Item-04,Kopi Instant,2,5200
14-05-2020,Item-04,Kopi Instant,4,5200
15-05-2020,Item-04,Kopi Instant,3,5200
15-05-2020,Item-04,Kopi Instant,3,5200
15-05-2020,Item-04,Kopi Instant,1,5200
15-05-2020,Item-04,Kopi Instant,2,5200
15-05-2020,Item-04,Kopi Instant,2,5200
10-04-2020,Item-11,Sabun Cuci Piring,2,14000
10-04-2020,Item-03,Gula Pasir Putih 1 kg,2,12500
10-04-2020,Item-11,Sabun Cuci Piring,3,14000
10-04-2020,Item-11,Sabun Cuci Piring,4,14000
19-04-2020,Item-26,Susu Bubuk 195g,7,45000
15-05-2020,Item-04,Kopi Instant,4,5200
16-05-2020,Item-04,Kopi Instant,1,5200
16-05-2020,Item-04,Kopi Instant,2,5200
17-05-2020,Item-04,Kopi Instant,2,5200
17-05-2020,Item-04,Kopi Instant,2,5200
17-05-2020,Item-04,Kopi Instant,2,5200
17-05-2020,Item-04,Kopi Instant,2,5200
17-05-2020,Item-04,Kopi Instant,2,5200
18-05-2020,Item-04,Kopi Instant,1,5200
18-05-2020,Item-04,Kopi Instant,1,5200
18-04-2020,Item-21,Shampoo Sachet,4,1000
19-04-2020,Item-21,Shampoo Sachet,1,1000
19-04-2020,Item-21,Shampoo Sachet,1,1000
19-04-2020,Item-21,Shampoo Sachet,2,1000
19-04-2020,Item-21,Shampoo Sachet,1,1000
10-04-2020,Item-11,Sabun Cuci Piring,2,14000
10-04-2020,Item-03,Gula Pasir Putih 1 kg,2,12500
10-04-2020,Item-11,Sabun Cuci Piring,3,14000
10-04-2020,Item-11,Sabun Cuci Piring,4,14000
19-04-2020,Item-26,Susu Bubuk 195g,7,45000
19-04-2020,Item-21,Shampoo Sachet,3,1000
19-04-2020,Item-21,Shampoo Sachet,4,1000
19-04-2020,Item-21,Shampoo Sachet,3,1000
20-04-2020,Item-21,Shampoo Sachet,4,1000
20-04-2020,Item-21,Shampoo Sachet,4,1000
20-04-2020,Item-21,Shampoo Sachet,1,1000
20-04-2020,Item-21,Shampoo Sachet,4,1000
20-04-2020,Item-21,Shampoo Sachet,2,1000
20-04-2020,Item-21,Shampoo Sachet,3,1000
21-04-2020,Item-21,Shampoo Sachet,2,1000
30-04-2020,Item-26,Susu Bubuk 195g,4,45000
30-04-2020,Item-26,Susu Bubuk 195g,8,45000
30-04-2020,Item-26,Susu Bubuk 195g,12,45000
30-04-2020,Item-26,Susu Bubuk 195g,6,45000
18-05-2020,Item-03,Gula Pasir Putih 1 kg,1,12500
18-05-2020,Item-03,Gula Pasir Putih 1 kg,4,12500
18-05-2020,Item-03,Gula Pasir Putih 1 kg,1,12500
18-05-2020,Item-03,Gula Pasir Putih 1 kg,1,12500
19-05-2020,Item-03,Gula Pasir Putih 1 kg,1,12500
19-05-2020,Item-03,Gula Pasir Putih 1 kg,3,12500
19-05-2020,Item-03,Gula Pasir Putih 1 kg,2,12500
20-05-2020,Item-03,Gula Pasir Putih 1 kg,2,12500
20-05-2020,Item-03,Gula Pasir Putih 1 kg,2,12500
21-05-2020,Item-03,Gula Pasir Putih 1 kg,3,12500
21-05-2020,Item-03,Gula Pasir Putih 1 kg,4,12500
21-05-2020,Item-03,Gula Pasir Putih 1 kg,1,12500
21-05-2020,Item-03,Gula Pasir Putih 1 kg,3,12500
21-05-2020,Item-03,Gula Pasir Putih 1 kg,4,12500
23-05-2020,Item-03,Gula Pasir Putih 1 kg,3,12500
23-05-2020,Item-03,Gula Pasir Putih 1 kg,3,12500
23-05-2020,Item-03,Gula Pasir Putih 1 kg,3,12500
23-05-2020,Item-03,Gula Pasir Putih 1 kg,2,12500
24-05-2020,Item-03,Gula Pasir Putih 1 kg,4,12500
25-05-2020,Item-03,Gula Pasir Putih 1 kg,2,12500
25-05-2020,Item-03,Gula Pasir Putih 1 kg,4,12500
26-05-2020,Item-03,Gula Pasir Putih 1 kg,2,12500
26-05-2020,Item-03,Gula Pasir Putih 1 kg,3,12500
19-05-2020,Item-06,Sabun Mandi Cair 100 ml,2,10500
19-05-2020,Item-06,Sabun Mandi Cair 100 ml,4,10500
20-05-2020,Item-06,Sabun Mandi Cair 100 ml,1,10500
20-05-2020,Item-06,Sabun Mandi Cair 100 ml,1,10500
20-05-2020,Item-06,Sabun Mandi Cair 100 ml,1,10500
20-05-2020,Item-06,Sabun Mandi Cair 100 ml,2,10500
20-05-2020,Item-06,Sabun Mandi Cair 100 ml,4,10500
20-05-2020,Item-06,Sabun Mandi Cair 100 ml,3,10500
20-05-2020,Item-02,Bawang Putih 200 gram,2,15000
19-05-2020,Item-05,Mi Goreng Instant,2,2600
20-05-2020,Item-05,Mi Goreng Instant,1,2600
20-05-2020,Item-05,Mi Goreng Instant,1,2600
20-05-2020,Item-05,Mi Goreng Instant,1,2600
20-05-2020,Item-05,Mi Goreng Instant,3,2600
20-05-2020,Item-05,Mi Goreng Instant,2,2600
20-05-2020,Item-05,Mi Goreng Instant,1,2600
20-05-2020,Item-05,Mi Goreng Instant,3,2600
21-05-2020,Item-05,Mi Goreng Instant,3,2600
21-05-2020,Item-05,Mi Goreng Instant,2,2600
20-05-2020,Item-06,Sabun Mandi Cair 100 ml,2,10500
20-05-2020,Item-06,Sabun Mandi Cair 100 ml,2,10500
21-05-2020,Item-06,Sabun Mandi Cair 100 ml,4,10500
21-05-2020,Item-06,Sabun Mandi Cair 100 ml,1,10500
21-05-2020,Item-06,Sabun Mandi Cair 100 ml,3,10500
21-05-2020,Item-06,Sabun Mandi Cair 100 ml,3,10500
21-05-2020,Item-06,Sabun Mandi Cair 100 ml,2,10500
21-05-2020,Item-06,Sabun Mandi Cair 100 ml,2,10500
21-05-2020,Item-06,Sabun Mandi Cair 100 ml,3,10500
22-05-2020,Item-06,Sabun Mandi Cair 100 ml,4,10500
22-05-2020,Item-06,Sabun Mandi Cair 100 ml,4,10500
25-05-2020,Item-06,Sabun Mandi Cair 100 ml,1,10500
24-05-2020,Item-01,Batere AA,3,12000
25-05-2020,Item-01,Batere AA,2,12000
26-05-2020,Item-01,Batere AA,1,12000
20-05-2020,Item-04,Kopi Instant,1,5200
20-05-2020,Item-04,Kopi Instant,2,5200
20-05-2020,Item-04,Kopi Instant,1,5200
21-05-2020,Item-04,Kopi Instant,3,5200
21-05-2020,Item-04,Kopi Instant,4,5200
21-05-2020,Item-04,Kopi Instant,3,5200
21-05-2020,Item-04,Kopi Instant,2,5200
21-05-2020,Item-04,Kopi Instant,3,5200
23-05-2020,Item-04,Kopi Instant,3,5200
23-05-2020,Item-04,Kopi Instant,4,5200
23-05-2020,Item-04,Kopi Instant,4,5200
23-05-2020,Item-04,Kopi Instant,2,5200
23-05-2020,Item-04,Kopi Instant,4,5200
23-05-2020,Item-04,Kopi Instant,2,5200
24-05-2020,Item-04,Kopi Instant,3,5200
25-05-2020,Item-04,Kopi Instant,2,5200
26-05-2020,Item-04,Kopi Instant,3,5200
26-05-2020,Item-04,Kopi Instant,4,5200
26-05-2020,Item-04,Kopi Instant,2,5200
19-05-2020,Item-08,Vitamin C,3,2000
19-05-2020,Item-08,Vitamin C,1,2000
19-05-2020,Item-08,Vitamin C,2,2000
19-05-2020,Item-08,Vitamin C,1,2000
21-04-2020,Item-21,Shampoo Sachet,1,1000
21-04-2020,Item-21,Shampoo Sachet,4,1000
22-04-2020,Item-21,Shampoo Sachet,3,1000
22-04-2020,Item-21,Shampoo Sachet,2,1000
22-04-2020,Item-21,Shampoo Sachet,4,1000
22-04-2020,Item-21,Shampoo Sachet,1,1000
23-04-2020,Item-21,Shampoo Sachet,1,1000
23-04-2020,Item-21,Shampoo Sachet,3,1000
23-04-2020,Item-21,Shampoo Sachet,1,1000
24-04-2020,Item-21,Shampoo Sachet,1,1000
24-04-2020,Item-21,Shampoo Sachet,3,1000
25-04-2020,Item-21,Shampoo Sachet,2,1000
25-04-2020,Item-21,Shampoo Sachet,2,1000
25-04-2020,Item-21,Shampoo Sachet,2,1000
25-04-2020,Item-21,Shampoo Sachet,4,1000
25-04-2020,Item-21,Shampoo Sachet,3,1000
25-04-2020,Item-21,Shampoo Sachet,4,1000
26-04-2020,Item-21,Shampoo Sachet,4,1000
01-05-2020,Item-26,Susu Bubuk 195g,7,45000
01-05-2020,Item-26,Susu Bubuk 195g,11,45000
03-05-2020,Item-26,Susu Bubuk 195g,2,45000
27-05-2020,Item-03,Gula Pasir Putih 1 kg,1,12500
27-05-2020,Item-03,Gula Pasir Putih 1 kg,1,12500
28-05-2020,Item-03,Gula Pasir Putih 1 kg,1,12500
29-05-2020,Item-03,Gula Pasir Putih 1 kg,3,12500
29-05-2020,Item-03,Gula Pasir Putih 1 kg,3,12500
29-05-2020,Item-03,Gula Pasir Putih 1 kg,1,12500
29-05-2020,Item-03,Gula Pasir Putih 1 kg,1,12500
30-05-2020,Item-03,Gula Pasir Putih 1 kg,3,12500
30-05-2020,Item-03,Gula Pasir Putih 1 kg,4,12500
10-04-2020,Item-11,Sabun Cuci Piring,2,14000
10-04-2020,Item-03,Gula Pasir Putih 1 kg,2,12500
10-04-2020,Item-11,Sabun Cuci Piring,3,14000
10-04-2020,Item-11,Sabun Cuci Piring,4,14000
19-04-2020,Item-26,Susu Bubuk 195g,7,45000
30-05-2020,Item-03,Gula Pasir Putih 1 kg,3,12500
31-05-2020,Item-03,Gula Pasir Putih 1 kg,2,12500
01-06-2020,Item-03,Gula Pasir Putih 1 kg,3,12500
02-06-2020,Item-03,Gula Pasir Putih 1 kg,2,12500
02-06-2020,Item-03,Gula Pasir Putih 1 kg,3,12500
03-06-2020,Item-03,Gula Pasir Putih 1 kg,1,12500
04-06-2020,Item-03,Gula Pasir Putih 1 kg,2,12500
05-06-2020,Item-03,Gula Pasir Putih 1 kg,4,12500
05-06-2020,Item-03,Gula Pasir Putih 1 kg,2,12500
06-06-2020,Item-03,Gula Pasir Putih 1 kg,1,12500
26-04-2020,Item-21,Shampoo Sachet,4,1000
08-06-2020,Item-03,Gula Pasir Putih 1 kg,2,12500
26-04-2020,Item-21,Shampoo Sachet,2,1000
08-06-2020,Item-03,Gula Pasir Putih 1 kg,3,12500
26-04-2020,Item-21,Shampoo Sachet,4,1000
11-06-2020,Item-03,Gula Pasir Putih 1 kg,2,12500
15-04-2020,Item-06,Sabun Mandi Cair 100 ml,2,10500
26-04-2020,Item-21,Shampoo Sachet,2,1000
16-04-2020,Item-06,Sabun Mandi Cair 100 ml,4,10500
27-04-2020,Item-21,Shampoo Sachet,1,1000
16-04-2020,Item-06,Sabun Mandi Cair 100 ml,4,10500
16-04-2020,Item-06,Sabun Mandi Cair 100 ml,4,10500
27-04-2020,Item-21,Shampoo Sachet,3,1000
16-04-2020,Item-06,Sabun Mandi Cair 100 ml,2,10500
28-04-2020,Item-21,Shampoo Sachet,4,1000
16-04-2020,Item-06,Sabun Mandi Cair 100 ml,4,10500
16-04-2020,Item-06,Sabun Mandi Cair 100 ml,1,10500
28-04-2020,Item-21,Shampoo Sachet,2,1000
29-04-2020,Item-06,Sabun Mandi Cair 100 ml,1,10500
28-04-2020,Item-21,Shampoo Sachet,3,1000
03-05-2020,Item-06,Sabun Mandi Cair 100 ml,1,10500
29-04-2020,Item-21,Shampoo Sachet,2,1000
03-05-2020,Item-06,Sabun Mandi Cair 100 ml,4,10500
29-04-2020,Item-21,Shampoo Sachet,2,1000
03-05-2020,Item-06,Sabun Mandi Cair 100 ml,2,10500
29-04-2020,Item-21,Shampoo Sachet,3,1000
27-05-2020,Item-01,Batere AA,4,12000
29-04-2020,Item-21,Shampoo Sachet,2,1000
27-05-2020,Item-01,Batere AA,4,12000
29-05-2020,Item-01,Batere AA,1,12000
27-05-2020,Item-05,Mi Goreng Instant,1,2600
27-05-2020,Item-05,Mi Goreng Instant,2,2600
27-05-2020,Item-05,Mi Goreng Instant,4,2600
28-05-2020,Item-05,Mi Goreng Instant,2,2600
28-05-2020,Item-05,Mi Goreng Instant,2,2600
28-05-2020,Item-05,Mi Goreng Instant,1,2600
29-05-2020,Item-05,Mi Goreng Instant,2,2600
29-05-2020,Item-05,Mi Goreng Instant,2,2600
29-05-2020,Item-05,Mi Goreng Instant,1,2600
29-05-2020,Item-05,Mi Goreng Instant,1,2600
29-05-2020,Item-05,Mi Goreng Instant,4,2600
29-05-2020,Item-01,Batere AA,1,12000
29-05-2020,Item-01,Batere AA,2,12000
02-06-2020,Item-01,Batere AA,4,12000
03-06-2020,Item-01,Batere AA,4,12000
06-06-2020,Item-01,Batere AA,2,12000
11-06-2020,Item-01,Batere AA,2,12000
27-05-2020,Item-04,Kopi Instant,3,5200
27-05-2020,Item-04,Kopi Instant,1,5200
28-05-2020,Item-04,Kopi Instant,4,5200
28-05-2020,Item-04,Kopi Instant,4,5200
29-05-2020,Item-04,Kopi Instant,3,5200
29-05-2020,Item-04,Kopi Instant,1,5200
29-05-2020,Item-04,Kopi Instant,2,5200
29-05-2020,Item-04,Kopi Instant,4,5200
29-05-2020,Item-04,Kopi Instant,4,5200
29-05-2020,Item-04,Kopi Instant,3,5200
30-05-2020,Item-04,Kopi Instant,2,5200
30-05-2020,Item-04,Kopi Instant,4,5200
30-05-2020,Item-04,Kopi Instant,1,5200
31-05-2020,Item-04,Kopi Instant,2,5200
01-06-2020,Item-04,Kopi Instant,4,5200
02-06-2020,Item-04,Kopi Instant,3,5200
02-06-2020,Item-04,Kopi Instant,3,5200
30-04-2020,Item-21,Shampoo Sachet,4,1000
30-04-2020,Item-21,Shampoo Sachet,3,1000
30-04-2020,Item-21,Shampoo Sachet,2,1000
30-04-2020,Item-21,Shampoo Sachet,3,1000
30-04-2020,Item-21,Shampoo Sachet,3,1000
01-05-2020,Item-21,Shampoo Sachet,2,1000
01-05-2020,Item-21,Shampoo Sachet,2,1000
01-05-2020,Item-21,Shampoo Sachet,3,1000
01-05-2020,Item-21,Shampoo Sachet,3,1000
02-05-2020,Item-21,Shampoo Sachet,1,1000
02-05-2020,Item-21,Shampoo Sachet,2,1000
02-05-2020,Item-21,Shampoo Sachet,3,1000
02-05-2020,Item-21,Shampoo Sachet,4,1000
03-05-2020,Item-21,Shampoo Sachet,4,1000
03-05-2020,Item-21,Shampoo Sachet,4,1000
04-05-2020,Item-21,Shampoo Sachet,2,1000
04-05-2020,Item-21,Shampoo Sachet,1,1000
04-05-2020,Item-21,Shampoo Sachet,4,1000
05-05-2020,Item-21,Shampoo Sachet,4,1000
05-05-2020,Item-21,Shampoo Sachet,1,1000
11-06-2020,Item-03,Gula Pasir Putih 1 kg,1,12500
16-06-2020,Item-03,Gula Pasir Putih 1 kg,3,12500
03-05-2020,Item-06,Sabun Mandi Cair 100 ml,3,10500
12-05-2020,Item-06,Sabun Mandi Cair 100 ml,1,10500
12-05-2020,Item-06,Sabun Mandi Cair 100 ml,1,10500
12-05-2020,Item-06,Sabun Mandi Cair 100 ml,2,10500
12-05-2020,Item-06,Sabun Mandi Cair 100 ml,2,10500
28-04-2020,Item-04,Kopi Instant,2,5200
28-04-2020,Item-04,Kopi Instant,3,5200
28-04-2020,Item-04,Kopi Instant,1,5200
28-04-2020,Item-04,Kopi Instant,2,5200
28-04-2020,Item-04,Kopi Instant,2,5200
28-04-2020,Item-04,Kopi Instant,1,5200
29-04-2020,Item-04,Kopi Instant,1,5200
29-04-2020,Item-04,Kopi Instant,2,5200
29-04-2020,Item-04,Kopi Instant,3,5200
29-04-2020,Item-04,Kopi Instant,3,5200
05-05-2020,Item-04,Kopi Instant,3,5200
05-05-2020,Item-04,Kopi Instant,1,5200
05-05-2020,Item-04,Kopi Instant,2,5200
05-05-2020,Item-04,Kopi Instant,3,5200
05-05-2020,Item-04,Kopi Instant,2,5200
06-05-2020,Item-04,Kopi Instant,1,5200
03-06-2020,Item-04,Kopi Instant,1,5200
03-06-2020,Item-04,Kopi Instant,2,5200
03-06-2020,Item-04,Kopi Instant,1,5200
10-04-2020,Item-11,Sabun Cuci Piring,2,14000
10-04-2020,Item-03,Gula Pasir Putih 1 kg,2,12500
10-04-2020,Item-11,Sabun Cuci Piring,3,14000
10-04-2020,Item-11,Sabun Cuci Piring,4,14000
19-04-2020,Item-26,Susu Bubuk 195g,7,45000
04-06-2020,Item-04,Kopi Instant,1,5200
05-06-2020,Item-04,Kopi Instant,2,5200
05-06-2020,Item-04,Kopi Instant,1,5200
05-06-2020,Item-04,Kopi Instant,2,5200
06-06-2020,Item-04,Kopi Instant,1,5200
06-06-2020,Item-04,Kopi Instant,1,5200
07-06-2020,Item-04,Kopi Instant,4,5200
08-06-2020,Item-04,Kopi Instant,1,5200
08-06-2020,Item-04,Kopi Instant,1,5200
08-06-2020,Item-04,Kopi Instant,3,5200
11-06-2020,Item-04,Kopi Instant,3,5200
11-06-2020,Item-04,Kopi Instant,3,5200
16-06-2020,Item-04,Kopi Instant,4,5200
21-06-2020,Item-04,Kopi Instant,3,5200
05-05-2020,Item-21,Shampoo Sachet,2,1000
05-05-2020,Item-21,Shampoo Sachet,4,1000
05-05-2020,Item-21,Shampoo Sachet,4,1000
06-05-2020,Item-21,Shampoo Sachet,3,1000
06-05-2020,Item-21,Shampoo Sachet,4,1000
06-05-2020,Item-21,Shampoo Sachet,2,1000
06-05-2020,Item-21,Shampoo Sachet,2,1000
06-05-2020,Item-21,Shampoo Sachet,3,1000
07-05-2020,Item-21,Shampoo Sachet,4,1000
07-05-2020,Item-21,Shampoo Sachet,1,1000
07-05-2020,Item-21,Shampoo Sachet,3,1000
07-05-2020,Item-21,Shampoo Sachet,2,1000
07-05-2020,Item-21,Shampoo Sachet,2,1000
07-05-2020,Item-21,Shampoo Sachet,2,1000
07-05-2020,Item-21,Shampoo Sachet,2,1000
07-05-2020,Item-21,Shampoo Sachet,4,1000
09-05-2020,Item-21,Shampoo Sachet,4,1000
09-05-2020,Item-21,Shampoo Sachet,2,1000
09-05-2020,Item-21,Shampoo Sachet,4,1000
09-05-2020,Item-21,Shampoo Sachet,4,1000
10-05-2020,Item-21,Shampoo Sachet,4,1000
10-05-2020,Item-21,Shampoo Sachet,2,1000
10-05-2020,Item-21,Shampoo Sachet,4,1000
10-05-2020,Item-05,Mi Goreng Instant,2,2600
10-05-2020,Item-05,Mi Goreng Instant,2,2600
11-05-2020,Item-05,Mi Goreng Instant,2,2600
11-05-2020,Item-05,Mi Goreng Instant,1,2600
11-05-2020,Item-05,Mi Goreng Instant,3,2600
11-05-2020,Item-05,Mi Goreng Instant,1,2600
11-05-2020,Item-05,Mi Goreng Instant,1,2600
11-04-2020,Item-05,Mi Goreng Instant,4,2600
10-05-2020,Item-21,Shampoo Sachet,2,1000
11-05-2020,Item-21,Shampoo Sachet,4,1000
11-05-2020,Item-21,Shampoo Sachet,4,1000
11-05-2020,Item-21,Shampoo Sachet,1,1000
12-05-2020,Item-21,Shampoo Sachet,2,1000
12-05-2020,Item-21,Shampoo Sachet,2,1000
12-05-2020,Item-21,Shampoo Sachet,4,1000
13-05-2020,Item-21,Shampoo Sachet,3,1000
13-05-2020,Item-21,Shampoo Sachet,3,1000
14-05-2020,Item-21,Shampoo Sachet,1,1000
14-05-2020,Item-21,Shampoo Sachet,4,1000
14-05-2020,Item-21,Shampoo Sachet,2,1000
14-05-2020,Item-21,Shampoo Sachet,4,1000
14-05-2020,Item-21,Shampoo Sachet,2,1000
15-05-2020,Item-21,Shampoo Sachet,1,1000
15-05-2020,Item-21,Shampoo Sachet,2,1000
15-05-2020,Item-21,Shampoo Sachet,2,1000
15-05-2020,Item-21,Shampoo Sachet,4,1000
16-05-2020,Item-21,Shampoo Sachet,3,1000
10-04-2020,Item-02,Bawang Putih 200 gram,3,15000
11-04-2020,Item-02,Bawang Putih 200 gram,1,15000
11-06-2020,Item-05,Mi Goreng Instant,3,2600
11-06-2020,Item-05,Mi Goreng Instant,1,2600
11-06-2020,Item-05,Mi Goreng Instant,3,2600
11-06-2020,Item-05,Mi Goreng Instant,1,2600
11-06-2020,Item-05,Mi Goreng Instant,3,2600
15-06-2020,Item-05,Mi Goreng Instant,3,2600
16-06-2020,Item-05,Mi Goreng Instant,3,2600
21-06-2020,Item-05,Mi Goreng Instant,4,2600
16-05-2020,Item-21,Shampoo Sachet,2,1000
17-05-2020,Item-21,Shampoo Sachet,1,1000
17-05-2020,Item-21,Shampoo Sachet,4,1000
17-05-2020,Item-21,Shampoo Sachet,1,1000
17-05-2020,Item-21,Shampoo Sachet,2,1000
18-05-2020,Item-21,Shampoo Sachet,4,1000
18-05-2020,Item-21,Shampoo Sachet,4,1000
19-05-2020,Item-21,Shampoo Sachet,1,1000
19-05-2020,Item-21,Shampoo Sachet,2,1000
21-05-2020,Item-21,Shampoo Sachet,4,1000
21-05-2020,Item-21,Shampoo Sachet,3,1000
23-05-2020,Item-21,Shampoo Sachet,1,1000
23-05-2020,Item-21,Shampoo Sachet,2,1000
24-05-2020,Item-21,Shampoo Sachet,1,1000
25-05-2020,Item-21,Shampoo Sachet,4,1000
25-05-2020,Item-21,Shampoo Sachet,4,1000
26-05-2020,Item-21,Shampoo Sachet,2,1000
03-05-2020,Item-09,Roti Tawar,1,12500
26-05-2020,Item-21,Shampoo Sachet,3,1000
27-05-2020,Item-21,Shampoo Sachet,1,1000
27-05-2020,Item-21,Shampoo Sachet,1,1000
29-05-2020,Item-21,Shampoo Sachet,1,1000
29-05-2020,Item-21,Shampoo Sachet,4,1000
29-05-2020,Item-21,Shampoo Sachet,2,1000
01-06-2020,Item-21,Shampoo Sachet,2,1000
02-06-2020,Item-21,Shampoo Sachet,1,1000
03-06-2020,Item-21,Shampoo Sachet,1,1000
05-06-2020,Item-21,Shampoo Sachet,1,1000
06-06-2020,Item-21,Shampoo Sachet,1,1000
11-06-2020,Item-21,Shampoo Sachet,4,1000
11-06-2020,Item-21,Shampoo Sachet,1,1000
16-06-2020,Item-21,Shampoo Sachet,2,1000
03-05-2020,Item-21,Shampoo Sachet,3,1000
14-05-2020,Item-21,Shampoo Sachet,3,1000
20-05-2020,Item-21,Shampoo Sachet,2,1000
10-04-2020,Item-21,Shampoo Sachet,3,1000
11-04-2020,Item-21,Shampoo Sachet,1,1000
11-04-2020,Item-21,Shampoo Sachet,2,1000
13-04-2020,Item-21,Shampoo Sachet,4,1000
13-04-2020,Item-21,Shampoo Sachet,3,1000
14-04-2020,Item-21,Shampoo Sachet,2,1000
14-04-2020,Item-21,Shampoo Sachet,3,1000
14-04-2020,Item-21,Shampoo Sachet,3,1000
14-04-2020,Item-21,Shampoo Sachet,4,1000
15-04-2020,Item-21,Shampoo Sachet,1,1000
16-04-2020,Item-21,Shampoo Sachet,3,1000
17-04-2020,Item-21,Shampoo Sachet,1,1000
17-04-2020,Item-21,Shampoo Sachet,3,1000
17-04-2020,Item-21,Shampoo Sachet,1,1000
17-04-2020,Item-21,Shampoo Sachet,2,1000
18-04-2020,Item-21,Shampoo Sachet,4,1000
19-04-2020,Item-21,Shampoo Sachet,1,1000
19-04-2020,Item-21,Shampoo Sachet,1,1000
19-04-2020,Item-21,Shampoo Sachet,2,1000
19-04-2020,Item-21,Shampoo Sachet,1,1000
19-04-2020,Item-21,Shampoo Sachet,3,1000
19-04-2020,Item-21,Shampoo Sachet,4,1000
19-04-2020,Item-21,Shampoo Sachet,3,1000
20-04-2020,Item-21,Shampoo Sachet,4,1000
20-04-2020,Item-21,Shampoo Sachet,4,1000
20-04-2020,Item-21,Shampoo Sachet,1,1000
20-04-2020,Item-21,Shampoo Sachet,4,1000
20-04-2020,Item-21,Shampoo Sachet,2,1000
20-04-2020,Item-21,Shampoo Sachet,3,1000
21-04-2020,Item-21,Shampoo Sachet,2,1000
21-04-2020,Item-21,Shampoo Sachet,1,1000
10-04-2020,Item-11,Sabun Cuci Piring,2,14000
10-04-2020,Item-03,Gula Pasir Putih 1 kg,2,12500
10-04-2020,Item-11,Sabun Cuci Piring,3,14000
10-04-2020,Item-11,Sabun Cuci Piring,4,14000
19-04-2020,Item-26,Susu Bubuk 195g,7,45000
21-04-2020,Item-21,Shampoo Sachet,4,1000
22-04-2020,Item-21,Shampoo Sachet,3,1000
22-04-2020,Item-21,Shampoo Sachet,2,1000
22-04-2020,Item-21,Shampoo Sachet,4,1000
22-04-2020,Item-21,Shampoo Sachet,1,1000
23-04-2020,Item-21,Shampoo Sachet,1,1000
23-04-2020,Item-21,Shampoo Sachet,3,1000
23-04-2020,Item-21,Shampoo Sachet,1,1000
24-04-2020,Item-21,Shampoo Sachet,1,1000
24-04-2020,Item-21,Shampoo Sachet,3,1000
25-04-2020,Item-21,Shampoo Sachet,2,1000
25-04-2020,Item-21,Shampoo Sachet,2,1000
25-04-2020,Item-21,Shampoo Sachet,2,1000
25-04-2020,Item-21,Shampoo Sachet,4,1000
25-04-2020,Item-21,Shampoo Sachet,3,1000
25-04-2020,Item-21,Shampoo Sachet,4,1000
26-04-2020,Item-21,Shampoo Sachet,4,1000
26-04-2020,Item-21,Shampoo Sachet,4,1000
26-04-2020,Item-21,Shampoo Sachet,2,1000
26-04-2020,Item-21,Shampoo Sachet,4,1000
26-04-2020,Item-21,Shampoo Sachet,2,1000
27-04-2020,Item-21,Shampoo Sachet,1,1000
27-04-2020,Item-21,Shampoo Sachet,3,1000
11-04-2020,Item-02,Bawang Putih 200 gram,2,15000
13-04-2020,Item-02,Bawang Putih 200 gram,4,15000
13-04-2020,Item-02,Bawang Putih 200 gram,3,15000
14-04-2020,Item-02,Bawang Putih 200 gram,2,15000
14-04-2020,Item-02,Bawang Putih 200 gram,3,15000
14-04-2020,Item-02,Bawang Putih 200 gram,3,15000
14-04-2020,Item-02,Bawang Putih 200 gram,4,15000
15-04-2020,Item-02,Bawang Putih 200 gram,1,15000
16-04-2020,Item-02,Bawang Putih 200 gram,3,15000
10-04-2020,Item-11,Sabun Cuci Piring,2,14000
10-04-2020,Item-03,Gula Pasir Putih 1 kg,2,12500
10-04-2020,Item-11,Sabun Cuci Piring,3,14000
10-04-2020,Item-11,Sabun Cuci Piring,4,14000
19-04-2020,Item-26,Susu Bubuk 195g,7,45000
17-04-2020,Item-02,Bawang Putih 200 gram,1,15000
17-04-2020,Item-02,Bawang Putih 200 gram,3,15000
17-04-2020,Item-02,Bawang Putih 200 gram,1,15000
17-04-2020,Item-02,Bawang Putih 200 gram,2,15000
18-04-2020,Item-02,Bawang Putih 200 gram,4,15000
19-04-2020,Item-02,Bawang Putih 200 gram,1,15000
19-04-2020,Item-02,Bawang Putih 200 gram,1,15000
19-04-2020,Item-02,Bawang Putih 200 gram,2,15000
19-04-2020,Item-02,Bawang Putih 200 gram,1,15000
19-04-2020,Item-02,Bawang Putih 200 gram,3,15000
19-04-2020,Item-02,Bawang Putih 200 gram,4,15000
19-04-2020,Item-02,Bawang Putih 200 gram,3,15000
20-04-2020,Item-02,Bawang Putih 200 gram,4,15000
20-04-2020,Item-02,Bawang Putih 200 gram,4,15000
20-04-2020,Item-02,Bawang Putih 200 gram,1,15000
28-04-2020,Item-21,Shampoo Sachet,4,1000
28-04-2020,Item-21,Shampoo Sachet,2,1000
28-04-2020,Item-21,Shampoo Sachet,3,1000
29-04-2020,Item-21,Shampoo Sachet,2,1000
29-04-2020,Item-21,Shampoo Sachet,2,1000
29-04-2020,Item-21,Shampoo Sachet,3,1000
29-04-2020,Item-21,Shampoo Sachet,2,1000
30-04-2020,Item-21,Shampoo Sachet,4,1000
20-04-2020,Item-27,Bedak Bayi,18,25000
20-04-2020,Item-02,Bawang Putih 200 gram,4,15000
20-04-2020,Item-02,Bawang Putih 200 gram,2,15000
20-04-2020,Item-02,Bawang Putih 200 gram,3,15000
21-04-2020,Item-02,Bawang Putih 200 gram,2,15000
21-04-2020,Item-02,Bawang Putih 200 gram,1,15000
21-04-2020,Item-02,Bawang Putih 200 gram,4,15000
22-04-2020,Item-02,Bawang Putih 200 gram,3,15000
22-04-2020,Item-02,Bawang Putih 200 gram,2,15000
22-04-2020,Item-02,Bawang Putih 200 gram,4,15000
22-04-2020,Item-02,Bawang Putih 200 gram,1,15000
23-04-2020,Item-02,Bawang Putih 200 gram,1,15000
23-04-2020,Item-02,Bawang Putih 200 gram,3,15000
23-04-2020,Item-02,Bawang Putih 200 gram,1,15000
24-04-2020,Item-02,Bawang Putih 200 gram,1,15000
24-04-2020,Item-02,Bawang Putih 200 gram,3,15000
25-04-2020,Item-02,Bawang Putih 200 gram,2,15000
25-04-2020,Item-02,Bawang Putih 200 gram,2,15000
25-04-2020,Item-02,Bawang Putih 200 gram,2,15000
25-04-2020,Item-02,Bawang Putih 200 gram,4,15000
25-04-2020,Item-02,Bawang Putih 200 gram,3,15000
25-04-2020,Item-02,Bawang Putih 200 gram,4,15000
26-04-2020,Item-02,Bawang Putih 200 gram,4,15000
26-04-2020,Item-02,Bawang Putih 200 gram,4,15000
26-04-2020,Item-02,Bawang Putih 200 gram,2,15000
26-04-2020,Item-02,Bawang Putih 200 gram,4,15000
26-04-2020,Item-02,Bawang Putih 200 gram,2,15000
27-04-2020,Item-02,Bawang Putih 200 gram,1,15000
27-04-2020,Item-02,Bawang Putih 200 gram,3,15000
28-04-2020,Item-02,Bawang Putih 200 gram,4,15000
28-04-2020,Item-02,Bawang Putih 200 gram,2,15000
28-04-2020,Item-02,Bawang Putih 200 gram,3,15000
29-04-2020,Item-02,Bawang Putih 200 gram,2,15000
29-04-2020,Item-02,Bawang Putih 200 gram,2,15000
29-04-2020,Item-02,Bawang Putih 200 gram,3,15000
29-04-2020,Item-02,Bawang Putih 200 gram,2,15000
30-04-2020,Item-02,Bawang Putih 200 gram,4,15000
30-04-2020,Item-02,Bawang Putih 200 gram,3,15000
30-04-2020,Item-02,Bawang Putih 200 gram,2,15000
30-04-2020,Item-02,Bawang Putih 200 gram,3,15000
30-04-2020,Item-02,Bawang Putih 200 gram,3,15000
10-04-2020,Item-11,Sabun Cuci Piring,2,14000
10-04-2020,Item-03,Gula Pasir Putih 1 kg,2,12500
10-04-2020,Item-11,Sabun Cuci Piring,3,14000
10-04-2020,Item-11,Sabun Cuci Piring,4,14000
19-04-2020,Item-26,Susu Bubuk 195g,7,45000
01-05-2020,Item-02,Bawang Putih 200 gram,2,15000
01-05-2020,Item-02,Bawang Putih 200 gram,2,15000
01-05-2020,Item-02,Bawang Putih 200 gram,3,15000
01-05-2020,Item-02,Bawang Putih 200 gram,3,15000
02-05-2020,Item-02,Bawang Putih 200 gram,1,15000
02-05-2020,Item-02,Bawang Putih 200 gram,2,15000
02-05-2020,Item-02,Bawang Putih 200 gram,3,15000
02-05-2020,Item-02,Bawang Putih 200 gram,4,15000
03-05-2020,Item-02,Bawang Putih 200 gram,4,15000
03-05-2020,Item-02,Bawang Putih 200 gram,4,15000
04-05-2020,Item-02,Bawang Putih 200 gram,2,15000
04-05-2020,Item-02,Bawang Putih 200 gram,1,15000
04-05-2020,Item-02,Bawang Putih 200 gram,4,15000
05-05-2020,Item-02,Bawang Putih 200 gram,4,15000
05-05-2020,Item-02,Bawang Putih 200 gram,1,15000
05-05-2020,Item-02,Bawang Putih 200 gram,2,15000
05-05-2020,Item-02,Bawang Putih 200 gram,4,15000
05-05-2020,Item-02,Bawang Putih 200 gram,4,15000
06-05-2020,Item-02,Bawang Putih 200 gram,3,15000
06-05-2020,Item-02,Bawang Putih 200 gram,4,15000
06-05-2020,Item-02,Bawang Putih 200 gram,2,15000
06-05-2020,Item-02,Bawang Putih 200 gram,2,15000
06-05-2020,Item-02,Bawang Putih 200 gram,3,15000
07-05-2020,Item-02,Bawang Putih 200 gram,4,15000
07-05-2020,Item-02,Bawang Putih 200 gram,1,15000
07-05-2020,Item-02,Bawang Putih 200 gram,3,15000
07-05-2020,Item-02,Bawang Putih 200 gram,2,15000
07-05-2020,Item-02,Bawang Putih 200 gram,2,15000
07-05-2020,Item-02,Bawang Putih 200 gram,2,15000
07-05-2020,Item-02,Bawang Putih 200 gram,2,15000
07-05-2020,Item-02,Bawang Putih 200 gram,4,15000
09-05-2020,Item-02,Bawang Putih 200 gram,4,15000
09-05-2020,Item-02,Bawang Putih 200 gram,2,15000
09-05-2020,Item-02,Bawang Putih 200 gram,4,15000
09-05-2020,Item-02,Bawang Putih 200 gram,4,15000
10-05-2020,Item-02,Bawang Putih 200 gram,4,15000
10-05-2020,Item-02,Bawang Putih 200 gram,2,15000
10-05-2020,Item-02,Bawang Putih 200 gram,4,15000
10-05-2020,Item-02,Bawang Putih 200 gram,2,15000
11-05-2020,Item-02,Bawang Putih 200 gram,4,15000
11-05-2020,Item-02,Bawang Putih 200 gram,4,15000
11-05-2020,Item-02,Bawang Putih 200 gram,1,15000
12-05-2020,Item-02,Bawang Putih 200 gram,2,15000
12-05-2020,Item-02,Bawang Putih 200 gram,2,15000
12-05-2020,Item-02,Bawang Putih 200 gram,4,15000
13-05-2020,Item-02,Bawang Putih 200 gram,3,15000
13-05-2020,Item-02,Bawang Putih 200 gram,3,15000
14-05-2020,Item-02,Bawang Putih 200 gram,1,15000
14-05-2020,Item-02,Bawang Putih 200 gram,4,15000
14-05-2020,Item-02,Bawang Putih 200 gram,2,15000
14-05-2020,Item-02,Bawang Putih 200 gram,4,15000
14-05-2020,Item-02,Bawang Putih 200 gram,2,15000
15-05-2020,Item-02,Bawang Putih 200 gram,1,15000
15-05-2020,Item-02,Bawang Putih 200 gram,2,15000
15-05-2020,Item-02,Bawang Putih 200 gram,2,15000
15-05-2020,Item-02,Bawang Putih 200 gram,4,15000
16-05-2020,Item-02,Bawang Putih 200 gram,3,15000
16-05-2020,Item-02,Bawang Putih 200 gram,2,15000
17-05-2020,Item-02,Bawang Putih 200 gram,1,15000
17-05-2020,Item-02,Bawang Putih 200 gram,4,15000
17-05-2020,Item-02,Bawang Putih 200 gram,1,15000
17-05-2020,Item-02,Bawang Putih 200 gram,2,15000
10-04-2020,Item-11,Sabun Cuci Piring,2,14000
10-04-2020,Item-03,Gula Pasir Putih 1 kg,2,12500
10-04-2020,Item-11,Sabun Cuci Piring,3,14000
10-04-2020,Item-11,Sabun Cuci Piring,4,14000
19-04-2020,Item-26,Susu Bubuk 195g,7,45000
18-05-2020,Item-02,Bawang Putih 200 gram,4,15000
18-05-2020,Item-02,Bawang Putih 200 gram,4,15000
19-05-2020,Item-02,Bawang Putih 200 gram,1,15000
19-05-2020,Item-02,Bawang Putih 200 gram,2,15000
21-05-2020,Item-02,Bawang Putih 200 gram,4,15000
21-05-2020,Item-02,Bawang Putih 200 gram,3,15000
23-05-2020,Item-02,Bawang Putih 200 gram,1,15000
23-05-2020,Item-02,Bawang Putih 200 gram,2,15000
24-05-2020,Item-02,Bawang Putih 200 gram,1,15000
25-05-2020,Item-02,Bawang Putih 200 gram,4,15000
25-05-2020,Item-02,Bawang Putih 200 gram,4,15000
26-05-2020,Item-02,Bawang Putih 200 gram,2,15000
26-05-2020,Item-02,Bawang Putih 200 gram,3,15000
27-05-2020,Item-02,Bawang Putih 200 gram,1,15000
27-05-2020,Item-02,Bawang Putih 200 gram,1,15000
29-05-2020,Item-02,Bawang Putih 200 gram,1,15000
29-05-2020,Item-02,Bawang Putih 200 gram,4,15000
29-05-2020,Item-02,Bawang Putih 200 gram,2,15000
01-06-2020,Item-02,Bawang Putih 200 gram,2,15000
02-06-2020,Item-02,Bawang Putih 200 gram,1,15000
03-06-2020,Item-02,Bawang Putih 200 gram,1,15000
05-06-2020,Item-02,Bawang Putih 200 gram,1,15000
06-06-2020,Item-02,Bawang Putih 200 gram,1,15000
11-06-2020,Item-02,Bawang Putih 200 gram,4,15000
11-06-2020,Item-02,Bawang Putih 200 gram,1,15000
16-06-2020,Item-02,Bawang Putih 200 gram,2,15000
11-04-2020,Item-05,Mi Goreng Instant,1,2600
11-04-2020,Item-05,Mi Goreng Instant,4,2600
12-04-2020,Item-05,Mi Goreng Instant,1,2600
12-04-2020,Item-05,Mi Goreng Instant,1,2600
12-04-2020,Item-05,Mi Goreng Instant,3,2600
12-04-2020,Item-05,Mi Goreng Instant,2,2600
12-04-2020,Item-05,Mi Goreng Instant,1,2600
13-04-2020,Item-05,Mi Goreng Instant,1,2600
14-04-2020,Item-05,Mi Goreng Instant,2,2600
14-04-2020,Item-05,Mi Goreng Instant,4,2600
14-04-2020,Item-05,Mi Goreng Instant,4,2600
14-04-2020,Item-05,Mi Goreng Instant,4,2600
14-04-2020,Item-05,Mi Goreng Instant,3,2600
15-04-2020,Item-05,Mi Goreng Instant,1,2600
15-04-2020,Item-05,Mi Goreng Instant,4,2600
15-04-2020,Item-05,Mi Goreng Instant,3,2600
16-04-2020,Item-05,Mi Goreng Instant,4,2600
16-04-2020,Item-05,Mi Goreng Instant,2,2600
16-04-2020,Item-05,Mi Goreng Instant,2,2600
16-04-2020,Item-05,Mi Goreng Instant,4,2600
16-04-2020,Item-05,Mi Goreng Instant,2,2600
16-04-2020,Item-05,Mi Goreng Instant,3,2600
16-04-2020,Item-05,Mi Goreng Instant,3,2600
16-04-2020,Item-05,Mi Goreng Instant,4,2600
19-04-2020,Item-05,Mi Goreng Instant,4,2600
19-04-2020,Item-05,Mi Goreng Instant,3,2600
19-04-2020,Item-05,Mi Goreng Instant,4,2600
19-04-2020,Item-05,Mi Goreng Instant,1,2600
25-04-2020,Item-05,Mi Goreng Instant,4,2600
25-04-2020,Item-05,Mi Goreng Instant,3,2600
25-04-2020,Item-05,Mi Goreng Instant,2,2600
25-04-2020,Item-05,Mi Goreng Instant,3,2600
25-04-2020,Item-05,Mi Goreng Instant,4,2600
25-04-2020,Item-05,Mi Goreng Instant,3,2600
25-04-2020,Item-05,Mi Goreng Instant,3,2600
25-04-2020,Item-05,Mi Goreng Instant,2,2600
29-04-2020,Item-05,Mi Goreng Instant,2,2600
29-04-2020,Item-05,Mi Goreng Instant,4,2600
29-04-2020,Item-05,Mi Goreng Instant,1,2600
29-04-2020,Item-05,Mi Goreng Instant,2,2600
06-05-2020,Item-05,Mi Goreng Instant,4,2600
07-05-2020,Item-05,Mi Goreng Instant,2,2600
08-05-2020,Item-05,Mi Goreng Instant,1,2600
08-05-2020,Item-05,Mi Goreng Instant,4,2600
08-05-2020,Item-05,Mi Goreng Instant,1,2600
08-05-2020,Item-05,Mi Goreng Instant,2,2600
09-05-2020,Item-05,Mi Goreng Instant,1,2600
09-05-2020,Item-05,Mi Goreng Instant,2,2600
10-04-2020,Item-11,Sabun Cuci Piring,2,14000
10-04-2020,Item-03,Gula Pasir Putih 1 kg,2,12500
10-04-2020,Item-11,Sabun Cuci Piring,3,14000
10-04-2020,Item-11,Sabun Cuci Piring,4,14000
19-04-2020,Item-26,Susu Bubuk 195g,7,45000
09-05-2020,Item-05,Mi Goreng Instant,1,2600
09-05-2020,Item-05,Mi Goreng Instant,4,2600
13-05-2020,Item-05,Mi Goreng Instant,3,2600
13-05-2020,Item-05,Mi Goreng Instant,1,2600
13-05-2020,Item-05,Mi Goreng Instant,1,2600
13-05-2020,Item-05,Mi Goreng Instant,3,2600
13-05-2020,Item-05,Mi Goreng Instant,2,2600
14-05-2020,Item-05,Mi Goreng Instant,2,2600
14-05-2020,Item-05,Mi Goreng Instant,3,2600
14-05-2020,Item-05,Mi Goreng Instant,1,2600
14-05-2020,Item-05,Mi Goreng Instant,2,2600
14-05-2020,Item-05,Mi Goreng Instant,3,2600
17-05-2020,Item-05,Mi Goreng Instant,1,2600
17-05-2020,Item-05,Mi Goreng Instant,2,2600
17-05-2020,Item-05,Mi Goreng Instant,3,2600
17-05-2020,Item-05,Mi Goreng Instant,3,2600
17-05-2020,Item-05,Mi Goreng Instant,2,2600
18-05-2020,Item-05,Mi Goreng Instant,2,2600
18-05-2020,Item-05,Mi Goreng Instant,1,2600
18-05-2020,Item-05,Mi Goreng Instant,3,2600
18-05-2020,Item-05,Mi Goreng Instant,2,2600
18-05-2020,Item-05,Mi Goreng Instant,3,2600
18-05-2020,Item-05,Mi Goreng Instant,1,2600
10-04-2020,Item-11,Sabun Cuci Piring,2,14000
10-04-2020,Item-03,Gula Pasir Putih 1 kg,2,12500
10-04-2020,Item-11,Sabun Cuci Piring,3,14000
10-04-2020,Item-11,Sabun Cuci Piring,4,14000
19-04-2020,Item-26,Susu Bubuk 195g,7,45000
19-05-2020,Item-05,Mi Goreng Instant,4,2600
19-05-2020,Item-05,Mi Goreng Instant,4,2600
19-05-2020,Item-05,Mi Goreng Instant,1,2600
21-05-2020,Item-05,Mi Goreng Instant,3,2600
21-05-2020,Item-05,Mi Goreng Instant,3,2600
21-05-2020,Item-05,Mi Goreng Instant,4,2600
21-05-2020,Item-05,Mi Goreng Instant,3,2600
22-05-2020,Item-05,Mi Goreng Instant,4,2600
23-05-2020,Item-05,Mi Goreng Instant,4,2600
23-05-2020,Item-05,Mi Goreng Instant,4,2600
23-05-2020,Item-05,Mi Goreng Instant,1,2600
23-05-2020,Item-05,Mi Goreng Instant,1,2600
23-05-2020,Item-05,Mi Goreng Instant,4,2600
23-05-2020,Item-05,Mi Goreng Instant,4,2600
23-05-2020,Item-05,Mi Goreng Instant,2,2600
23-05-2020,Item-05,Mi Goreng Instant,1,2600
23-05-2020,Item-05,Mi Goreng Instant,3,2600
24-05-2020,Item-05,Mi Goreng Instant,3,2600
24-05-2020,Item-05,Mi Goreng Instant,2,2600
25-05-2020,Item-05,Mi Goreng Instant,3,2600
25-05-2020,Item-05,Mi Goreng Instant,3,2600
26-05-2020,Item-05,Mi Goreng Instant,1,2600
26-05-2020,Item-05,Mi Goreng Instant,2,2600
26-05-2020,Item-05,Mi Goreng Instant,2,2600
29-05-2020,Item-05,Mi Goreng Instant,3,2600
30-05-2020,Item-05,Mi Goreng Instant,1,2600
30-05-2020,Item-05,Mi Goreng Instant,1,2600
30-05-2020,Item-05,Mi Goreng Instant,2,2600
30-05-2020,Item-05,Mi Goreng Instant,1,2600
31-05-2020,Item-05,Mi Goreng Instant,2,2600
31-05-2020,Item-05,Mi Goreng Instant,4,2600
01-06-2020,Item-05,Mi Goreng Instant,4,2600
02-06-2020,Item-05,Mi Goreng Instant,3,2600
02-06-2020,Item-05,Mi Goreng Instant,2,2600
02-06-2020,Item-05,Mi Goreng Instant,4,2600
03-06-2020,Item-05,Mi Goreng Instant,3,2600
03-06-2020,Item-05,Mi Goreng Instant,4,2600
03-06-2020,Item-05,Mi Goreng Instant,1,2600
04-06-2020,Item-05,Mi Goreng Instant,4,2600
04-06-2020,Item-05,Mi Goreng Instant,2,2600
05-06-2020,Item-05,Mi Goreng Instant,4,2600
05-06-2020,Item-05,Mi Goreng Instant,4,2600
05-06-2020,Item-05,Mi Goreng Instant,1,2600
06-06-2020,Item-05,Mi Goreng Instant,4,2600
06-06-2020,Item-05,Mi Goreng Instant,1,2600
07-06-2020,Item-05,Mi Goreng Instant,4,2600
08-06-2020,Item-05,Mi Goreng Instant,1,2600
08-06-2020,Item-05,Mi Goreng Instant,3,2600
08-06-2020,Item-05,Mi Goreng Instant,2,2600
30-04-2020,Item-21,Shampoo Sachet,3,1000
30-04-2020,Item-21,Shampoo Sachet,2,1000
30-04-2020,Item-21,Shampoo Sachet,3,1000
30-04-2020,Item-21,Shampoo Sachet,3,1000
01-05-2020,Item-21,Shampoo Sachet,2,1000
01-05-2020,Item-21,Shampoo Sachet,2,1000
01-05-2020,Item-21,Shampoo Sachet,3,1000
01-05-2020,Item-21,Shampoo Sachet,3,1000
02-05-2020,Item-21,Shampoo Sachet,1,1000
02-05-2020,Item-21,Shampoo Sachet,2,1000
02-05-2020,Item-21,Shampoo Sachet,3,1000
02-05-2020,Item-21,Shampoo Sachet,4,1000
03-05-2020,Item-21,Shampoo Sachet,4,1000
03-05-2020,Item-21,Shampoo Sachet,4,1000
04-05-2020,Item-21,Shampoo Sachet,2,1000
04-05-2020,Item-21,Shampoo Sachet,1,1000
04-05-2020,Item-21,Shampoo Sachet,4,1000
05-05-2020,Item-21,Shampoo Sachet,4,1000
05-05-2020,Item-21,Shampoo Sachet,1,1000
05-05-2020,Item-21,Shampoo Sachet,2,1000
05-05-2020,Item-21,Shampoo Sachet,4,1000
05-05-2020,Item-21,Shampoo Sachet,4,1000
06-05-2020,Item-21,Shampoo Sachet,3,1000
06-05-2020,Item-21,Shampoo Sachet,4,1000
06-05-2020,Item-21,Shampoo Sachet,2,1000
06-05-2020,Item-21,Shampoo Sachet,2,1000
06-05-2020,Item-21,Shampoo Sachet,3,1000
07-05-2020,Item-21,Shampoo Sachet,4,1000
07-05-2020,Item-21,Shampoo Sachet,1,1000
07-05-2020,Item-21,Shampoo Sachet,3,1000
07-05-2020,Item-21,Shampoo Sachet,2,1000
07-05-2020,Item-21,Shampoo Sachet,2,1000
07-05-2020,Item-21,Shampoo Sachet,2,1000
07-05-2020,Item-21,Shampoo Sachet,2,1000
07-05-2020,Item-21,Shampoo Sachet,4,1000
09-05-2020,Item-21,Shampoo Sachet,4,1000
09-05-2020,Item-21,Shampoo Sachet,2,1000
09-05-2020,Item-21,Shampoo Sachet,4,1000
09-05-2020,Item-21,Shampoo Sachet,4,1000
10-05-2020,Item-21,Shampoo Sachet,4,1000
10-05-2020,Item-21,Shampoo Sachet,2,1000
10-05-2020,Item-21,Shampoo Sachet,4,1000
10-05-2020,Item-21,Shampoo Sachet,2,1000
11-05-2020,Item-21,Shampoo Sachet,4,1000
11-05-2020,Item-21,Shampoo Sachet,4,1000
11-05-2020,Item-21,Shampoo Sachet,1,1000
12-05-2020,Item-21,Shampoo Sachet,2,1000
12-05-2020,Item-21,Shampoo Sachet,2,1000
12-05-2020,Item-21,Shampoo Sachet,4,1000
13-05-2020,Item-21,Shampoo Sachet,3,1000
13-05-2020,Item-21,Shampoo Sachet,3,1000
14-05-2020,Item-21,Shampoo Sachet,1,1000
14-05-2020,Item-21,Shampoo Sachet,4,1000
14-05-2020,Item-21,Shampoo Sachet,2,1000
14-05-2020,Item-21,Shampoo Sachet,4,1000
14-05-2020,Item-21,Shampoo Sachet,2,1000
15-05-2020,Item-21,Shampoo Sachet,1,1000
15-05-2020,Item-21,Shampoo Sachet,2,1000
15-05-2020,Item-21,Shampoo Sachet,2,1000
15-05-2020,Item-21,Shampoo Sachet,4,1000
23-05-2020,Item-21,Shampoo Sachet,2,1000
24-05-2020,Item-21,Shampoo Sachet,1,1000
25-05-2020,Item-21,Shampoo Sachet,4,1000
25-05-2020,Item-21,Shampoo Sachet,4,1000
26-05-2020,Item-21,Shampoo Sachet,2,1000
26-05-2020,Item-21,Shampoo Sachet,3,1000
27-05-2020,Item-21,Shampoo Sachet,1,1000
27-05-2020,Item-21,Shampoo Sachet,1,1000
29-05-2020,Item-21,Shampoo Sachet,1,1000
29-05-2020,Item-21,Shampoo Sachet,4,1000
29-05-2020,Item-21,Shampoo Sachet,2,1000
01-06-2020,Item-21,Shampoo Sachet,2,1000
02-06-2020,Item-21,Shampoo Sachet,1,1000
03-06-2020,Item-21,Shampoo Sachet,1,1000
05-06-2020,Item-21,Shampoo Sachet,1,1000
06-06-2020,Item-21,Shampoo Sachet,1,1000
11-06-2020,Item-21,Shampoo Sachet,4,1000
11-06-2020,Item-21,Shampoo Sachet,1,1000
16-06-2020,Item-21,Shampoo Sachet,2,1000
03-05-2020,Item-26,Susu Bubuk 195g,16,45000
05-05-2020,Item-26,Susu Bubuk 195g,13,45000
05-05-2020,Item-26,Susu Bubuk 195g,16,45000
05-05-2020,Item-26,Susu Bubuk 195g,5,45000
06-05-2020,Item-26,Susu Bubuk 195g,15,45000
06-05-2020,Item-26,Susu Bubuk 195g,15,45000
06-05-2020,Item-26,Susu Bubuk 195g,17,45000
07-05-2020,Item-26,Susu Bubuk 195g,16,45000
07-05-2020,Item-26,Susu Bubuk 195g,11,45000
07-05-2020,Item-26,Susu Bubuk 195g,16,45000
07-05-2020,Item-26,Susu Bubuk 195g,20,45000
07-05-2020,Item-26,Susu Bubuk 195g,3,45000
09-05-2020,Item-26,Susu Bubuk 195g,1,45000
10-05-2020,Item-26,Susu Bubuk 195g,5,45000
10-05-2020,Item-26,Susu Bubuk 195g,3,45000
10-05-2020,Item-26,Susu Bubuk 195g,7,45000
10-05-2020,Item-26,Susu Bubuk 195g,8,45000
11-05-2020,Item-26,Susu Bubuk 195g,6,45000
12-05-2020,Item-26,Susu Bubuk 195g,2,45000
12-05-2020,Item-26,Susu Bubuk 195g,9,45000
14-05-2020,Item-26,Susu Bubuk 195g,4,45000
15-05-2020,Item-26,Susu Bubuk 195g,14,45000
15-05-2020,Item-26,Susu Bubuk 195g,1,45000
16-05-2020,Item-26,Susu Bubuk 195g,4,45000
10-04-2020,Item-11,Sabun Cuci Piring,2,14000
10-04-2020,Item-03,Gula Pasir Putih 1 kg,2,12500
10-04-2020,Item-11,Sabun Cuci Piring,3,14000
10-04-2020,Item-11,Sabun Cuci Piring,4,14000
19-04-2020,Item-26,Susu Bubuk 195g,7,45000
17-05-2020,Item-26,Susu Bubuk 195g,8,45000
17-05-2020,Item-26,Susu Bubuk 195g,14,45000
18-05-2020,Item-26,Susu Bubuk 195g,20,45000
18-05-2020,Item-26,Susu Bubuk 195g,10,45000
24-05-2020,Item-26,Susu Bubuk 195g,10,45000
25-05-2020,Item-26,Susu Bubuk 195g,7,45000
26-05-2020,Item-26,Susu Bubuk 195g,8,45000
27-05-2020,Item-26,Susu Bubuk 195g,17,45000
27-05-2020,Item-26,Susu Bubuk 195g,19,45000
29-05-2020,Item-26,Susu Bubuk 195g,8,45000
29-05-2020,Item-26,Susu Bubuk 195g,17,45000
29-05-2020,Item-26,Susu Bubuk 195g,10,45000
02-06-2020,Item-26,Susu Bubuk 195g,17,45000
03-06-2020,Item-26,Susu Bubuk 195g,1,45000
06-06-2020,Item-26,Susu Bubuk 195g,20,45000
11-06-2020,Item-26,Susu Bubuk 195g,17,45000
14-05-2020,Item-26,Susu Bubuk 195g,8,45000
16-04-2020,Item-26,Susu Bubuk 195g,15,45000
16-04-2020,Item-26,Susu Bubuk 195g,8,45000
16-04-2020,Item-26,Susu Bubuk 195g,3,45000
16-04-2020,Item-26,Susu Bubuk 195g,20,45000
16-04-2020,Item-26,Susu Bubuk 195g,14,45000
16-04-2020,Item-26,Susu Bubuk 195g,6,45000
16-04-2020,Item-26,Susu Bubuk 195g,11,45000
16-04-2020,Item-26,Susu Bubuk 195g,17,45000
17-04-2020,Item-26,Susu Bubuk 195g,5,45000
17-04-2020,Item-26,Susu Bubuk 195g,10,45000
17-04-2020,Item-26,Susu Bubuk 195g,14,45000
17-04-2020,Item-26,Susu Bubuk 195g,19,45000
17-04-2020,Item-26,Susu Bubuk 195g,19,45000
17-04-2020,Item-26,Susu Bubuk 195g,9,45000
17-04-2020,Item-26,Susu Bubuk 195g,6,45000
17-04-2020,Item-26,Susu Bubuk 195g,20,45000
17-04-2020,Item-26,Susu Bubuk 195g,5,45000
26-04-2020,Item-26,Susu Bubuk 195g,14,45000
26-04-2020,Item-26,Susu Bubuk 195g,1,45000
26-04-2020,Item-26,Susu Bubuk 195g,17,45000
26-04-2020,Item-26,Susu Bubuk 195g,16,45000
26-04-2020,Item-26,Susu Bubuk 195g,20,45000
26-04-2020,Item-26,Susu Bubuk 195g,5,45000
26-04-2020,Item-26,Susu Bubuk 195g,16,45000
26-04-2020,Item-26,Susu Bubuk 195g,2,45000
26-04-2020,Item-26,Susu Bubuk 195g,3,45000
26-04-2020,Item-26,Susu Bubuk 195g,18,45000
26-04-2020,Item-26,Susu Bubuk 195g,17,45000
27-04-2020,Item-26,Susu Bubuk 195g,1,45000
27-04-2020,Item-26,Susu Bubuk 195g,13,45000
28-04-2020,Item-26,Susu Bubuk 195g,6,45000
28-04-2020,Item-26,Susu Bubuk 195g,19,45000
28-04-2020,Item-26,Susu Bubuk 195g,6,45000
28-04-2020,Item-26,Susu Bubuk 195g,18,45000
29-04-2020,Item-26,Susu Bubuk 195g,11,45000
29-04-2020,Item-26,Susu Bubuk 195g,14,45000
10-04-2020,Item-11,Sabun Cuci Piring,2,14000
10-04-2020,Item-03,Gula Pasir Putih 1 kg,2,12500
10-04-2020,Item-11,Sabun Cuci Piring,3,14000
10-04-2020,Item-11,Sabun Cuci Piring,4,14000
19-04-2020,Item-26,Susu Bubuk 195g,7,45000
29-04-2020,Item-26,Susu Bubuk 195g,17,45000
29-04-2020,Item-26,Susu Bubuk 195g,4,45000
29-04-2020,Item-26,Susu Bubuk 195g,20,45000
29-04-2020,Item-26,Susu Bubuk 195g,13,45000
03-05-2020,Item-26,Susu Bubuk 195g,11,45000
03-05-2020,Item-26,Susu Bubuk 195g,13,45000
03-05-2020,Item-26,Susu Bubuk 195g,13,45000
03-05-2020,Item-26,Susu Bubuk 195g,20,45000
03-05-2020,Item-26,Susu Bubuk 195g,14,45000
03-05-2020,Item-26,Susu Bubuk 195g,1,45000
03-05-2020,Item-26,Susu Bubuk 195g,13,45000
03-05-2020,Item-26,Susu Bubuk 195g,1,45000
03-05-2020,Item-26,Susu Bubuk 195g,3,45000
04-05-2020,Item-26,Susu Bubuk 195g,5,45000
04-05-2020,Item-26,Susu Bubuk 195g,11,45000
04-05-2020,Item-26,Susu Bubuk 195g,13,45000
04-05-2020,Item-26,Susu Bubuk 195g,16,45000
05-05-2020,Item-26,Susu Bubuk 195g,6,45000
05-05-2020,Item-26,Susu Bubuk 195g,18,45000
05-05-2020,Item-26,Susu Bubuk 195g,18,45000
06-05-2020,Item-26,Susu Bubuk 195g,16,45000
06-05-2020,Item-26,Susu Bubuk 195g,12,45000
06-05-2020,Item-26,Susu Bubuk 195g,12,45000
06-05-2020,Item-26,Susu Bubuk 195g,10,45000
06-05-2020,Item-26,Susu Bubuk 195g,11,45000
06-05-2020,Item-26,Susu Bubuk 195g,7,45000
07-05-2020,Item-26,Susu Bubuk 195g,4,45000
13-05-2020,Item-26,Susu Bubuk 195g,3,45000
13-05-2020,Item-26,Susu Bubuk 195g,14,45000
13-05-2020,Item-26,Susu Bubuk 195g,12,45000
14-05-2020,Item-26,Susu Bubuk 195g,13,45000
14-05-2020,Item-26,Susu Bubuk 195g,12,45000
14-05-2020,Item-26,Susu Bubuk 195g,11,45000
14-05-2020,Item-26,Susu Bubuk 195g,17,45000
14-05-2020,Item-26,Susu Bubuk 195g,4,45000
14-05-2020,Item-26,Susu Bubuk 195g,8,45000
14-05-2020,Item-26,Susu Bubuk 195g,8,45000
14-05-2020,Item-26,Susu Bubuk 195g,17,45000
15-05-2020,Item-26,Susu Bubuk 195g,18,45000
15-05-2020,Item-26,Susu Bubuk 195g,2,45000
15-05-2020,Item-26,Susu Bubuk 195g,4,45000
15-05-2020,Item-26,Susu Bubuk 195g,20,45000
15-05-2020,Item-26,Susu Bubuk 195g,4,45000
15-05-2020,Item-26,Susu Bubuk 195g,6,45000
16-05-2020,Item-26,Susu Bubuk 195g,2,45000
16-05-2020,Item-26,Susu Bubuk 195g,7,45000
17-05-2020,Item-26,Susu Bubuk 195g,20,45000
17-05-2020,Item-26,Susu Bubuk 195g,20,45000
17-05-2020,Item-26,Susu Bubuk 195g,1,45000
17-05-2020,Item-26,Susu Bubuk 195g,20,45000
17-05-2020,Item-26,Susu Bubuk 195g,19,45000
18-05-2020,Item-26,Susu Bubuk 195g,16,45000
18-05-2020,Item-26,Susu Bubuk 195g,9,45000
20-05-2020,Item-26,Susu Bubuk 195g,6,45000
20-05-2020,Item-26,Susu Bubuk 195g,3,45000
20-05-2020,Item-26,Susu Bubuk 195g,9,45000
21-05-2020,Item-26,Susu Bubuk 195g,11,45000
21-05-2020,Item-26,Susu Bubuk 195g,16,45000
21-05-2020,Item-26,Susu Bubuk 195g,6,45000
21-05-2020,Item-26,Susu Bubuk 195g,15,45000
21-05-2020,Item-26,Susu Bubuk 195g,18,45000
23-05-2020,Item-26,Susu Bubuk 195g,19,45000
23-05-2020,Item-26,Susu Bubuk 195g,9,45000
23-05-2020,Item-26,Susu Bubuk 195g,8,45000
23-05-2020,Item-26,Susu Bubuk 195g,18,45000
23-05-2020,Item-26,Susu Bubuk 195g,11,45000
23-05-2020,Item-26,Susu Bubuk 195g,13,45000
24-05-2020,Item-26,Susu Bubuk 195g,5,45000
25-05-2020,Item-26,Susu Bubuk 195g,16,45000
26-05-2020,Item-26,Susu Bubuk 195g,3,45000
26-05-2020,Item-26,Susu Bubuk 195g,17,45000
26-05-2020,Item-26,Susu Bubuk 195g,4,45000
27-05-2020,Item-26,Susu Bubuk 195g,12,45000
27-05-2020,Item-26,Susu Bubuk 195g,10,45000
28-05-2020,Item-26,Susu Bubuk 195g,17,45000
28-05-2020,Item-26,Susu Bubuk 195g,3,45000
29-05-2020,Item-26,Susu Bubuk 195g,10,45000
29-05-2020,Item-26,Susu Bubuk 195g,13,45000
29-05-2020,Item-26,Susu Bubuk 195g,15,45000
29-05-2020,Item-26,Susu Bubuk 195g,19,45000
11-04-2020,Item-07,Pembersih Lantai,1,12000
11-04-2020,Item-07,Pembersih Lantai,2,12000
11-04-2020,Item-07,Pembersih Lantai,3,12000
22-04-2020,Item-07,Pembersih Lantai,3,12000
22-04-2020,Item-07,Pembersih Lantai,3,12000
22-04-2020,Item-07,Pembersih Lantai,2,12000
22-04-2020,Item-07,Pembersih Lantai,1,12000
22-04-2020,Item-07,Pembersih Lantai,3,12000
12-05-2020,Item-07,Pembersih Lantai,2,12000
12-05-2020,Item-07,Pembersih Lantai,2,12000
12-05-2020,Item-07,Pembersih Lantai,4,12000
03-05-2020,Item-07,Pembersih Lantai,3,12000
14-05-2020,Item-07,Pembersih Lantai,3,12000
20-05-2020,Item-07,Pembersih Lantai,2,12000
10-04-2020,Item-07,Pembersih Lantai,3,12000
11-04-2020,Item-07,Pembersih Lantai,1,12000
11-04-2020,Item-07,Pembersih Lantai,2,12000
13-04-2020,Item-07,Pembersih Lantai,4,12000
13-04-2020,Item-07,Pembersih Lantai,3,12000
14-04-2020,Item-07,Pembersih Lantai,2,12000
14-04-2020,Item-07,Pembersih Lantai,3,12000
14-04-2020,Item-07,Pembersih Lantai,3,12000
14-04-2020,Item-07,Pembersih Lantai,4,12000
15-04-2020,Item-07,Pembersih Lantai,1,12000
16-04-2020,Item-07,Pembersih Lantai,3,12000
17-04-2020,Item-07,Pembersih Lantai,1,12000
17-04-2020,Item-07,Pembersih Lantai,3,12000
17-04-2020,Item-07,Pembersih Lantai,1,12000
17-04-2020,Item-07,Pembersih Lantai,2,12000
18-04-2020,Item-07,Pembersih Lantai,4,12000
19-04-2020,Item-07,Pembersih Lantai,1,12000
19-04-2020,Item-07,Pembersih Lantai,1,12000
19-04-2020,Item-07,Pembersih Lantai,2,12000
19-04-2020,Item-07,Pembersih Lantai,1,12000
19-04-2020,Item-07,Pembersih Lantai,3,12000
19-04-2020,Item-07,Pembersih Lantai,4,12000
19-04-2020,Item-07,Pembersih Lantai,3,12000
20-04-2020,Item-07,Pembersih Lantai,4,12000
20-04-2020,Item-07,Pembersih Lantai,4,12000
20-04-2020,Item-07,Pembersih Lantai,1,12000
20-04-2020,Item-07,Pembersih Lantai,4,12000
20-04-2020,Item-07,Pembersih Lantai,2,12000
20-04-2020,Item-07,Pembersih Lantai,3,12000
21-04-2020,Item-07,Pembersih Lantai,2,12000
21-04-2020,Item-07,Pembersih Lantai,1,12000
21-04-2020,Item-07,Pembersih Lantai,4,12000
22-04-2020,Item-07,Pembersih Lantai,3,12000
22-04-2020,Item-07,Pembersih Lantai,2,12000
22-04-2020,Item-07,Pembersih Lantai,4,12000
22-04-2020,Item-07,Pembersih Lantai,1,12000
23-04-2020,Item-07,Pembersih Lantai,1,12000
23-04-2020,Item-07,Pembersih Lantai,3,12000
23-04-2020,Item-07,Pembersih Lantai,1,12000
24-04-2020,Item-07,Pembersih Lantai,1,12000
24-04-2020,Item-07,Pembersih Lantai,3,12000
25-04-2020,Item-07,Pembersih Lantai,2,12000
25-04-2020,Item-07,Pembersih Lantai,2,12000
25-04-2020,Item-07,Pembersih Lantai,2,12000
25-04-2020,Item-07,Pembersih Lantai,4,12000
25-04-2020,Item-07,Pembersih Lantai,3,12000
25-04-2020,Item-07,Pembersih Lantai,4,12000
26-04-2020,Item-07,Pembersih Lantai,4,12000
26-04-2020,Item-07,Pembersih Lantai,4,12000
26-04-2020,Item-07,Pembersih Lantai,2,12000
26-04-2020,Item-07,Pembersih Lantai,4,12000
26-04-2020,Item-07,Pembersih Lantai,2,12000
27-04-2020,Item-07,Pembersih Lantai,1,12000
27-04-2020,Item-07,Pembersih Lantai,3,12000
28-04-2020,Item-07,Pembersih Lantai,4,12000
28-04-2020,Item-07,Pembersih Lantai,2,12000
28-04-2020,Item-07,Pembersih Lantai,3,12000
29-04-2020,Item-07,Pembersih Lantai,2,12000
29-04-2020,Item-07,Pembersih Lantai,2,12000
29-04-2020,Item-07,Pembersih Lantai,3,12000
29-04-2020,Item-07,Pembersih Lantai,2,12000
30-04-2020,Item-07,Pembersih Lantai,4,12000
30-04-2020,Item-07,Pembersih Lantai,3,12000
30-04-2020,Item-07,Pembersih Lantai,2,12000
30-04-2020,Item-07,Pembersih Lantai,3,12000
30-04-2020,Item-07,Pembersih Lantai,3,12000
01-05-2020,Item-07,Pembersih Lantai,2,12000
01-05-2020,Item-07,Pembersih Lantai,2,12000
01-05-2020,Item-07,Pembersih Lantai,3,12000
01-05-2020,Item-07,Pembersih Lantai,3,12000
02-05-2020,Item-07,Pembersih Lantai,1,12000
02-05-2020,Item-07,Pembersih Lantai,2,12000
02-05-2020,Item-07,Pembersih Lantai,3,12000
02-05-2020,Item-07,Pembersih Lantai,4,12000
03-05-2020,Item-07,Pembersih Lantai,4,12000
03-05-2020,Item-07,Pembersih Lantai,4,12000
04-05-2020,Item-07,Pembersih Lantai,2,12000
04-05-2020,Item-07,Pembersih Lantai,1,12000
04-05-2020,Item-07,Pembersih Lantai,4,12000
05-05-2020,Item-07,Pembersih Lantai,4,12000
05-05-2020,Item-07,Pembersih Lantai,1,12000
05-05-2020,Item-07,Pembersih Lantai,2,12000
05-05-2020,Item-07,Pembersih Lantai,4,12000
05-05-2020,Item-07,Pembersih Lantai,4,12000
06-05-2020,Item-07,Pembersih Lantai,3,12000
06-05-2020,Item-07,Pembersih Lantai,4,12000
06-05-2020,Item-07,Pembersih Lantai,2,12000
06-05-2020,Item-07,Pembersih Lantai,2,12000
06-05-2020,Item-07,Pembersih Lantai,3,12000
07-05-2020,Item-07,Pembersih Lantai,4,12000
07-05-2020,Item-07,Pembersih Lantai,1,12000
07-05-2020,Item-07,Pembersih Lantai,3,12000
07-05-2020,Item-07,Pembersih Lantai,2,12000
07-05-2020,Item-07,Pembersih Lantai,2,12000
07-05-2020,Item-07,Pembersih Lantai,2,12000
07-05-2020,Item-07,Pembersih Lantai,2,12000
07-05-2020,Item-07,Pembersih Lantai,4,12000
09-05-2020,Item-07,Pembersih Lantai,4,12000
09-05-2020,Item-07,Pembersih Lantai,2,12000
09-05-2020,Item-07,Pembersih Lantai,4,12000
09-05-2020,Item-07,Pembersih Lantai,4,12000
10-05-2020,Item-07,Pembersih Lantai,4,12000
10-05-2020,Item-07,Pembersih Lantai,2,12000
10-05-2020,Item-07,Pembersih Lantai,4,12000
10-05-2020,Item-07,Pembersih Lantai,2,12000
11-05-2020,Item-07,Pembersih Lantai,4,12000
11-05-2020,Item-07,Pembersih Lantai,4,12000
11-05-2020,Item-07,Pembersih Lantai,1,12000
12-05-2020,Item-07,Pembersih Lantai,2,12000
12-05-2020,Item-07,Pembersih Lantai,2,12000
12-05-2020,Item-07,Pembersih Lantai,4,12000
13-05-2020,Item-07,Pembersih Lantai,3,12000
13-05-2020,Item-07,Pembersih Lantai,3,12000
14-05-2020,Item-07,Pembersih Lantai,1,12000
14-05-2020,Item-07,Pembersih Lantai,4,12000
14-05-2020,Item-07,Pembersih Lantai,2,12000
14-05-2020,Item-07,Pembersih Lantai,4,12000
14-05-2020,Item-07,Pembersih Lantai,2,12000
15-05-2020,Item-07,Pembersih Lantai,1,12000
15-05-2020,Item-07,Pembersih Lantai,2,12000
15-05-2020,Item-07,Pembersih Lantai,2,12000
15-05-2020,Item-07,Pembersih Lantai,4,12000
16-05-2020,Item-07,Pembersih Lantai,3,12000
16-05-2020,Item-07,Pembersih Lantai,2,12000
17-05-2020,Item-07,Pembersih Lantai,1,12000
17-05-2020,Item-07,Pembersih Lantai,4,12000
17-05-2020,Item-07,Pembersih Lantai,1,12000
17-05-2020,Item-07,Pembersih Lantai,2,12000
18-05-2020,Item-07,Pembersih Lantai,4,12000
18-05-2020,Item-07,Pembersih Lantai,4,12000
19-05-2020,Item-07,Pembersih Lantai,1,12000
19-05-2020,Item-07,Pembersih Lantai,2,12000
21-05-2020,Item-07,Pembersih Lantai,4,12000
21-05-2020,Item-07,Pembersih Lantai,3,12000
23-05-2020,Item-07,Pembersih Lantai,1,12000
23-05-2020,Item-07,Pembersih Lantai,2,12000
24-05-2020,Item-07,Pembersih Lantai,1,12000
25-05-2020,Item-07,Pembersih Lantai,4,12000
25-05-2020,Item-07,Pembersih Lantai,4,12000
26-05-2020,Item-07,Pembersih Lantai,2,12000
26-05-2020,Item-07,Pembersih Lantai,3,12000
27-05-2020,Item-07,Pembersih Lantai,1,12000
27-05-2020,Item-07,Pembersih Lantai,1,12000
29-05-2020,Item-07,Pembersih Lantai,1,12000
29-05-2020,Item-07,Pembersih Lantai,4,12000
29-05-2020,Item-07,Pembersih Lantai,2,12000
01-06-2020,Item-07,Pembersih Lantai,2,12000
02-06-2020,Item-07,Pembersih Lantai,1,12000
03-06-2020,Item-07,Pembersih Lantai,1,12000
05-06-2020,Item-07,Pembersih Lantai,1,12000
06-06-2020,Item-07,Pembersih Lantai,1,12000
11-06-2020,Item-07,Pembersih Lantai,4,12000
11-06-2020,Item-07,Pembersih Lantai,1,12000
16-06-2020,Item-07,Pembersih Lantai,2,12000
03-05-2020,Item-07,Pembersih Lantai,3,12000
14-05-2020,Item-07,Pembersih Lantai,3,12000
20-05-2020,Item-07,Pembersih Lantai,2,12000
10-04-2020,Item-07,Pembersih Lantai,3,12000
11-04-2020,Item-07,Pembersih Lantai,1,12000
11-04-2020,Item-07,Pembersih Lantai,2,12000
13-04-2020,Item-07,Pembersih Lantai,4,12000
13-04-2020,Item-07,Pembersih Lantai,3,12000
10-04-2020,Item-11,Sabun Cuci Piring,2,14000
10-04-2020,Item-03,Gula Pasir Putih 1 kg,2,12500
10-04-2020,Item-11,Sabun Cuci Piring,3,14000
10-04-2020,Item-11,Sabun Cuci Piring,4,14000
19-04-2020,Item-26,Susu Bubuk 195g,7,45000
14-04-2020,Item-07,Pembersih Lantai,2,12000
14-04-2020,Item-07,Pembersih Lantai,3,12000
14-04-2020,Item-07,Pembersih Lantai,3,12000
14-04-2020,Item-07,Pembersih Lantai,4,12000
15-04-2020,Item-07,Pembersih Lantai,1,12000
16-04-2020,Item-07,Pembersih Lantai,3,12000
17-04-2020,Item-07,Pembersih Lantai,1,12000
17-04-2020,Item-07,Pembersih Lantai,3,12000
17-04-2020,Item-07,Pembersih Lantai,1,12000
17-04-2020,Item-07,Pembersih Lantai,2,12000
18-04-2020,Item-07,Pembersih Lantai,4,12000
19-04-2020,Item-07,Pembersih Lantai,1,12000
19-04-2020,Item-07,Pembersih Lantai,1,12000
19-04-2020,Item-07,Pembersih Lantai,2,12000
19-04-2020,Item-07,Pembersih Lantai,1,12000
19-04-2020,Item-07,Pembersih Lantai,3,12000
19-04-2020,Item-07,Pembersih Lantai,4,12000
19-04-2020,Item-07,Pembersih Lantai,3,12000
20-04-2020,Item-07,Pembersih Lantai,4,12000
20-04-2020,Item-07,Pembersih Lantai,4,12000
20-04-2020,Item-07,Pembersih Lantai,1,12000
20-04-2020,Item-07,Pembersih Lantai,4,12000
20-04-2020,Item-07,Pembersih Lantai,2,12000
20-04-2020,Item-07,Pembersih Lantai,3,12000
21-04-2020,Item-07,Pembersih Lantai,2,12000
21-04-2020,Item-07,Pembersih Lantai,1,12000
21-04-2020,Item-07,Pembersih Lantai,4,12000
22-04-2020,Item-07,Pembersih Lantai,3,12000
22-04-2020,Item-07,Pembersih Lantai,2,12000
22-04-2020,Item-07,Pembersih Lantai,4,12000
22-04-2020,Item-07,Pembersih Lantai,1,12000
23-04-2020,Item-07,Pembersih Lantai,1,12000
23-04-2020,Item-07,Pembersih Lantai,3,12000
23-04-2020,Item-07,Pembersih Lantai,1,12000
24-04-2020,Item-07,Pembersih Lantai,1,12000
24-04-2020,Item-07,Pembersih Lantai,3,12000
25-04-2020,Item-07,Pembersih Lantai,2,12000
25-04-2020,Item-07,Pembersih Lantai,2,12000
25-04-2020,Item-07,Pembersih Lantai,2,12000
25-04-2020,Item-07,Pembersih Lantai,4,12000
25-04-2020,Item-07,Pembersih Lantai,3,12000
25-04-2020,Item-07,Pembersih Lantai,4,12000
26-04-2020,Item-07,Pembersih Lantai,4,12000
26-04-2020,Item-07,Pembersih Lantai,4,12000
26-04-2020,Item-07,Pembersih Lantai,2,12000
26-04-2020,Item-07,Pembersih Lantai,4,12000
26-04-2020,Item-07,Pembersih Lantai,2,12000
27-04-2020,Item-07,Pembersih Lantai,1,12000
27-04-2020,Item-07,Pembersih Lantai,3,12000
28-04-2020,Item-07,Pembersih Lantai,4,12000
28-04-2020,Item-07,Pembersih Lantai,2,12000
28-04-2020,Item-07,Pembersih Lantai,3,12000
29-04-2020,Item-07,Pembersih Lantai,2,12000
29-04-2020,Item-07,Pembersih Lantai,2,12000
29-04-2020,Item-07,Pembersih Lantai,3,12000
29-04-2020,Item-07,Pembersih Lantai,2,12000
30-04-2020,Item-07,Pembersih Lantai,4,12000
30-04-2020,Item-07,Pembersih Lantai,3,12000
30-04-2020,Item-07,Pembersih Lantai,2,12000
30-04-2020,Item-07,Pembersih Lantai,3,12000
30-04-2020,Item-07,Pembersih Lantai,3,12000
01-05-2020,Item-07,Pembersih Lantai,2,12000
01-05-2020,Item-07,Pembersih Lantai,2,12000
01-05-2020,Item-07,Pembersih Lantai,3,12000
01-05-2020,Item-07,Pembersih Lantai,3,12000
02-05-2020,Item-07,Pembersih Lantai,1,12000
02-05-2020,Item-07,Pembersih Lantai,2,12000
02-05-2020,Item-07,Pembersih Lantai,3,12000
02-05-2020,Item-07,Pembersih Lantai,4,12000
03-05-2020,Item-07,Pembersih Lantai,4,12000
03-05-2020,Item-07,Pembersih Lantai,4,12000
04-05-2020,Item-07,Pembersih Lantai,2,12000
04-05-2020,Item-07,Pembersih Lantai,1,12000
04-05-2020,Item-07,Pembersih Lantai,4,12000
05-05-2020,Item-07,Pembersih Lantai,4,12000
05-05-2020,Item-07,Pembersih Lantai,1,12000
05-05-2020,Item-07,Pembersih Lantai,2,12000
05-05-2020,Item-07,Pembersih Lantai,4,12000
05-05-2020,Item-07,Pembersih Lantai,4,12000
06-05-2020,Item-07,Pembersih Lantai,3,12000
06-05-2020,Item-07,Pembersih Lantai,4,12000
06-05-2020,Item-07,Pembersih Lantai,2,12000
06-05-2020,Item-07,Pembersih Lantai,2,12000
06-05-2020,Item-07,Pembersih Lantai,3,12000
07-05-2020,Item-07,Pembersih Lantai,4,12000
07-05-2020,Item-07,Pembersih Lantai,1,12000
07-05-2020,Item-07,Pembersih Lantai,3,12000
07-05-2020,Item-07,Pembersih Lantai,2,12000
07-05-2020,Item-07,Pembersih Lantai,2,12000
07-05-2020,Item-07,Pembersih Lantai,2,12000
07-05-2020,Item-07,Pembersih Lantai,2,12000
07-05-2020,Item-07,Pembersih Lantai,4,12000
09-05-2020,Item-07,Pembersih Lantai,4,12000
09-05-2020,Item-07,Pembersih Lantai,2,12000
09-05-2020,Item-07,Pembersih Lantai,4,12000
09-05-2020,Item-07,Pembersih Lantai,4,12000
10-05-2020,Item-07,Pembersih Lantai,4,12000
10-05-2020,Item-07,Pembersih Lantai,2,12000
10-05-2020,Item-07,Pembersih Lantai,4,12000
10-05-2020,Item-07,Pembersih Lantai,2,12000
11-05-2020,Item-07,Pembersih Lantai,4,12000
11-05-2020,Item-07,Pembersih Lantai,4,12000
11-05-2020,Item-07,Pembersih Lantai,1,12000
12-05-2020,Item-07,Pembersih Lantai,2,12000
12-05-2020,Item-07,Pembersih Lantai,2,12000
12-05-2020,Item-07,Pembersih Lantai,4,12000
13-05-2020,Item-07,Pembersih Lantai,3,12000
13-05-2020,Item-07,Pembersih Lantai,3,12000
14-05-2020,Item-07,Pembersih Lantai,1,12000
14-05-2020,Item-07,Pembersih Lantai,4,12000
14-05-2020,Item-07,Pembersih Lantai,2,12000
14-05-2020,Item-07,Pembersih Lantai,4,12000
14-05-2020,Item-07,Pembersih Lantai,2,12000
15-05-2020,Item-07,Pembersih Lantai,1,12000
15-05-2020,Item-07,Pembersih Lantai,2,12000
15-05-2020,Item-07,Pembersih Lantai,2,12000
15-05-2020,Item-07,Pembersih Lantai,4,12000
16-05-2020,Item-07,Pembersih Lantai,3,12000
16-05-2020,Item-07,Pembersih Lantai,2,12000
17-05-2020,Item-07,Pembersih Lantai,1,12000
17-05-2020,Item-07,Pembersih Lantai,4,12000
17-05-2020,Item-07,Pembersih Lantai,1,12000
17-05-2020,Item-07,Pembersih Lantai,2,12000
18-05-2020,Item-07,Pembersih Lantai,4,12000
18-05-2020,Item-07,Pembersih Lantai,4,12000
19-05-2020,Item-07,Pembersih Lantai,1,12000
19-05-2020,Item-07,Pembersih Lantai,2,12000
21-05-2020,Item-07,Pembersih Lantai,4,12000
21-05-2020,Item-07,Pembersih Lantai,3,12000
23-05-2020,Item-07,Pembersih Lantai,1,12000
23-05-2020,Item-07,Pembersih Lantai,2,12000
24-05-2020,Item-07,Pembersih Lantai,1,12000
25-05-2020,Item-07,Pembersih Lantai,4,12000
25-05-2020,Item-07,Pembersih Lantai,4,12000
26-05-2020,Item-07,Pembersih Lantai,2,12000
26-05-2020,Item-07,Pembersih Lantai,3,12000
27-05-2020,Item-07,Pembersih Lantai,1,12000
27-05-2020,Item-07,Pembersih Lantai,1,12000
29-05-2020,Item-07,Pembersih Lantai,1,12000
29-05-2020,Item-07,Pembersih Lantai,4,12000
29-05-2020,Item-07,Pembersih Lantai,2,12000
01-06-2020,Item-07,Pembersih Lantai,2,12000
02-06-2020,Item-07,Pembersih Lantai,1,12000
03-06-2020,Item-07,Pembersih Lantai,1,12000
05-06-2020,Item-07,Pembersih Lantai,1,12000
06-06-2020,Item-07,Pembersih Lantai,1,12000
11-06-2020,Item-07,Pembersih Lantai,4,12000
11-06-2020,Item-07,Pembersih Lantai,1,12000
16-06-2020,Item-07,Pembersih Lantai,2,12000
10-04-2020,Item-22,Minyak Goreng 1 Lt,2,16000
10-04-2020,Item-22,Minyak Goreng 1 Lt,3,16000
11-04-2020,Item-22,Minyak Goreng 1 Lt,2,16000
11-04-2020,Item-22,Minyak Goreng 1 Lt,2,16000
11-04-2020,Item-22,Minyak Goreng 1 Lt,1,16000
11-04-2020,Item-22,Minyak Goreng 1 Lt,2,16000
12-04-2020,Item-22,Minyak Goreng 1 Lt,2,16000
13-04-2020,Item-22,Minyak Goreng 1 Lt,3,16000
13-04-2020,Item-22,Minyak Goreng 1 Lt,3,16000
13-04-2020,Item-22,Minyak Goreng 1 Lt,3,16000
14-04-2020,Item-22,Minyak Goreng 1 Lt,2,16000
14-04-2020,Item-22,Minyak Goreng 1 Lt,1,16000
14-04-2020,Item-22,Minyak Goreng 1 Lt,4,16000
14-04-2020,Item-22,Minyak Goreng 1 Lt,2,16000
20-04-2020,Item-22,Minyak Goreng 1 Lt,2,16000
20-04-2020,Item-22,Minyak Goreng 1 Lt,1,16000
21-04-2020,Item-22,Minyak Goreng 1 Lt,1,16000
21-04-2020,Item-22,Minyak Goreng 1 Lt,2,16000
21-04-2020,Item-22,Minyak Goreng 1 Lt,3,16000
14-04-2020,Item-22,Minyak Goreng 1 Lt,4,16000
14-04-2020,Item-22,Minyak Goreng 1 Lt,3,16000
15-04-2020,Item-22,Minyak Goreng 1 Lt,2,16000
15-04-2020,Item-22,Minyak Goreng 1 Lt,4,16000
16-04-2020,Item-22,Minyak Goreng 1 Lt,4,16000
16-04-2020,Item-22,Minyak Goreng 1 Lt,4,16000
16-04-2020,Item-22,Minyak Goreng 1 Lt,3,16000
16-04-2020,Item-22,Minyak Goreng 1 Lt,2,16000
16-04-2020,Item-22,Minyak Goreng 1 Lt,2,16000
16-04-2020,Item-22,Minyak Goreng 1 Lt,2,16000
16-04-2020,Item-22,Minyak Goreng 1 Lt,2,16000
17-04-2020,Item-22,Minyak Goreng 1 Lt,3,16000
17-04-2020,Item-22,Minyak Goreng 1 Lt,1,16000
17-04-2020,Item-22,Minyak Goreng 1 Lt,2,16000
17-04-2020,Item-22,Minyak Goreng 1 Lt,1,16000
17-04-2020,Item-22,Minyak Goreng 1 Lt,1,16000
18-04-2020,Item-22,Minyak Goreng 1 Lt,3,16000
18-04-2020,Item-22,Minyak Goreng 1 Lt,4,16000
18-04-2020,Item-22,Minyak Goreng 1 Lt,4,16000
19-04-2020,Item-22,Minyak Goreng 1 Lt,3,16000
19-04-2020,Item-22,Minyak Goreng 1 Lt,2,16000
19-04-2020,Item-22,Minyak Goreng 1 Lt,4,16000
19-04-2020,Item-22,Minyak Goreng 1 Lt,4,16000
19-04-2020,Item-22,Minyak Goreng 1 Lt,2,16000
19-04-2020,Item-22,Minyak Goreng 1 Lt,2,16000
19-04-2020,Item-22,Minyak Goreng 1 Lt,3,16000
19-04-2020,Item-22,Minyak Goreng 1 Lt,1,16000
19-04-2020,Item-22,Minyak Goreng 1 Lt,2,16000
20-04-2020,Item-22,Minyak Goreng 1 Lt,1,16000
20-04-2020,Item-22,Minyak Goreng 1 Lt,2,16000
20-04-2020,Item-22,Minyak Goreng 1 Lt,3,16000
20-04-2020,Item-22,Minyak Goreng 1 Lt,3,16000
20-04-2020,Item-22,Minyak Goreng 1 Lt,3,16000
20-04-2020,Item-22,Minyak Goreng 1 Lt,3,16000
20-04-2020,Item-22,Minyak Goreng 1 Lt,4,16000
20-04-2020,Item-22,Minyak Goreng 1 Lt,2,16000
20-04-2020,Item-22,Minyak Goreng 1 Lt,3,16000
20-04-2020,Item-22,Minyak Goreng 1 Lt,1,16000
21-04-2020,Item-22,Minyak Goreng 1 Lt,1,16000
21-04-2020,Item-22,Minyak Goreng 1 Lt,3,16000
22-04-2020,Item-22,Minyak Goreng 1 Lt,1,16000
22-04-2020,Item-22,Minyak Goreng 1 Lt,4,16000
22-04-2020,Item-22,Minyak Goreng 1 Lt,1,16000
22-04-2020,Item-22,Minyak Goreng 1 Lt,1,16000
22-04-2020,Item-22,Minyak Goreng 1 Lt,1,16000
22-04-2020,Item-22,Minyak Goreng 1 Lt,3,16000
22-04-2020,Item-22,Minyak Goreng 1 Lt,1,16000
23-04-2020,Item-22,Minyak Goreng 1 Lt,1,16000
23-04-2020,Item-22,Minyak Goreng 1 Lt,4,16000
23-04-2020,Item-22,Minyak Goreng 1 Lt,2,16000
23-04-2020,Item-22,Minyak Goreng 1 Lt,2,16000
23-04-2020,Item-22,Minyak Goreng 1 Lt,2,16000
23-04-2020,Item-22,Minyak Goreng 1 Lt,2,16000
24-04-2020,Item-22,Minyak Goreng 1 Lt,4,16000
24-04-2020,Item-22,Minyak Goreng 1 Lt,2,16000
24-04-2020,Item-22,Minyak Goreng 1 Lt,2,16000
24-04-2020,Item-22,Minyak Goreng 1 Lt,4,16000
24-04-2020,Item-22,Minyak Goreng 1 Lt,4,16000
25-04-2020,Item-22,Minyak Goreng 1 Lt,4,16000
25-04-2020,Item-22,Minyak Goreng 1 Lt,3,16000
25-04-2020,Item-22,Minyak Goreng 1 Lt,1,16000
25-04-2020,Item-22,Minyak Goreng 1 Lt,2,16000
25-04-2020,Item-22,Minyak Goreng 1 Lt,3,16000
25-04-2020,Item-22,Minyak Goreng 1 Lt,2,16000
25-04-2020,Item-22,Minyak Goreng 1 Lt,1,16000
25-04-2020,Item-22,Minyak Goreng 1 Lt,1,16000
26-04-2020,Item-22,Minyak Goreng 1 Lt,1,16000
26-04-2020,Item-22,Minyak Goreng 1 Lt,2,16000
26-04-2020,Item-22,Minyak Goreng 1 Lt,4,16000
26-04-2020,Item-22,Minyak Goreng 1 Lt,3,16000
26-04-2020,Item-22,Minyak Goreng 1 Lt,2,16000
26-04-2020,Item-22,Minyak Goreng 1 Lt,3,16000
27-04-2020,Item-22,Minyak Goreng 1 Lt,3,16000
27-04-2020,Item-22,Minyak Goreng 1 Lt,2,16000
28-04-2020,Item-22,Minyak Goreng 1 Lt,2,16000
28-04-2020,Item-22,Minyak Goreng 1 Lt,1,16000
28-04-2020,Item-22,Minyak Goreng 1 Lt,2,16000
28-04-2020,Item-22,Minyak Goreng 1 Lt,3,16000
28-04-2020,Item-22,Minyak Goreng 1 Lt,3,16000
28-04-2020,Item-22,Minyak Goreng 1 Lt,1,16000
28-04-2020,Item-22,Minyak Goreng 1 Lt,1,16000
29-04-2020,Item-22,Minyak Goreng 1 Lt,3,16000
29-04-2020,Item-22,Minyak Goreng 1 Lt,1,16000
29-04-2020,Item-22,Minyak Goreng 1 Lt,2,16000
29-04-2020,Item-22,Minyak Goreng 1 Lt,3,16000
29-04-2020,Item-22,Minyak Goreng 1 Lt,3,16000
29-04-2020,Item-22,Minyak Goreng 1 Lt,1,16000
29-04-2020,Item-22,Minyak Goreng 1 Lt,4,16000
29-04-2020,Item-22,Minyak Goreng 1 Lt,1,16000
29-04-2020,Item-22,Minyak Goreng 1 Lt,1,16000
30-04-2020,Item-22,Minyak Goreng 1 Lt,3,16000
30-04-2020,Item-22,Minyak Goreng 1 Lt,2,16000
30-04-2020,Item-22,Minyak Goreng 1 Lt,1,16000
30-04-2020,Item-22,Minyak Goreng 1 Lt,2,16000
30-04-2020,Item-22,Minyak Goreng 1 Lt,3,16000
30-04-2020,Item-22,Minyak Goreng 1 Lt,2,16000
30-04-2020,Item-22,Minyak Goreng 1 Lt,3,16000
30-04-2020,Item-22,Minyak Goreng 1 Lt,2,16000
01-05-2020,Item-22,Minyak Goreng 1 Lt,4,16000
01-05-2020,Item-22,Minyak Goreng 1 Lt,4,16000
01-05-2020,Item-22,Minyak Goreng 1 Lt,1,16000
01-05-2020,Item-22,Minyak Goreng 1 Lt,1,16000
04-05-2020,Item-22,Minyak Goreng 1 Lt,3,16000
04-05-2020,Item-22,Minyak Goreng 1 Lt,1,16000
04-05-2020,Item-22,Minyak Goreng 1 Lt,1,16000
04-05-2020,Item-22,Minyak Goreng 1 Lt,3,16000
05-05-2020,Item-22,Minyak Goreng 1 Lt,3,16000
05-05-2020,Item-22,Minyak Goreng 1 Lt,3,16000
05-05-2020,Item-22,Minyak Goreng 1 Lt,3,16000
05-05-2020,Item-22,Minyak Goreng 1 Lt,2,16000
05-05-2020,Item-22,Minyak Goreng 1 Lt,3,16000
05-05-2020,Item-22,Minyak Goreng 1 Lt,4,16000
06-05-2020,Item-22,Minyak Goreng 1 Lt,3,16000
06-05-2020,Item-22,Minyak Goreng 1 Lt,2,16000
06-05-2020,Item-22,Minyak Goreng 1 Lt,2,16000
06-05-2020,Item-22,Minyak Goreng 1 Lt,4,16000
06-05-2020,Item-22,Minyak Goreng 1 Lt,3,16000
06-05-2020,Item-22,Minyak Goreng 1 Lt,3,16000
07-05-2020,Item-22,Minyak Goreng 1 Lt,1,16000
07-05-2020,Item-22,Minyak Goreng 1 Lt,2,16000
07-05-2020,Item-22,Minyak Goreng 1 Lt,1,16000
07-05-2020,Item-22,Minyak Goreng 1 Lt,2,16000
07-05-2020,Item-22,Minyak Goreng 1 Lt,3,16000
07-05-2020,Item-22,Minyak Goreng 1 Lt,4,16000
07-05-2020,Item-22,Minyak Goreng 1 Lt,2,16000
07-05-2020,Item-22,Minyak Goreng 1 Lt,2,16000
07-05-2020,Item-22,Minyak Goreng 1 Lt,3,16000
07-05-2020,Item-22,Minyak Goreng 1 Lt,4,16000
07-05-2020,Item-22,Minyak Goreng 1 Lt,1,16000
08-05-2020,Item-22,Minyak Goreng 1 Lt,1,16000
09-05-2020,Item-22,Minyak Goreng 1 Lt,2,16000
09-05-2020,Item-22,Minyak Goreng 1 Lt,1,16000
09-05-2020,Item-22,Minyak Goreng 1 Lt,1,16000
09-05-2020,Item-22,Minyak Goreng 1 Lt,1,16000
10-05-2020,Item-22,Minyak Goreng 1 Lt,3,16000
10-05-2020,Item-22,Minyak Goreng 1 Lt,1,16000
10-05-2020,Item-22,Minyak Goreng 1 Lt,3,16000
10-05-2020,Item-22,Minyak Goreng 1 Lt,2,16000
11-05-2020,Item-22,Minyak Goreng 1 Lt,3,16000
11-05-2020,Item-22,Minyak Goreng 1 Lt,2,16000
11-05-2020,Item-22,Minyak Goreng 1 Lt,1,16000
11-05-2020,Item-22,Minyak Goreng 1 Lt,3,16000
11-05-2020,Item-22,Minyak Goreng 1 Lt,3,16000
12-05-2020,Item-22,Minyak Goreng 1 Lt,3,16000
12-05-2020,Item-22,Minyak Goreng 1 Lt,2,16000
12-05-2020,Item-22,Minyak Goreng 1 Lt,2,16000
12-05-2020,Item-22,Minyak Goreng 1 Lt,4,16000
13-05-2020,Item-22,Minyak Goreng 1 Lt,2,16000
13-05-2020,Item-22,Minyak Goreng 1 Lt,3,16000
13-05-2020,Item-22,Minyak Goreng 1 Lt,3,16000
14-05-2020,Item-22,Minyak Goreng 1 Lt,3,16000
14-05-2020,Item-22,Minyak Goreng 1 Lt,2,16000
14-05-2020,Item-22,Minyak Goreng 1 Lt,2,16000
14-05-2020,Item-22,Minyak Goreng 1 Lt,1,16000
14-05-2020,Item-22,Minyak Goreng 1 Lt,3,16000
14-05-2020,Item-22,Minyak Goreng 1 Lt,2,16000
14-05-2020,Item-22,Minyak Goreng 1 Lt,1,16000
15-05-2020,Item-22,Minyak Goreng 1 Lt,2,16000
15-05-2020,Item-22,Minyak Goreng 1 Lt,2,16000
15-05-2020,Item-22,Minyak Goreng 1 Lt,4,16000
15-05-2020,Item-22,Minyak Goreng 1 Lt,3,16000
16-05-2020,Item-22,Minyak Goreng 1 Lt,1,16000
16-05-2020,Item-22,Minyak Goreng 1 Lt,1,16000
17-05-2020,Item-22,Minyak Goreng 1 Lt,4,16000
17-05-2020,Item-22,Minyak Goreng 1 Lt,1,16000
17-05-2020,Item-22,Minyak Goreng 1 Lt,2,16000
17-05-2020,Item-22,Minyak Goreng 1 Lt,3,16000
18-05-2020,Item-22,Minyak Goreng 1 Lt,1,16000
18-05-2020,Item-22,Minyak Goreng 1 Lt,3,16000
18-05-2020,Item-22,Minyak Goreng 1 Lt,1,16000
18-05-2020,Item-22,Minyak Goreng 1 Lt,4,16000
18-05-2020,Item-22,Minyak Goreng 1 Lt,1,16000
18-05-2020,Item-22,Minyak Goreng 1 Lt,1,16000
19-05-2020,Item-22,Minyak Goreng 1 Lt,1,16000
19-05-2020,Item-22,Minyak Goreng 1 Lt,3,16000
19-05-2020,Item-22,Minyak Goreng 1 Lt,2,16000
20-05-2020,Item-22,Minyak Goreng 1 Lt,2,16000
20-05-2020,Item-22,Minyak Goreng 1 Lt,2,16000
21-05-2020,Item-22,Minyak Goreng 1 Lt,3,16000
21-05-2020,Item-22,Minyak Goreng 1 Lt,4,16000
21-05-2020,Item-22,Minyak Goreng 1 Lt,1,16000
21-05-2020,Item-22,Minyak Goreng 1 Lt,3,16000
21-05-2020,Item-22,Minyak Goreng 1 Lt,4,16000
23-05-2020,Item-22,Minyak Goreng 1 Lt,3,16000
23-05-2020,Item-22,Minyak Goreng 1 Lt,3,16000
23-05-2020,Item-22,Minyak Goreng 1 Lt,3,16000
23-05-2020,Item-22,Minyak Goreng 1 Lt,2,16000
24-05-2020,Item-22,Minyak Goreng 1 Lt,4,16000
25-05-2020,Item-22,Minyak Goreng 1 Lt,2,16000
25-05-2020,Item-22,Minyak Goreng 1 Lt,4,16000
26-05-2020,Item-22,Minyak Goreng 1 Lt,2,16000
26-05-2020,Item-22,Minyak Goreng 1 Lt,3,16000
27-05-2020,Item-22,Minyak Goreng 1 Lt,1,16000
27-05-2020,Item-22,Minyak Goreng 1 Lt,1,16000
28-05-2020,Item-22,Minyak Goreng 1 Lt,1,16000
29-05-2020,Item-22,Minyak Goreng 1 Lt,3,16000
29-05-2020,Item-22,Minyak Goreng 1 Lt,3,16000
29-05-2020,Item-22,Minyak Goreng 1 Lt,1,16000
29-05-2020,Item-22,Minyak Goreng 1 Lt,1,16000
30-05-2020,Item-22,Minyak Goreng 1 Lt,3,16000
30-05-2020,Item-22,Minyak Goreng 1 Lt,4,16000
30-05-2020,Item-22,Minyak Goreng 1 Lt,3,16000
31-05-2020,Item-22,Minyak Goreng 1 Lt,2,16000
01-06-2020,Item-22,Minyak Goreng 1 Lt,3,16000
02-06-2020,Item-22,Minyak Goreng 1 Lt,2,16000
02-06-2020,Item-22,Minyak Goreng 1 Lt,3,16000
03-06-2020,Item-22,Minyak Goreng 1 Lt,1,16000
04-06-2020,Item-22,Minyak Goreng 1 Lt,2,16000
05-06-2020,Item-22,Minyak Goreng 1 Lt,4,16000
05-06-2020,Item-22,Minyak Goreng 1 Lt,2,16000
06-06-2020,Item-22,Minyak Goreng 1 Lt,1,16000
08-06-2020,Item-22,Minyak Goreng 1 Lt,2,16000
08-06-2020,Item-22,Minyak Goreng 1 Lt,3,16000
11-06-2020,Item-22,Minyak Goreng 1 Lt,2,16000
11-06-2020,Item-22,Minyak Goreng 1 Lt,1,16000
16-06-2020,Item-22,Minyak Goreng 1 Lt,3,16000
19-04-2020,Item-22,Minyak Goreng 1 Lt,4,16000
19-04-2020,Item-22,Minyak Goreng 1 Lt,1,16000
20-04-2020,Item-22,Minyak Goreng 1 Lt,1,16000
20-04-2020,Item-22,Minyak Goreng 1 Lt,4,16000
20-04-2020,Item-22,Minyak Goreng 1 Lt,4,16000
21-04-2020,Item-22,Minyak Goreng 1 Lt,4,16000
22-04-2020,Item-22,Minyak Goreng 1 Lt,4,16000
22-04-2020,Item-22,Minyak Goreng 1 Lt,2,16000
22-04-2020,Item-22,Minyak Goreng 1 Lt,4,16000
23-04-2020,Item-22,Minyak Goreng 1 Lt,2,16000
23-04-2020,Item-22,Minyak Goreng 1 Lt,2,16000
24-04-2020,Item-22,Minyak Goreng 1 Lt,1,16000
25-04-2020,Item-22,Minyak Goreng 1 Lt,3,16000
25-04-2020,Item-22,Minyak Goreng 1 Lt,1,16000
25-04-2020,Item-22,Minyak Goreng 1 Lt,4,16000
25-04-2020,Item-22,Minyak Goreng 1 Lt,4,16000
25-04-2020,Item-22,Minyak Goreng 1 Lt,2,16000
10-04-2020,Item-05,Mi Goreng Instant,2,2600
10-04-2020,Item-05,Mi Goreng Instant,2,2600
11-04-2020,Item-05,Mi Goreng Instant,2,2600
11-04-2020,Item-05,Mi Goreng Instant,1,2600
11-04-2020,Item-05,Mi Goreng Instant,3,2600
11-04-2020,Item-05,Mi Goreng Instant,1,2600
11-04-2020,Item-05,Mi Goreng Instant,1,2600
11-04-2020,Item-05,Mi Goreng Instant,4,2600
26-04-2020,Item-22,Minyak Goreng 1 Lt,4,16000
26-04-2020,Item-22,Minyak Goreng 1 Lt,4,16000
27-04-2020,Item-22,Minyak Goreng 1 Lt,2,16000
27-04-2020,Item-22,Minyak Goreng 1 Lt,1,16000
28-04-2020,Item-22,Minyak Goreng 1 Lt,3,16000
28-04-2020,Item-22,Minyak Goreng 1 Lt,3,16000
29-04-2020,Item-22,Minyak Goreng 1 Lt,2,16000
29-04-2020,Item-22,Minyak Goreng 1 Lt,1,16000
30-04-2020,Item-22,Minyak Goreng 1 Lt,2,16000
30-04-2020,Item-22,Minyak Goreng 1 Lt,3,16000
30-04-2020,Item-22,Minyak Goreng 1 Lt,1,16000
30-04-2020,Item-22,Minyak Goreng 1 Lt,2,16000
30-04-2020,Item-22,Minyak Goreng 1 Lt,4,16000
01-05-2020,Item-22,Minyak Goreng 1 Lt,3,16000
01-05-2020,Item-22,Minyak Goreng 1 Lt,3,16000
03-05-2020,Item-22,Minyak Goreng 1 Lt,3,16000
03-05-2020,Item-22,Minyak Goreng 1 Lt,2,16000
05-05-2020,Item-22,Minyak Goreng 1 Lt,1,16000
05-05-2020,Item-22,Minyak Goreng 1 Lt,2,16000
05-05-2020,Item-22,Minyak Goreng 1 Lt,3,16000
06-05-2020,Item-22,Minyak Goreng 1 Lt,1,16000
06-05-2020,Item-22,Minyak Goreng 1 Lt,2,16000
06-05-2020,Item-22,Minyak Goreng 1 Lt,4,16000
07-05-2020,Item-22,Minyak Goreng 1 Lt,2,16000
07-05-2020,Item-22,Minyak Goreng 1 Lt,4,16000
07-05-2020,Item-22,Minyak Goreng 1 Lt,3,16000
07-05-2020,Item-22,Minyak Goreng 1 Lt,1,16000
07-05-2020,Item-22,Minyak Goreng 1 Lt,4,16000
09-05-2020,Item-22,Minyak Goreng 1 Lt,4,16000
10-05-2020,Item-22,Minyak Goreng 1 Lt,1,16000
10-05-2020,Item-22,Minyak Goreng 1 Lt,4,16000
10-05-2020,Item-22,Minyak Goreng 1 Lt,2,16000
10-05-2020,Item-22,Minyak Goreng 1 Lt,2,16000
11-05-2020,Item-22,Minyak Goreng 1 Lt,3,16000
12-05-2020,Item-22,Minyak Goreng 1 Lt,2,16000
12-05-2020,Item-22,Minyak Goreng 1 Lt,3,16000
14-05-2020,Item-22,Minyak Goreng 1 Lt,2,16000
15-05-2020,Item-22,Minyak Goreng 1 Lt,3,16000
15-05-2020,Item-22,Minyak Goreng 1 Lt,4,16000
16-05-2020,Item-22,Minyak Goreng 1 Lt,1,16000
17-05-2020,Item-22,Minyak Goreng 1 Lt,1,16000
17-05-2020,Item-22,Minyak Goreng 1 Lt,1,16000
18-05-2020,Item-22,Minyak Goreng 1 Lt,3,16000
18-05-2020,Item-22,Minyak Goreng 1 Lt,1,16000
24-05-2020,Item-22,Minyak Goreng 1 Lt,3,16000
25-05-2020,Item-22,Minyak Goreng 1 Lt,2,16000
26-05-2020,Item-22,Minyak Goreng 1 Lt,1,16000
27-05-2020,Item-22,Minyak Goreng 1 Lt,4,16000
27-05-2020,Item-22,Minyak Goreng 1 Lt,4,16000
29-05-2020,Item-22,Minyak Goreng 1 Lt,1,16000
29-05-2020,Item-22,Minyak Goreng 1 Lt,1,16000
29-05-2020,Item-22,Minyak Goreng 1 Lt,2,16000
02-06-2020,Item-22,Minyak Goreng 1 Lt,4,16000
03-06-2020,Item-22,Minyak Goreng 1 Lt,4,16000
06-06-2020,Item-22,Minyak Goreng 1 Lt,2,16000
11-06-2020,Item-22,Minyak Goreng 1 Lt,2,16000
19-04-2020,Item-23,Air Mineral Botol 500 ml,4,3000
19-04-2020,Item-23,Air Mineral Botol 500 ml,1,3000
20-04-2020,Item-23,Air Mineral Botol 500 ml,1,3000
20-04-2020,Item-23,Air Mineral Botol 500 ml,4,3000
20-04-2020,Item-23,Air Mineral Botol 500 ml,4,3000
21-04-2020,Item-23,Air Mineral Botol 500 ml,4,3000
22-04-2020,Item-23,Air Mineral Botol 500 ml,4,3000
22-04-2020,Item-23,Air Mineral Botol 500 ml,2,3000
22-04-2020,Item-23,Air Mineral Botol 500 ml,4,3000
23-04-2020,Item-23,Air Mineral Botol 500 ml,2,3000
23-04-2020,Item-23,Air Mineral Botol 500 ml,2,3000
24-04-2020,Item-23,Air Mineral Botol 500 ml,1,3000
25-04-2020,Item-23,Air Mineral Botol 500 ml,3,3000
25-04-2020,Item-23,Air Mineral Botol 500 ml,1,3000
25-04-2020,Item-23,Air Mineral Botol 500 ml,4,3000
25-04-2020,Item-23,Air Mineral Botol 500 ml,4,3000
25-04-2020,Item-23,Air Mineral Botol 500 ml,2,3000
26-04-2020,Item-23,Air Mineral Botol 500 ml,4,3000
26-04-2020,Item-23,Air Mineral Botol 500 ml,4,3000
27-04-2020,Item-23,Air Mineral Botol 500 ml,2,3000
27-04-2020,Item-23,Air Mineral Botol 500 ml,1,3000
28-04-2020,Item-23,Air Mineral Botol 500 ml,3,3000
28-04-2020,Item-23,Air Mineral Botol 500 ml,3,3000
29-04-2020,Item-23,Air Mineral Botol 500 ml,2,3000
29-04-2020,Item-23,Air Mineral Botol 500 ml,1,3000
30-04-2020,Item-23,Air Mineral Botol 500 ml,2,3000
30-04-2020,Item-23,Air Mineral Botol 500 ml,3,3000
30-04-2020,Item-23,Air Mineral Botol 500 ml,1,3000
30-04-2020,Item-23,Air Mineral Botol 500 ml,2,3000
30-04-2020,Item-23,Air Mineral Botol 500 ml,4,3000
01-05-2020,Item-23,Air Mineral Botol 500 ml,3,3000
01-05-2020,Item-23,Air Mineral Botol 500 ml,3,3000
03-05-2020,Item-23,Air Mineral Botol 500 ml,3,3000
03-05-2020,Item-23,Air Mineral Botol 500 ml,2,3000
05-05-2020,Item-23,Air Mineral Botol 500 ml,1,3000
05-05-2020,Item-23,Air Mineral Botol 500 ml,2,3000
05-05-2020,Item-23,Air Mineral Botol 500 ml,3,3000
06-05-2020,Item-23,Air Mineral Botol 500 ml,1,3000
06-05-2020,Item-23,Air Mineral Botol 500 ml,2,3000
06-05-2020,Item-23,Air Mineral Botol 500 ml,4,3000
07-05-2020,Item-23,Air Mineral Botol 500 ml,2,3000
07-05-2020,Item-23,Air Mineral Botol 500 ml,4,3000
20-04-2020,Item-27,Bedak Bayi,3,25000
07-05-2020,Item-23,Air Mineral Botol 500 ml,3,3000
07-05-2020,Item-23,Air Mineral Botol 500 ml,1,3000
07-05-2020,Item-23,Air Mineral Botol 500 ml,4,3000
09-05-2020,Item-23,Air Mineral Botol 500 ml,4,3000
10-05-2020,Item-23,Air Mineral Botol 500 ml,1,3000
10-05-2020,Item-23,Air Mineral Botol 500 ml,4,3000
10-05-2020,Item-23,Air Mineral Botol 500 ml,2,3000
10-05-2020,Item-23,Air Mineral Botol 500 ml,2,3000
11-05-2020,Item-23,Air Mineral Botol 500 ml,3,3000
12-05-2020,Item-23,Air Mineral Botol 500 ml,2,3000
12-05-2020,Item-23,Air Mineral Botol 500 ml,3,3000
14-05-2020,Item-23,Air Mineral Botol 500 ml,2,3000
15-05-2020,Item-23,Air Mineral Botol 500 ml,3,3000
15-05-2020,Item-23,Air Mineral Botol 500 ml,4,3000
16-05-2020,Item-23,Air Mineral Botol 500 ml,1,3000
17-05-2020,Item-23,Air Mineral Botol 500 ml,1,3000
17-05-2020,Item-23,Air Mineral Botol 500 ml,1,3000
18-05-2020,Item-23,Air Mineral Botol 500 ml,3,3000
18-05-2020,Item-23,Air Mineral Botol 500 ml,1,3000
24-05-2020,Item-23,Air Mineral Botol 500 ml,3,3000
25-05-2020,Item-23,Air Mineral Botol 500 ml,2,3000
26-05-2020,Item-23,Air Mineral Botol 500 ml,1,3000
27-05-2020,Item-23,Air Mineral Botol 500 ml,4,3000
27-05-2020,Item-23,Air Mineral Botol 500 ml,4,3000
29-05-2020,Item-23,Air Mineral Botol 500 ml,1,3000
29-05-2020,Item-23,Air Mineral Botol 500 ml,1,3000
29-05-2020,Item-23,Air Mineral Botol 500 ml,2,3000
02-06-2020,Item-23,Air Mineral Botol 500 ml,4,3000
03-06-2020,Item-23,Air Mineral Botol 500 ml,4,3000
06-06-2020,Item-23,Air Mineral Botol 500 ml,2,3000
11-06-2020,Item-23,Air Mineral Botol 500 ml,2,3000
14-05-2020,Item-23,Air Mineral Botol 500 ml,1,3000
16-04-2020,Item-23,Air Mineral Botol 500 ml,4,3000
16-04-2020,Item-23,Air Mineral Botol 500 ml,3,3000
16-04-2020,Item-23,Air Mineral Botol 500 ml,4,3000
16-04-2020,Item-23,Air Mineral Botol 500 ml,2,3000
16-04-2020,Item-23,Air Mineral Botol 500 ml,4,3000
16-04-2020,Item-23,Air Mineral Botol 500 ml,3,3000
16-04-2020,Item-23,Air Mineral Botol 500 ml,1,3000
16-04-2020,Item-23,Air Mineral Botol 500 ml,4,3000
17-04-2020,Item-23,Air Mineral Botol 500 ml,1,3000
17-04-2020,Item-23,Air Mineral Botol 500 ml,3,3000
17-04-2020,Item-23,Air Mineral Botol 500 ml,4,3000
17-04-2020,Item-23,Air Mineral Botol 500 ml,1,3000
17-04-2020,Item-23,Air Mineral Botol 500 ml,2,3000
17-04-2020,Item-23,Air Mineral Botol 500 ml,1,3000
17-04-2020,Item-23,Air Mineral Botol 500 ml,3,3000
17-04-2020,Item-23,Air Mineral Botol 500 ml,4,3000
17-04-2020,Item-23,Air Mineral Botol 500 ml,1,3000
26-04-2020,Item-23,Air Mineral Botol 500 ml,2,3000
26-04-2020,Item-23,Air Mineral Botol 500 ml,3,3000
26-04-2020,Item-23,Air Mineral Botol 500 ml,3,3000
26-04-2020,Item-23,Air Mineral Botol 500 ml,1,3000
26-04-2020,Item-23,Air Mineral Botol 500 ml,4,3000
26-04-2020,Item-23,Air Mineral Botol 500 ml,4,3000
26-04-2020,Item-23,Air Mineral Botol 500 ml,2,3000
26-04-2020,Item-23,Air Mineral Botol 500 ml,2,3000
26-04-2020,Item-23,Air Mineral Botol 500 ml,3,3000
26-04-2020,Item-23,Air Mineral Botol 500 ml,3,3000
26-04-2020,Item-23,Air Mineral Botol 500 ml,3,3000
27-04-2020,Item-23,Air Mineral Botol 500 ml,3,3000
27-04-2020,Item-23,Air Mineral Botol 500 ml,1,3000
28-04-2020,Item-23,Air Mineral Botol 500 ml,3,3000
28-04-2020,Item-23,Air Mineral Botol 500 ml,2,3000
28-04-2020,Item-23,Air Mineral Botol 500 ml,1,3000
28-04-2020,Item-23,Air Mineral Botol 500 ml,1,3000
29-04-2020,Item-23,Air Mineral Botol 500 ml,3,3000
29-04-2020,Item-23,Air Mineral Botol 500 ml,2,3000
29-04-2020,Item-23,Air Mineral Botol 500 ml,2,3000
29-04-2020,Item-23,Air Mineral Botol 500 ml,3,3000
29-04-2020,Item-23,Air Mineral Botol 500 ml,4,3000
29-04-2020,Item-23,Air Mineral Botol 500 ml,3,3000
03-05-2020,Item-23,Air Mineral Botol 500 ml,4,3000
03-05-2020,Item-23,Air Mineral Botol 500 ml,2,3000
03-05-2020,Item-23,Air Mineral Botol 500 ml,3,3000
03-05-2020,Item-23,Air Mineral Botol 500 ml,3,3000
03-05-2020,Item-23,Air Mineral Botol 500 ml,2,3000
03-05-2020,Item-23,Air Mineral Botol 500 ml,2,3000
03-05-2020,Item-23,Air Mineral Botol 500 ml,4,3000
03-05-2020,Item-23,Air Mineral Botol 500 ml,1,3000
03-05-2020,Item-23,Air Mineral Botol 500 ml,4,3000
04-05-2020,Item-23,Air Mineral Botol 500 ml,3,3000
04-05-2020,Item-23,Air Mineral Botol 500 ml,2,3000
04-05-2020,Item-23,Air Mineral Botol 500 ml,2,3000
04-05-2020,Item-23,Air Mineral Botol 500 ml,4,3000
05-05-2020,Item-23,Air Mineral Botol 500 ml,1,3000
05-05-2020,Item-23,Air Mineral Botol 500 ml,1,3000
05-05-2020,Item-23,Air Mineral Botol 500 ml,4,3000
06-05-2020,Item-23,Air Mineral Botol 500 ml,4,3000
06-05-2020,Item-23,Air Mineral Botol 500 ml,1,3000
06-05-2020,Item-23,Air Mineral Botol 500 ml,2,3000
06-05-2020,Item-23,Air Mineral Botol 500 ml,1,3000
06-05-2020,Item-23,Air Mineral Botol 500 ml,1,3000
06-05-2020,Item-23,Air Mineral Botol 500 ml,2,3000
07-05-2020,Item-23,Air Mineral Botol 500 ml,1,3000
13-05-2020,Item-23,Air Mineral Botol 500 ml,1,3000
13-05-2020,Item-23,Air Mineral Botol 500 ml,2,3000
13-05-2020,Item-23,Air Mineral Botol 500 ml,4,3000
14-05-2020,Item-23,Air Mineral Botol 500 ml,3,3000
14-05-2020,Item-23,Air Mineral Botol 500 ml,2,3000
14-05-2020,Item-23,Air Mineral Botol 500 ml,4,3000
14-05-2020,Item-23,Air Mineral Botol 500 ml,3,3000
14-05-2020,Item-23,Air Mineral Botol 500 ml,1,3000
14-05-2020,Item-23,Air Mineral Botol 500 ml,4,3000
14-05-2020,Item-23,Air Mineral Botol 500 ml,2,3000
14-05-2020,Item-23,Air Mineral Botol 500 ml,4,3000
15-05-2020,Item-23,Air Mineral Botol 500 ml,3,3000
15-05-2020,Item-23,Air Mineral Botol 500 ml,3,3000
15-05-2020,Item-23,Air Mineral Botol 500 ml,1,3000
15-05-2020,Item-23,Air Mineral Botol 500 ml,2,3000
15-05-2020,Item-23,Air Mineral Botol 500 ml,2,3000
15-05-2020,Item-23,Air Mineral Botol 500 ml,4,3000
16-05-2020,Item-23,Air Mineral Botol 500 ml,1,3000
16-05-2020,Item-23,Air Mineral Botol 500 ml,2,3000
17-05-2020,Item-23,Air Mineral Botol 500 ml,2,3000
17-05-2020,Item-23,Air Mineral Botol 500 ml,2,3000
17-05-2020,Item-23,Air Mineral Botol 500 ml,2,3000
17-05-2020,Item-23,Air Mineral Botol 500 ml,2,3000
17-05-2020,Item-23,Air Mineral Botol 500 ml,2,3000
18-05-2020,Item-23,Air Mineral Botol 500 ml,1,3000
18-05-2020,Item-23,Air Mineral Botol 500 ml,1,3000
20-05-2020,Item-23,Air Mineral Botol 500 ml,1,3000
20-05-2020,Item-23,Air Mineral Botol 500 ml,2,3000
20-05-2020,Item-23,Air Mineral Botol 500 ml,1,3000
21-05-2020,Item-23,Air Mineral Botol 500 ml,3,3000
21-05-2020,Item-23,Air Mineral Botol 500 ml,4,3000
21-05-2020,Item-23,Air Mineral Botol 500 ml,3,3000
21-05-2020,Item-23,Air Mineral Botol 500 ml,2,3000
21-05-2020,Item-23,Air Mineral Botol 500 ml,3,3000
23-05-2020,Item-23,Air Mineral Botol 500 ml,3,3000
23-05-2020,Item-23,Air Mineral Botol 500 ml,4,3000
23-05-2020,Item-23,Air Mineral Botol 500 ml,4,3000
23-05-2020,Item-23,Air Mineral Botol 500 ml,2,3000
23-05-2020,Item-23,Air Mineral Botol 500 ml,4,3000
23-05-2020,Item-23,Air Mineral Botol 500 ml,2,3000
24-05-2020,Item-23,Air Mineral Botol 500 ml,3,3000
25-05-2020,Item-23,Air Mineral Botol 500 ml,2,3000
26-05-2020,Item-23,Air Mineral Botol 500 ml,3,3000
26-05-2020,Item-23,Air Mineral Botol 500 ml,4,3000
26-05-2020,Item-23,Air Mineral Botol 500 ml,2,3000
27-05-2020,Item-23,Air Mineral Botol 500 ml,3,3000
27-05-2020,Item-23,Air Mineral Botol 500 ml,1,3000
28-05-2020,Item-23,Air Mineral Botol 500 ml,4,3000
28-05-2020,Item-23,Air Mineral Botol 500 ml,4,3000
29-05-2020,Item-23,Air Mineral Botol 500 ml,3,3000
29-05-2020,Item-23,Air Mineral Botol 500 ml,1,3000
29-05-2020,Item-23,Air Mineral Botol 500 ml,2,3000
29-05-2020,Item-23,Air Mineral Botol 500 ml,4,3000
29-05-2020,Item-23,Air Mineral Botol 500 ml,4,3000
29-05-2020,Item-23,Air Mineral Botol 500 ml,3,3000
30-05-2020,Item-23,Air Mineral Botol 500 ml,2,3000
30-05-2020,Item-23,Air Mineral Botol 500 ml,4,3000
30-05-2020,Item-23,Air Mineral Botol 500 ml,1,3000
31-05-2020,Item-23,Air Mineral Botol 500 ml,2,3000
01-06-2020,Item-23,Air Mineral Botol 500 ml,4,3000
02-06-2020,Item-23,Air Mineral Botol 500 ml,3,3000
02-06-2020,Item-23,Air Mineral Botol 500 ml,3,3000
28-04-2020,Item-23,Air Mineral Botol 500 ml,2,3000
28-04-2020,Item-23,Air Mineral Botol 500 ml,3,3000
28-04-2020,Item-23,Air Mineral Botol 500 ml,1,3000
28-04-2020,Item-23,Air Mineral Botol 500 ml,2,3000
28-04-2020,Item-23,Air Mineral Botol 500 ml,2,3000
28-04-2020,Item-23,Air Mineral Botol 500 ml,1,3000
29-04-2020,Item-23,Air Mineral Botol 500 ml,1,3000
29-04-2020,Item-23,Air Mineral Botol 500 ml,2,3000
29-04-2020,Item-23,Air Mineral Botol 500 ml,3,3000
29-04-2020,Item-23,Air Mineral Botol 500 ml,3,3000
05-05-2020,Item-23,Air Mineral Botol 500 ml,3,3000
05-05-2020,Item-23,Air Mineral Botol 500 ml,1,3000
05-05-2020,Item-23,Air Mineral Botol 500 ml,2,3000
05-05-2020,Item-23,Air Mineral Botol 500 ml,3,3000
10-04-2020,Item-11,Sabun Cuci Piring,2,14000
10-04-2020,Item-03,Gula Pasir Putih 1 kg,2,12500
10-04-2020,Item-11,Sabun Cuci Piring,3,14000
10-04-2020,Item-11,Sabun Cuci Piring,4,14000
19-04-2020,Item-26,Susu Bubuk 195g,7,45000
05-05-2020,Item-23,Air Mineral Botol 500 ml,2,3000
06-05-2020,Item-23,Air Mineral Botol 500 ml,1,3000
03-06-2020,Item-23,Air Mineral Botol 500 ml,1,3000
03-06-2020,Item-23,Air Mineral Botol 500 ml,2,3000
03-06-2020,Item-23,Air Mineral Botol 500 ml,1,3000
04-06-2020,Item-23,Air Mineral Botol 500 ml,1,3000
05-06-2020,Item-23,Air Mineral Botol 500 ml,2,3000
05-06-2020,Item-23,Air Mineral Botol 500 ml,1,3000
05-06-2020,Item-23,Air Mineral Botol 500 ml,2,3000
06-06-2020,Item-23,Air Mineral Botol 500 ml,1,3000
06-06-2020,Item-23,Air Mineral Botol 500 ml,1,3000
07-06-2020,Item-23,Air Mineral Botol 500 ml,4,3000
08-06-2020,Item-23,Air Mineral Botol 500 ml,1,3000
08-06-2020,Item-23,Air Mineral Botol 500 ml,1,3000
08-06-2020,Item-23,Air Mineral Botol 500 ml,3,3000
11-06-2020,Item-23,Air Mineral Botol 500 ml,3,3000
11-06-2020,Item-23,Air Mineral Botol 500 ml,3,3000
16-06-2020,Item-23,Air Mineral Botol 500 ml,4,3000
21-06-2020,Item-23,Air Mineral Botol 500 ml,3,3000
14-05-2020,Item-24,Pengharum Ruangan,18,7000
16-04-2020,Item-24,Pengharum Ruangan,14,7000
16-04-2020,Item-24,Pengharum Ruangan,5,7000
16-04-2020,Item-24,Pengharum Ruangan,17,7000
16-04-2020,Item-24,Pengharum Ruangan,3,7000
16-04-2020,Item-24,Pengharum Ruangan,12,7000
16-04-2020,Item-24,Pengharum Ruangan,5,7000
16-04-2020,Item-24,Pengharum Ruangan,4,7000
16-04-2020,Item-24,Pengharum Ruangan,11,7000
17-04-2020,Item-24,Pengharum Ruangan,8,7000
17-04-2020,Item-24,Pengharum Ruangan,2,7000
17-04-2020,Item-24,Pengharum Ruangan,2,7000
17-04-2020,Item-24,Pengharum Ruangan,20,7000
17-04-2020,Item-24,Pengharum Ruangan,11,7000
17-04-2020,Item-24,Pengharum Ruangan,13,7000
17-04-2020,Item-24,Pengharum Ruangan,12,7000
17-04-2020,Item-24,Pengharum Ruangan,9,7000
17-04-2020,Item-24,Pengharum Ruangan,12,7000
26-04-2020,Item-24,Pengharum Ruangan,6,7000
26-04-2020,Item-24,Pengharum Ruangan,9,7000
26-04-2020,Item-24,Pengharum Ruangan,11,7000
26-04-2020,Item-24,Pengharum Ruangan,8,7000
26-04-2020,Item-24,Pengharum Ruangan,1,7000
26-04-2020,Item-24,Pengharum Ruangan,13,7000
26-04-2020,Item-24,Pengharum Ruangan,13,7000
26-04-2020,Item-24,Pengharum Ruangan,13,7000
26-04-2020,Item-24,Pengharum Ruangan,15,7000
26-04-2020,Item-24,Pengharum Ruangan,6,7000
26-04-2020,Item-24,Pengharum Ruangan,5,7000
27-04-2020,Item-24,Pengharum Ruangan,18,7000
27-04-2020,Item-24,Pengharum Ruangan,19,7000
28-04-2020,Item-24,Pengharum Ruangan,5,7000
28-04-2020,Item-24,Pengharum Ruangan,1,7000
28-04-2020,Item-24,Pengharum Ruangan,17,7000
28-04-2020,Item-24,Pengharum Ruangan,9,7000
29-04-2020,Item-24,Pengharum Ruangan,20,7000
29-04-2020,Item-24,Pengharum Ruangan,13,7000
29-04-2020,Item-24,Pengharum Ruangan,1,7000
29-04-2020,Item-24,Pengharum Ruangan,3,7000
29-04-2020,Item-24,Pengharum Ruangan,4,7000
29-04-2020,Item-24,Pengharum Ruangan,14,7000
03-05-2020,Item-24,Pengharum Ruangan,10,7000
03-05-2020,Item-24,Pengharum Ruangan,1,7000
03-05-2020,Item-24,Pengharum Ruangan,20,7000
03-05-2020,Item-24,Pengharum Ruangan,5,7000
03-05-2020,Item-24,Pengharum Ruangan,17,7000
03-05-2020,Item-24,Pengharum Ruangan,3,7000
03-05-2020,Item-24,Pengharum Ruangan,17,7000
03-05-2020,Item-24,Pengharum Ruangan,13,7000
03-05-2020,Item-24,Pengharum Ruangan,2,7000
04-05-2020,Item-24,Pengharum Ruangan,12,7000
04-05-2020,Item-24,Pengharum Ruangan,6,7000
04-05-2020,Item-24,Pengharum Ruangan,3,7000
04-05-2020,Item-24,Pengharum Ruangan,20,7000
05-05-2020,Item-24,Pengharum Ruangan,11,7000
05-05-2020,Item-24,Pengharum Ruangan,19,7000
05-05-2020,Item-24,Pengharum Ruangan,19,7000
06-05-2020,Item-24,Pengharum Ruangan,3,7000
06-05-2020,Item-24,Pengharum Ruangan,7,7000
06-05-2020,Item-24,Pengharum Ruangan,17,7000
06-05-2020,Item-24,Pengharum Ruangan,5,7000
06-05-2020,Item-24,Pengharum Ruangan,11,7000
06-05-2020,Item-24,Pengharum Ruangan,1,7000
07-05-2020,Item-24,Pengharum Ruangan,19,7000
13-05-2020,Item-24,Pengharum Ruangan,8,7000
13-05-2020,Item-24,Pengharum Ruangan,8,7000
13-05-2020,Item-24,Pengharum Ruangan,6,7000
14-05-2020,Item-24,Pengharum Ruangan,6,7000
14-05-2020,Item-24,Pengharum Ruangan,2,7000
14-05-2020,Item-24,Pengharum Ruangan,9,7000
14-05-2020,Item-24,Pengharum Ruangan,16,7000
14-05-2020,Item-24,Pengharum Ruangan,3,7000
14-05-2020,Item-24,Pengharum Ruangan,8,7000
14-05-2020,Item-24,Pengharum Ruangan,6,7000
14-05-2020,Item-24,Pengharum Ruangan,12,7000
15-05-2020,Item-24,Pengharum Ruangan,18,7000
15-05-2020,Item-24,Pengharum Ruangan,15,7000
15-05-2020,Item-24,Pengharum Ruangan,3,7000
15-05-2020,Item-24,Pengharum Ruangan,18,7000
15-05-2020,Item-24,Pengharum Ruangan,8,7000
15-05-2020,Item-24,Pengharum Ruangan,15,7000
16-05-2020,Item-24,Pengharum Ruangan,10,7000
16-05-2020,Item-24,Pengharum Ruangan,19,7000
17-05-2020,Item-24,Pengharum Ruangan,14,7000
17-05-2020,Item-24,Pengharum Ruangan,5,7000
17-05-2020,Item-24,Pengharum Ruangan,11,7000
17-05-2020,Item-24,Pengharum Ruangan,7,7000
17-05-2020,Item-24,Pengharum Ruangan,10,7000
18-05-2020,Item-24,Pengharum Ruangan,4,7000
18-05-2020,Item-24,Pengharum Ruangan,9,7000
20-05-2020,Item-24,Pengharum Ruangan,16,7000
20-05-2020,Item-24,Pengharum Ruangan,15,7000
20-05-2020,Item-24,Pengharum Ruangan,18,7000
21-05-2020,Item-24,Pengharum Ruangan,14,7000
21-05-2020,Item-24,Pengharum Ruangan,7,7000
21-05-2020,Item-24,Pengharum Ruangan,8,7000
21-05-2020,Item-24,Pengharum Ruangan,4,7000
21-05-2020,Item-24,Pengharum Ruangan,2,7000
23-05-2020,Item-24,Pengharum Ruangan,18,7000
23-05-2020,Item-24,Pengharum Ruangan,6,7000
23-05-2020,Item-24,Pengharum Ruangan,8,7000
23-05-2020,Item-24,Pengharum Ruangan,11,7000
23-05-2020,Item-24,Pengharum Ruangan,3,7000
23-05-2020,Item-24,Pengharum Ruangan,3,7000
24-05-2020,Item-24,Pengharum Ruangan,3,7000
25-05-2020,Item-24,Pengharum Ruangan,11,7000
26-05-2020,Item-24,Pengharum Ruangan,15,7000
26-05-2020,Item-24,Pengharum Ruangan,5,7000
26-05-2020,Item-24,Pengharum Ruangan,11,7000
27-05-2020,Item-24,Pengharum Ruangan,18,7000
27-05-2020,Item-24,Pengharum Ruangan,8,7000
28-05-2020,Item-24,Pengharum Ruangan,3,7000
28-05-2020,Item-24,Pengharum Ruangan,16,7000
29-05-2020,Item-24,Pengharum Ruangan,9,7000
29-05-2020,Item-24,Pengharum Ruangan,9,7000
29-05-2020,Item-24,Pengharum Ruangan,14,7000
29-05-2020,Item-24,Pengharum Ruangan,3,7000
29-05-2020,Item-24,Pengharum Ruangan,14,7000
29-05-2020,Item-24,Pengharum Ruangan,19,7000
30-05-2020,Item-24,Pengharum Ruangan,9,7000
30-05-2020,Item-24,Pengharum Ruangan,1,7000
30-05-2020,Item-24,Pengharum Ruangan,14,7000
31-05-2020,Item-24,Pengharum Ruangan,7,7000
01-06-2020,Item-24,Pengharum Ruangan,1,7000
02-06-2020,Item-24,Pengharum Ruangan,11,7000
02-06-2020,Item-24,Pengharum Ruangan,4,7000
28-04-2020,Item-24,Pengharum Ruangan,17,7000
28-04-2020,Item-24,Pengharum Ruangan,6,7000
28-04-2020,Item-24,Pengharum Ruangan,20,7000
28-04-2020,Item-24,Pengharum Ruangan,16,7000
28-04-2020,Item-24,Pengharum Ruangan,16,7000
28-04-2020,Item-24,Pengharum Ruangan,9,7000
29-04-2020,Item-24,Pengharum Ruangan,12,7000
29-04-2020,Item-24,Pengharum Ruangan,17,7000
29-04-2020,Item-24,Pengharum Ruangan,7,7000
29-04-2020,Item-24,Pengharum Ruangan,12,7000
05-05-2020,Item-24,Pengharum Ruangan,2,7000
05-05-2020,Item-24,Pengharum Ruangan,10,7000
05-05-2020,Item-24,Pengharum Ruangan,12,7000
05-05-2020,Item-24,Pengharum Ruangan,18,7000
05-05-2020,Item-24,Pengharum Ruangan,17,7000
06-05-2020,Item-24,Pengharum Ruangan,2,7000
03-06-2020,Item-24,Pengharum Ruangan,18,7000
03-06-2020,Item-24,Pengharum Ruangan,16,7000
03-06-2020,Item-24,Pengharum Ruangan,1,7000
04-06-2020,Item-24,Pengharum Ruangan,16,7000
05-06-2020,Item-24,Pengharum Ruangan,18,7000
05-06-2020,Item-24,Pengharum Ruangan,8,7000
05-06-2020,Item-24,Pengharum Ruangan,8,7000
06-06-2020,Item-24,Pengharum Ruangan,12,7000
06-06-2020,Item-24,Pengharum Ruangan,13,7000
07-06-2020,Item-24,Pengharum Ruangan,14,7000
08-06-2020,Item-24,Pengharum Ruangan,17,7000
08-06-2020,Item-24,Pengharum Ruangan,7,7000
08-06-2020,Item-24,Pengharum Ruangan,1,7000
11-06-2020,Item-24,Pengharum Ruangan,1,7000
11-06-2020,Item-24,Pengharum Ruangan,14,7000
16-06-2020,Item-24,Pengharum Ruangan,17,7000
21-06-2020,Item-24,Pengharum Ruangan,9,7000
12-04-2020,Item-24,Pengharum Ruangan,10,7000
12-04-2020,Item-24,Pengharum Ruangan,4,7000
12-04-2020,Item-24,Pengharum Ruangan,5,7000
12-04-2020,Item-24,Pengharum Ruangan,19,7000
12-04-2020,Item-24,Pengharum Ruangan,19,7000
15-04-2020,Item-24,Pengharum Ruangan,8,7000
15-04-2020,Item-24,Pengharum Ruangan,5,7000
15-04-2020,Item-24,Pengharum Ruangan,3,7000
15-04-2020,Item-24,Pengharum Ruangan,17,7000
15-04-2020,Item-24,Pengharum Ruangan,4,7000
18-04-2020,Item-24,Pengharum Ruangan,9,7000
18-04-2020,Item-24,Pengharum Ruangan,9,7000
18-04-2020,Item-24,Pengharum Ruangan,16,7000
18-04-2020,Item-24,Pengharum Ruangan,16,7000
19-04-2020,Item-24,Pengharum Ruangan,17,7000
19-04-2020,Item-24,Pengharum Ruangan,11,7000
20-04-2020,Item-24,Pengharum Ruangan,5,7000
20-04-2020,Item-24,Pengharum Ruangan,14,7000
21-04-2020,Item-24,Pengharum Ruangan,19,7000
21-04-2020,Item-24,Pengharum Ruangan,14,7000
21-04-2020,Item-24,Pengharum Ruangan,4,7000
21-04-2020,Item-24,Pengharum Ruangan,16,7000
21-04-2020,Item-24,Pengharum Ruangan,13,7000
21-04-2020,Item-24,Pengharum Ruangan,9,7000
21-04-2020,Item-24,Pengharum Ruangan,6,7000
23-04-2020,Item-24,Pengharum Ruangan,9,7000
23-04-2020,Item-24,Pengharum Ruangan,11,7000
23-04-2020,Item-24,Pengharum Ruangan,14,7000
23-04-2020,Item-24,Pengharum Ruangan,11,7000
23-04-2020,Item-24,Pengharum Ruangan,5,7000
11-04-2020,Item-16,Balsem Putih 20 gram,1,22300
19-04-2020,Item-26,Susu Bubuk 195g,14,45000
11-04-2020,Item-11,Sabun Cuci Piring,3,14000
10-04-2020,Item-03,Gula Pasir Putih 1 kg,3,12500
11-04-2020,Item-11,Sabun Cuci Piring,2,14000
11-04-2020,Item-17,Obat Batuk,3,5000
11-04-2020,Item-03,Gula Pasir Putih 1 kg,2,12500
11-04-2020,Item-11,Sabun Cuci Piring,3,14000
11-04-2020,Item-16,Balsem Putih 20 gram,4,22300
11-04-2020,Item-03,Gula Pasir Putih 1 kg,2,12500
11-04-2020,Item-11,Sabun Cuci Piring,2,14000
11-04-2020,Item-16,Balsem Putih 20 gram,2,22300
11-04-2020,Item-03,Gula Pasir Putih 1 kg,1,12500
20-04-2020,Item-26,Susu Bubuk 195g,1,45000
11-04-2020,Item-11,Sabun Cuci Piring,4,14000
11-04-2020,Item-03,Gula Pasir Putih 1 kg,2,12500
12-04-2020,Item-03,Gula Pasir Putih 1 kg,2,12500
24-04-2020,Item-24,Pengharum Ruangan,1,7000
24-04-2020,Item-24,Pengharum Ruangan,11,7000
24-04-2020,Item-24,Pengharum Ruangan,12,7000
24-04-2020,Item-24,Pengharum Ruangan,17,7000
24-04-2020,Item-24,Pengharum Ruangan,19,7000
30-04-2020,Item-24,Pengharum Ruangan,2,7000
30-04-2020,Item-24,Pengharum Ruangan,6,7000
01-05-2020,Item-24,Pengharum Ruangan,1,7000
01-05-2020,Item-24,Pengharum Ruangan,13,7000
01-05-2020,Item-24,Pengharum Ruangan,5,7000
01-05-2020,Item-24,Pengharum Ruangan,7,7000
01-05-2020,Item-24,Pengharum Ruangan,1,7000
01-05-2020,Item-24,Pengharum Ruangan,9,7000
01-05-2020,Item-24,Pengharum Ruangan,13,7000
01-05-2020,Item-24,Pengharum Ruangan,6,7000
02-05-2020,Item-24,Pengharum Ruangan,19,7000
02-05-2020,Item-24,Pengharum Ruangan,10,7000
03-05-2020,Item-24,Pengharum Ruangan,19,7000
07-05-2020,Item-27,Bedak Bayi,5,25000
02-05-2020,Item-24,Pengharum Ruangan,6,7000
02-05-2020,Item-24,Pengharum Ruangan,7,7000
02-05-2020,Item-24,Pengharum Ruangan,4,7000
02-05-2020,Item-24,Pengharum Ruangan,16,7000
02-05-2020,Item-24,Pengharum Ruangan,12,7000
02-05-2020,Item-24,Pengharum Ruangan,10,7000
02-05-2020,Item-24,Pengharum Ruangan,1,7000
02-05-2020,Item-24,Pengharum Ruangan,9,7000
03-05-2020,Item-24,Pengharum Ruangan,4,7000
03-05-2020,Item-24,Pengharum Ruangan,15,7000
03-05-2020,Item-24,Pengharum Ruangan,3,7000
03-05-2020,Item-24,Pengharum Ruangan,9,7000
03-05-2020,Item-24,Pengharum Ruangan,6,7000
03-05-2020,Item-24,Pengharum Ruangan,5,7000
03-05-2020,Item-24,Pengharum Ruangan,13,7000
03-05-2020,Item-24,Pengharum Ruangan,3,7000
11-05-2020,Item-24,Pengharum Ruangan,4,7000
12-05-2020,Item-24,Pengharum Ruangan,12,7000
12-05-2020,Item-24,Pengharum Ruangan,18,7000
12-05-2020,Item-24,Pengharum Ruangan,6,7000
12-05-2020,Item-24,Pengharum Ruangan,15,7000
03-05-2020,Item-24,Pengharum Ruangan,13,7000
14-05-2020,Item-25,Pembalut Wanita Size L,13,15000
16-04-2020,Item-25,Pembalut Wanita Size L,17,15000
16-04-2020,Item-25,Pembalut Wanita Size L,10,15000
16-04-2020,Item-25,Pembalut Wanita Size L,5,15000
16-04-2020,Item-25,Pembalut Wanita Size L,10,15000
16-04-2020,Item-25,Pembalut Wanita Size L,5,15000
16-04-2020,Item-25,Pembalut Wanita Size L,3,15000
16-04-2020,Item-25,Pembalut Wanita Size L,10,15000
16-04-2020,Item-25,Pembalut Wanita Size L,12,15000
17-04-2020,Item-25,Pembalut Wanita Size L,18,15000
17-04-2020,Item-25,Pembalut Wanita Size L,7,15000
17-04-2020,Item-25,Pembalut Wanita Size L,6,15000
17-04-2020,Item-25,Pembalut Wanita Size L,3,15000
17-04-2020,Item-25,Pembalut Wanita Size L,3,15000
17-04-2020,Item-25,Pembalut Wanita Size L,6,15000
17-04-2020,Item-25,Pembalut Wanita Size L,7,15000
17-04-2020,Item-25,Pembalut Wanita Size L,1,15000
17-04-2020,Item-25,Pembalut Wanita Size L,6,15000
26-04-2020,Item-25,Pembalut Wanita Size L,13,15000
26-04-2020,Item-25,Pembalut Wanita Size L,1,15000
26-04-2020,Item-25,Pembalut Wanita Size L,15,15000
26-04-2020,Item-25,Pembalut Wanita Size L,6,15000
26-04-2020,Item-25,Pembalut Wanita Size L,5,15000
26-04-2020,Item-25,Pembalut Wanita Size L,20,15000
26-04-2020,Item-25,Pembalut Wanita Size L,5,15000
26-04-2020,Item-25,Pembalut Wanita Size L,13,15000
26-04-2020,Item-25,Pembalut Wanita Size L,10,15000
26-04-2020,Item-25,Pembalut Wanita Size L,16,15000
26-04-2020,Item-25,Pembalut Wanita Size L,19,15000
27-04-2020,Item-25,Pembalut Wanita Size L,11,15000
27-04-2020,Item-25,Pembalut Wanita Size L,14,15000
28-04-2020,Item-25,Pembalut Wanita Size L,19,15000
28-04-2020,Item-25,Pembalut Wanita Size L,17,15000
28-04-2020,Item-25,Pembalut Wanita Size L,17,15000
28-04-2020,Item-25,Pembalut Wanita Size L,11,15000
29-04-2020,Item-25,Pembalut Wanita Size L,19,15000
29-04-2020,Item-25,Pembalut Wanita Size L,2,15000
29-04-2020,Item-25,Pembalut Wanita Size L,14,15000
29-04-2020,Item-25,Pembalut Wanita Size L,17,15000
29-04-2020,Item-25,Pembalut Wanita Size L,2,15000
29-04-2020,Item-25,Pembalut Wanita Size L,7,15000
11-04-2020,Item-16,Balsem Putih 20 gram,1,22300
19-04-2020,Item-26,Susu Bubuk 195g,14,45000
11-04-2020,Item-11,Sabun Cuci Piring,3,14000
10-04-2020,Item-03,Gula Pasir Putih 1 kg,3,12500
11-04-2020,Item-11,Sabun Cuci Piring,2,14000
11-04-2020,Item-17,Obat Batuk,3,5000
11-04-2020,Item-03,Gula Pasir Putih 1 kg,2,12500
11-04-2020,Item-11,Sabun Cuci Piring,3,14000
11-04-2020,Item-16,Balsem Putih 20 gram,4,22300
11-04-2020,Item-03,Gula Pasir Putih 1 kg,2,12500
11-04-2020,Item-11,Sabun Cuci Piring,2,14000
11-04-2020,Item-16,Balsem Putih 20 gram,2,22300
11-04-2020,Item-03,Gula Pasir Putih 1 kg,1,12500
20-04-2020,Item-26,Susu Bubuk 195g,1,45000
11-04-2020,Item-11,Sabun Cuci Piring,4,14000
11-04-2020,Item-03,Gula Pasir Putih 1 kg,2,12500
12-04-2020,Item-03,Gula Pasir Putih 1 kg,2,12500
03-05-2020,Item-25,Pembalut Wanita Size L,16,15000
03-05-2020,Item-25,Pembalut Wanita Size L,2,15000
03-05-2020,Item-25,Pembalut Wanita Size L,3,15000
03-05-2020,Item-25,Pembalut Wanita Size L,19,15000
03-05-2020,Item-25,Pembalut Wanita Size L,14,15000
03-05-2020,Item-25,Pembalut Wanita Size L,8,15000
03-05-2020,Item-25,Pembalut Wanita Size L,3,15000
03-05-2020,Item-25,Pembalut Wanita Size L,14,15000
03-05-2020,Item-25,Pembalut Wanita Size L,14,15000
04-05-2020,Item-25,Pembalut Wanita Size L,3,15000
04-05-2020,Item-25,Pembalut Wanita Size L,8,15000
04-05-2020,Item-25,Pembalut Wanita Size L,8,15000
04-05-2020,Item-25,Pembalut Wanita Size L,17,15000
05-05-2020,Item-25,Pembalut Wanita Size L,20,15000
05-05-2020,Item-25,Pembalut Wanita Size L,9,15000
05-05-2020,Item-25,Pembalut Wanita Size L,9,15000
06-05-2020,Item-25,Pembalut Wanita Size L,17,15000
06-05-2020,Item-25,Pembalut Wanita Size L,12,15000
06-05-2020,Item-25,Pembalut Wanita Size L,7,15000
06-05-2020,Item-25,Pembalut Wanita Size L,2,15000
06-05-2020,Item-25,Pembalut Wanita Size L,17,15000
06-05-2020,Item-25,Pembalut Wanita Size L,15,15000
07-05-2020,Item-25,Pembalut Wanita Size L,19,15000
13-05-2020,Item-25,Pembalut Wanita Size L,10,15000
13-05-2020,Item-25,Pembalut Wanita Size L,1,15000
13-05-2020,Item-25,Pembalut Wanita Size L,10,15000
14-05-2020,Item-25,Pembalut Wanita Size L,9,15000
14-05-2020,Item-25,Pembalut Wanita Size L,15,15000
14-05-2020,Item-25,Pembalut Wanita Size L,9,15000
14-05-2020,Item-25,Pembalut Wanita Size L,11,15000
14-05-2020,Item-25,Pembalut Wanita Size L,19,15000
14-05-2020,Item-25,Pembalut Wanita Size L,3,15000
14-05-2020,Item-25,Pembalut Wanita Size L,11,15000
14-05-2020,Item-25,Pembalut Wanita Size L,15,15000
15-05-2020,Item-25,Pembalut Wanita Size L,1,15000
15-05-2020,Item-25,Pembalut Wanita Size L,15,15000
15-05-2020,Item-25,Pembalut Wanita Size L,1,15000
15-05-2020,Item-25,Pembalut Wanita Size L,20,15000
15-05-2020,Item-25,Pembalut Wanita Size L,14,15000
15-05-2020,Item-25,Pembalut Wanita Size L,1,15000
16-05-2020,Item-25,Pembalut Wanita Size L,3,15000
16-05-2020,Item-25,Pembalut Wanita Size L,1,15000
17-05-2020,Item-25,Pembalut Wanita Size L,5,15000
17-05-2020,Item-25,Pembalut Wanita Size L,2,15000
17-05-2020,Item-25,Pembalut Wanita Size L,19,15000
17-05-2020,Item-25,Pembalut Wanita Size L,20,15000
17-05-2020,Item-25,Pembalut Wanita Size L,1,15000
18-05-2020,Item-25,Pembalut Wanita Size L,9,15000
18-05-2020,Item-25,Pembalut Wanita Size L,5,15000
20-05-2020,Item-25,Pembalut Wanita Size L,2,15000
20-05-2020,Item-25,Pembalut Wanita Size L,8,15000
20-05-2020,Item-25,Pembalut Wanita Size L,4,15000
21-05-2020,Item-25,Pembalut Wanita Size L,18,15000
21-05-2020,Item-25,Pembalut Wanita Size L,19,15000
21-05-2020,Item-25,Pembalut Wanita Size L,12,15000
21-05-2020,Item-25,Pembalut Wanita Size L,12,15000
21-05-2020,Item-25,Pembalut Wanita Size L,20,15000
23-05-2020,Item-25,Pembalut Wanita Size L,10,15000
23-05-2020,Item-25,Pembalut Wanita Size L,16,15000
23-05-2020,Item-25,Pembalut Wanita Size L,12,15000
23-05-2020,Item-25,Pembalut Wanita Size L,3,15000
23-05-2020,Item-25,Pembalut Wanita Size L,7,15000
23-05-2020,Item-25,Pembalut Wanita Size L,11,15000
24-05-2020,Item-25,Pembalut Wanita Size L,12,15000
25-05-2020,Item-25,Pembalut Wanita Size L,19,15000
26-05-2020,Item-25,Pembalut Wanita Size L,1,15000
26-05-2020,Item-25,Pembalut Wanita Size L,4,15000
26-05-2020,Item-25,Pembalut Wanita Size L,5,15000
11-04-2020,Item-16,Balsem Putih 20 gram,1,22300
19-04-2020,Item-26,Susu Bubuk 195g,14,45000
11-04-2020,Item-11,Sabun Cuci Piring,3,14000
10-04-2020,Item-03,Gula Pasir Putih 1 kg,3,12500
11-04-2020,Item-11,Sabun Cuci Piring,2,14000
11-04-2020,Item-17,Obat Batuk,3,5000
11-04-2020,Item-03,Gula Pasir Putih 1 kg,2,12500
11-04-2020,Item-11,Sabun Cuci Piring,3,14000
11-04-2020,Item-16,Balsem Putih 20 gram,4,22300
11-04-2020,Item-03,Gula Pasir Putih 1 kg,2,12500
11-04-2020,Item-11,Sabun Cuci Piring,2,14000
11-04-2020,Item-16,Balsem Putih 20 gram,2,22300
11-04-2020,Item-03,Gula Pasir Putih 1 kg,1,12500
20-04-2020,Item-26,Susu Bubuk 195g,1,45000
11-04-2020,Item-11,Sabun Cuci Piring,4,14000
11-04-2020,Item-03,Gula Pasir Putih 1 kg,2,12500
12-04-2020,Item-03,Gula Pasir Putih 1 kg,2,12500
27-05-2020,Item-25,Pembalut Wanita Size L,20,15000
27-05-2020,Item-25,Pembalut Wanita Size L,6,15000
28-05-2020,Item-25,Pembalut Wanita Size L,5,15000
28-05-2020,Item-25,Pembalut Wanita Size L,13,15000
29-05-2020,Item-25,Pembalut Wanita Size L,5,15000
29-05-2020,Item-25,Pembalut Wanita Size L,4,15000
29-05-2020,Item-25,Pembalut Wanita Size L,13,15000
29-05-2020,Item-25,Pembalut Wanita Size L,2,15000
29-05-2020,Item-25,Pembalut Wanita Size L,10,15000
29-05-2020,Item-25,Pembalut Wanita Size L,19,15000
30-05-2020,Item-25,Pembalut Wanita Size L,4,15000
30-05-2020,Item-25,Pembalut Wanita Size L,10,15000
30-05-2020,Item-25,Pembalut Wanita Size L,7,15000
31-05-2020,Item-25,Pembalut Wanita Size L,20,15000
01-06-2020,Item-25,Pembalut Wanita Size L,14,15000
02-06-2020,Item-25,Pembalut Wanita Size L,15,15000
02-06-2020,Item-25,Pembalut Wanita Size L,17,15000
28-04-2020,Item-25,Pembalut Wanita Size L,2,15000
28-04-2020,Item-25,Pembalut Wanita Size L,18,15000
28-04-2020,Item-25,Pembalut Wanita Size L,13,15000
28-04-2020,Item-25,Pembalut Wanita Size L,1,15000
28-04-2020,Item-25,Pembalut Wanita Size L,20,15000
28-04-2020,Item-25,Pembalut Wanita Size L,15,15000
29-04-2020,Item-25,Pembalut Wanita Size L,20,15000
29-04-2020,Item-25,Pembalut Wanita Size L,10,15000
29-04-2020,Item-25,Pembalut Wanita Size L,2,15000
29-04-2020,Item-25,Pembalut Wanita Size L,5,15000
05-05-2020,Item-25,Pembalut Wanita Size L,13,15000
05-05-2020,Item-25,Pembalut Wanita Size L,7,15000
05-05-2020,Item-25,Pembalut Wanita Size L,20,15000
05-05-2020,Item-25,Pembalut Wanita Size L,8,15000
05-05-2020,Item-25,Pembalut Wanita Size L,8,15000
06-05-2020,Item-25,Pembalut Wanita Size L,13,15000
03-06-2020,Item-25,Pembalut Wanita Size L,1,15000
03-06-2020,Item-25,Pembalut Wanita Size L,11,15000
03-06-2020,Item-25,Pembalut Wanita Size L,11,15000
04-06-2020,Item-25,Pembalut Wanita Size L,13,15000
05-06-2020,Item-25,Pembalut Wanita Size L,11,15000
05-06-2020,Item-25,Pembalut Wanita Size L,7,15000
05-06-2020,Item-25,Pembalut Wanita Size L,11,15000
06-06-2020,Item-25,Pembalut Wanita Size L,12,15000
06-06-2020,Item-25,Pembalut Wanita Size L,6,15000
07-06-2020,Item-25,Pembalut Wanita Size L,12,15000
08-06-2020,Item-25,Pembalut Wanita Size L,20,15000
08-06-2020,Item-25,Pembalut Wanita Size L,14,15000
08-06-2020,Item-25,Pembalut Wanita Size L,9,15000
11-06-2020,Item-25,Pembalut Wanita Size L,14,15000
11-06-2020,Item-25,Pembalut Wanita Size L,16,15000
16-06-2020,Item-25,Pembalut Wanita Size L,17,15000
21-06-2020,Item-25,Pembalut Wanita Size L,11,15000
19-04-2020,Item-25,Pembalut Wanita Size L,16,15000
19-04-2020,Item-25,Pembalut Wanita Size L,17,15000
20-04-2020,Item-25,Pembalut Wanita Size L,6,15000
20-04-2020,Item-25,Pembalut Wanita Size L,11,15000
20-04-2020,Item-25,Pembalut Wanita Size L,19,15000
21-04-2020,Item-25,Pembalut Wanita Size L,16,15000
22-04-2020,Item-25,Pembalut Wanita Size L,4,15000
22-04-2020,Item-25,Pembalut Wanita Size L,3,15000
22-04-2020,Item-25,Pembalut Wanita Size L,8,15000
23-04-2020,Item-25,Pembalut Wanita Size L,9,15000
23-04-2020,Item-25,Pembalut Wanita Size L,17,15000
24-04-2020,Item-25,Pembalut Wanita Size L,11,15000
25-04-2020,Item-25,Pembalut Wanita Size L,3,15000
25-04-2020,Item-25,Pembalut Wanita Size L,17,15000
25-04-2020,Item-25,Pembalut Wanita Size L,6,15000
25-04-2020,Item-25,Pembalut Wanita Size L,2,15000
25-04-2020,Item-25,Pembalut Wanita Size L,14,15000
26-04-2020,Item-25,Pembalut Wanita Size L,19,15000
26-04-2020,Item-25,Pembalut Wanita Size L,14,15000
27-04-2020,Item-25,Pembalut Wanita Size L,5,15000
27-04-2020,Item-25,Pembalut Wanita Size L,8,15000
28-04-2020,Item-25,Pembalut Wanita Size L,10,15000
28-04-2020,Item-25,Pembalut Wanita Size L,11,15000
29-04-2020,Item-25,Pembalut Wanita Size L,10,15000
29-04-2020,Item-25,Pembalut Wanita Size L,5,15000
30-04-2020,Item-25,Pembalut Wanita Size L,8,15000
30-04-2020,Item-25,Pembalut Wanita Size L,15,15000
30-04-2020,Item-25,Pembalut Wanita Size L,3,15000
30-04-2020,Item-25,Pembalut Wanita Size L,11,15000
30-04-2020,Item-25,Pembalut Wanita Size L,19,15000
01-05-2020,Item-25,Pembalut Wanita Size L,15,15000
01-05-2020,Item-25,Pembalut Wanita Size L,9,15000
03-05-2020,Item-25,Pembalut Wanita Size L,19,15000
03-05-2020,Item-25,Pembalut Wanita Size L,7,15000
05-05-2020,Item-25,Pembalut Wanita Size L,16,15000
05-05-2020,Item-25,Pembalut Wanita Size L,18,15000
05-05-2020,Item-25,Pembalut Wanita Size L,17,15000
06-05-2020,Item-25,Pembalut Wanita Size L,1,15000
06-05-2020,Item-25,Pembalut Wanita Size L,19,15000
06-05-2020,Item-25,Pembalut Wanita Size L,2,15000
07-05-2020,Item-25,Pembalut Wanita Size L,6,15000
07-05-2020,Item-25,Pembalut Wanita Size L,3,15000
07-05-2020,Item-25,Pembalut Wanita Size L,4,15000
07-05-2020,Item-25,Pembalut Wanita Size L,12,15000
07-05-2020,Item-25,Pembalut Wanita Size L,16,15000
09-05-2020,Item-25,Pembalut Wanita Size L,20,15000
10-05-2020,Item-25,Pembalut Wanita Size L,9,15000
10-05-2020,Item-25,Pembalut Wanita Size L,16,15000
10-05-2020,Item-25,Pembalut Wanita Size L,8,15000
10-05-2020,Item-25,Pembalut Wanita Size L,9,15000
11-05-2020,Item-25,Pembalut Wanita Size L,7,15000
12-05-2020,Item-25,Pembalut Wanita Size L,6,15000
11-04-2020,Item-16,Balsem Putih 20 gram,1,22300
19-04-2020,Item-26,Susu Bubuk 195g,14,45000
11-04-2020,Item-11,Sabun Cuci Piring,3,14000
10-04-2020,Item-03,Gula Pasir Putih 1 kg,3,12500
11-04-2020,Item-11,Sabun Cuci Piring,2,14000
11-04-2020,Item-17,Obat Batuk,3,5000
11-04-2020,Item-03,Gula Pasir Putih 1 kg,2,12500
11-04-2020,Item-11,Sabun Cuci Piring,3,14000
11-04-2020,Item-16,Balsem Putih 20 gram,4,22300
11-04-2020,Item-03,Gula Pasir Putih 1 kg,2,12500
11-04-2020,Item-11,Sabun Cuci Piring,2,14000
11-04-2020,Item-16,Balsem Putih 20 gram,2,22300
11-04-2020,Item-03,Gula Pasir Putih 1 kg,1,12500
20-04-2020,Item-26,Susu Bubuk 195g,1,45000
11-04-2020,Item-11,Sabun Cuci Piring,4,14000
11-04-2020,Item-03,Gula Pasir Putih 1 kg,2,12500
12-04-2020,Item-03,Gula Pasir Putih 1 kg,2,12500
12-05-2020,Item-25,Pembalut Wanita Size L,19,15000
14-05-2020,Item-25,Pembalut Wanita Size L,5,15000
15-05-2020,Item-25,Pembalut Wanita Size L,13,15000
15-05-2020,Item-25,Pembalut Wanita Size L,3,15000
16-05-2020,Item-25,Pembalut Wanita Size L,5,15000
17-05-2020,Item-25,Pembalut Wanita Size L,12,15000
17-05-2020,Item-25,Pembalut Wanita Size L,11,15000
18-05-2020,Item-25,Pembalut Wanita Size L,13,15000
18-05-2020,Item-25,Pembalut Wanita Size L,14,15000
24-05-2020,Item-25,Pembalut Wanita Size L,12,15000
25-05-2020,Item-25,Pembalut Wanita Size L,20,15000
26-05-2020,Item-25,Pembalut Wanita Size L,6,15000
27-05-2020,Item-25,Pembalut Wanita Size L,15,15000
27-05-2020,Item-25,Pembalut Wanita Size L,10,15000
29-05-2020,Item-25,Pembalut Wanita Size L,15,15000
29-05-2020,Item-25,Pembalut Wanita Size L,16,15000
29-05-2020,Item-25,Pembalut Wanita Size L,10,15000
02-06-2020,Item-25,Pembalut Wanita Size L,12,15000
03-06-2020,Item-25,Pembalut Wanita Size L,9,15000
06-06-2020,Item-25,Pembalut Wanita Size L,18,15000
11-06-2020,Item-25,Pembalut Wanita Size L,5,15000
29-05-2020,Item-26,Susu Bubuk 195g,11,45000
29-05-2020,Item-26,Susu Bubuk 195g,19,45000
30-05-2020,Item-26,Susu Bubuk 195g,9,45000
30-05-2020,Item-26,Susu Bubuk 195g,11,45000
30-05-2020,Item-26,Susu Bubuk 195g,10,45000
31-05-2020,Item-26,Susu Bubuk 195g,2,45000
01-06-2020,Item-26,Susu Bubuk 195g,2,45000
02-06-2020,Item-26,Susu Bubuk 195g,15,45000
02-06-2020,Item-26,Susu Bubuk 195g,11,45000
28-04-2020,Item-26,Susu Bubuk 195g,5,45000
28-04-2020,Item-26,Susu Bubuk 195g,9,45000
28-04-2020,Item-26,Susu Bubuk 195g,9,45000
28-04-2020,Item-26,Susu Bubuk 195g,6,45000
28-04-2020,Item-26,Susu Bubuk 195g,16,45000
28-04-2020,Item-26,Susu Bubuk 195g,2,45000
29-04-2020,Item-26,Susu Bubuk 195g,13,45000
29-04-2020,Item-26,Susu Bubuk 195g,10,45000
29-04-2020,Item-26,Susu Bubuk 195g,16,45000
29-04-2020,Item-26,Susu Bubuk 195g,16,45000
05-05-2020,Item-26,Susu Bubuk 195g,13,45000
05-05-2020,Item-26,Susu Bubuk 195g,6,45000
05-05-2020,Item-26,Susu Bubuk 195g,11,45000
05-05-2020,Item-26,Susu Bubuk 195g,15,45000
05-05-2020,Item-26,Susu Bubuk 195g,7,45000
06-05-2020,Item-26,Susu Bubuk 195g,18,45000
03-06-2020,Item-26,Susu Bubuk 195g,7,45000
03-06-2020,Item-26,Susu Bubuk 195g,13,45000
03-06-2020,Item-26,Susu Bubuk 195g,11,45000
04-06-2020,Item-26,Susu Bubuk 195g,6,45000
05-06-2020,Item-26,Susu Bubuk 195g,13,45000
05-06-2020,Item-26,Susu Bubuk 195g,12,45000
05-06-2020,Item-26,Susu Bubuk 195g,18,45000
06-06-2020,Item-26,Susu Bubuk 195g,6,45000
06-06-2020,Item-26,Susu Bubuk 195g,4,45000
07-06-2020,Item-26,Susu Bubuk 195g,5,45000
08-06-2020,Item-26,Susu Bubuk 195g,17,45000
08-06-2020,Item-26,Susu Bubuk 195g,2,45000
08-06-2020,Item-26,Susu Bubuk 195g,12,45000
11-06-2020,Item-26,Susu Bubuk 195g,12,45000
11-06-2020,Item-26,Susu Bubuk 195g,4,45000
16-06-2020,Item-26,Susu Bubuk 195g,10,45000
21-06-2020,Item-26,Susu Bubuk 195g,14,45000
19-04-2020,Item-26,Susu Bubuk 195g,20,45000
19-04-2020,Item-26,Susu Bubuk 195g,12,45000
20-04-2020,Item-26,Susu Bubuk 195g,3,45000
20-04-2020,Item-26,Susu Bubuk 195g,7,45000
20-04-2020,Item-26,Susu Bubuk 195g,16,45000
21-04-2020,Item-26,Susu Bubuk 195g,11,45000
22-04-2020,Item-26,Susu Bubuk 195g,13,45000
22-04-2020,Item-26,Susu Bubuk 195g,16,45000
22-04-2020,Item-26,Susu Bubuk 195g,13,45000
23-04-2020,Item-26,Susu Bubuk 195g,4,45000
23-04-2020,Item-26,Susu Bubuk 195g,9,45000
24-04-2020,Item-26,Susu Bubuk 195g,15,45000
25-04-2020,Item-26,Susu Bubuk 195g,18,45000
25-04-2020,Item-26,Susu Bubuk 195g,6,45000
25-04-2020,Item-26,Susu Bubuk 195g,11,45000
25-04-2020,Item-26,Susu Bubuk 195g,13,45000
25-04-2020,Item-26,Susu Bubuk 195g,1,45000
26-04-2020,Item-26,Susu Bubuk 195g,8,45000
26-04-2020,Item-26,Susu Bubuk 195g,8,45000
27-04-2020,Item-26,Susu Bubuk 195g,15,45000
27-04-2020,Item-26,Susu Bubuk 195g,13,45000
28-04-2020,Item-26,Susu Bubuk 195g,1,45000
28-04-2020,Item-26,Susu Bubuk 195g,8,45000
29-04-2020,Item-26,Susu Bubuk 195g,1,45000
29-04-2020,Item-26,Susu Bubuk 195g,1,45000
30-04-2020,Item-26,Susu Bubuk 195g,7,45000
30-04-2020,Item-26,Susu Bubuk 195g,19,45000
30-04-2020,Item-26,Susu Bubuk 195g,20,45000
30-04-2020,Item-26,Susu Bubuk 195g,18,45000
30-04-2020,Item-26,Susu Bubuk 195g,20,45000
01-05-2020,Item-26,Susu Bubuk 195g,14,45000
01-05-2020,Item-26,Susu Bubuk 195g,15,45000
03-05-2020,Item-26,Susu Bubuk 195g,8,45000
03-05-2020,Item-26,Susu Bubuk 195g,7,45000
05-05-2020,Item-26,Susu Bubuk 195g,17,45000
05-05-2020,Item-26,Susu Bubuk 195g,16,45000
05-05-2020,Item-26,Susu Bubuk 195g,5,45000
06-05-2020,Item-26,Susu Bubuk 195g,8,45000
06-05-2020,Item-26,Susu Bubuk 195g,14,45000
06-05-2020,Item-26,Susu Bubuk 195g,7,45000
07-05-2020,Item-26,Susu Bubuk 195g,8,45000
07-05-2020,Item-26,Susu Bubuk 195g,19,45000
07-05-2020,Item-26,Susu Bubuk 195g,19,45000
07-05-2020,Item-26,Susu Bubuk 195g,19,45000
07-05-2020,Item-26,Susu Bubuk 195g,14,45000
09-05-2020,Item-26,Susu Bubuk 195g,9,45000
10-05-2020,Item-26,Susu Bubuk 195g,15,45000
10-05-2020,Item-26,Susu Bubuk 195g,4,45000
10-05-2020,Item-26,Susu Bubuk 195g,18,45000
10-05-2020,Item-26,Susu Bubuk 195g,2,45000
11-05-2020,Item-26,Susu Bubuk 195g,20,45000
12-05-2020,Item-26,Susu Bubuk 195g,7,45000
12-05-2020,Item-26,Susu Bubuk 195g,18,45000
14-05-2020,Item-26,Susu Bubuk 195g,14,45000
15-05-2020,Item-26,Susu Bubuk 195g,5,45000
15-05-2020,Item-26,Susu Bubuk 195g,7,45000
16-05-2020,Item-26,Susu Bubuk 195g,13,45000
17-05-2020,Item-26,Susu Bubuk 195g,18,45000
17-05-2020,Item-26,Susu Bubuk 195g,1,45000
18-05-2020,Item-26,Susu Bubuk 195g,2,45000
18-05-2020,Item-26,Susu Bubuk 195g,13,45000
24-05-2020,Item-26,Susu Bubuk 195g,18,45000
25-05-2020,Item-26,Susu Bubuk 195g,4,45000
26-05-2020,Item-26,Susu Bubuk 195g,5,45000
27-05-2020,Item-26,Susu Bubuk 195g,20,45000
27-05-2020,Item-26,Susu Bubuk 195g,8,45000
29-05-2020,Item-26,Susu Bubuk 195g,4,45000
29-05-2020,Item-26,Susu Bubuk 195g,8,45000
29-05-2020,Item-26,Susu Bubuk 195g,8,45000
02-06-2020,Item-26,Susu Bubuk 195g,16,45000
03-06-2020,Item-26,Susu Bubuk 195g,1,45000
06-06-2020,Item-26,Susu Bubuk 195g,2,45000
11-06-2020,Item-26,Susu Bubuk 195g,5,45000
14-05-2020,Item-33,Es Cream,2,5000
16-04-2020,Item-33,Es Cream,2,5000
16-04-2020,Item-33,Es Cream,8,5000
16-04-2020,Item-33,Es Cream,8,5000
16-04-2020,Item-33,Es Cream,10,5000
16-04-2020,Item-33,Es Cream,20,5000
16-04-2020,Item-33,Es Cream,12,5000
16-04-2020,Item-33,Es Cream,11,5000
16-04-2020,Item-33,Es Cream,12,5000
17-04-2020,Item-33,Es Cream,17,5000
17-04-2020,Item-33,Es Cream,9,5000
17-04-2020,Item-33,Es Cream,17,5000
17-04-2020,Item-33,Es Cream,8,5000
17-04-2020,Item-33,Es Cream,4,5000
17-04-2020,Item-33,Es Cream,1,5000
17-04-2020,Item-33,Es Cream,20,5000
17-04-2020,Item-33,Es Cream,12,5000
17-04-2020,Item-33,Es Cream,13,5000
26-04-2020,Item-33,Es Cream,6,5000
26-04-2020,Item-33,Es Cream,6,5000
26-04-2020,Item-33,Es Cream,12,5000
26-04-2020,Item-33,Es Cream,9,5000
26-04-2020,Item-33,Es Cream,3,5000
26-04-2020,Item-33,Es Cream,19,5000
26-04-2020,Item-33,Es Cream,11,5000
26-04-2020,Item-33,Es Cream,16,5000
26-04-2020,Item-33,Es Cream,4,5000
26-04-2020,Item-33,Es Cream,1,5000
26-04-2020,Item-33,Es Cream,6,5000
27-04-2020,Item-33,Es Cream,20,5000
27-04-2020,Item-33,Es Cream,10,5000
28-04-2020,Item-33,Es Cream,20,5000
28-04-2020,Item-33,Es Cream,8,5000
28-04-2020,Item-33,Es Cream,10,5000
28-04-2020,Item-33,Es Cream,5,5000
29-04-2020,Item-33,Es Cream,8,5000
29-04-2020,Item-33,Es Cream,14,5000
29-04-2020,Item-33,Es Cream,2,5000
29-04-2020,Item-33,Es Cream,3,5000
29-04-2020,Item-33,Es Cream,17,5000
29-04-2020,Item-33,Es Cream,19,5000
03-05-2020,Item-33,Es Cream,14,5000
03-05-2020,Item-33,Es Cream,9,5000
03-05-2020,Item-33,Es Cream,9,5000
03-05-2020,Item-33,Es Cream,7,5000
03-05-2020,Item-33,Es Cream,7,5000
03-05-2020,Item-33,Es Cream,12,5000
03-05-2020,Item-33,Es Cream,19,5000
03-05-2020,Item-33,Es Cream,16,5000
03-05-2020,Item-33,Es Cream,20,5000
04-05-2020,Item-33,Es Cream,12,5000
21-04-2020,Item-27,Bedak Bayi,17,25000
22-04-2020,Item-27,Bedak Bayi,5,25000
22-04-2020,Item-27,Bedak Bayi,20,25000
22-04-2020,Item-27,Bedak Bayi,18,25000
23-04-2020,Item-27,Bedak Bayi,15,25000
23-04-2020,Item-27,Bedak Bayi,2,25000
24-04-2020,Item-27,Bedak Bayi,10,25000
25-04-2020,Item-27,Bedak Bayi,2,25000
25-04-2020,Item-27,Bedak Bayi,1,25000
25-04-2020,Item-27,Bedak Bayi,17,25000
25-04-2020,Item-27,Bedak Bayi,3,25000
25-04-2020,Item-27,Bedak Bayi,3,25000
26-04-2020,Item-27,Bedak Bayi,11,25000
26-04-2020,Item-27,Bedak Bayi,19,25000
27-04-2020,Item-27,Bedak Bayi,2,25000
27-04-2020,Item-27,Bedak Bayi,18,25000
28-04-2020,Item-27,Bedak Bayi,10,25000
28-04-2020,Item-27,Bedak Bayi,11,25000
29-04-2020,Item-27,Bedak Bayi,9,25000
29-04-2020,Item-27,Bedak Bayi,13,25000
30-04-2020,Item-27,Bedak Bayi,17,25000
30-04-2020,Item-27,Bedak Bayi,1,25000
30-04-2020,Item-27,Bedak Bayi,18,25000
30-04-2020,Item-27,Bedak Bayi,16,25000
30-04-2020,Item-27,Bedak Bayi,9,25000
01-05-2020,Item-27,Bedak Bayi,19,25000
01-05-2020,Item-27,Bedak Bayi,11,25000
25-06-2020,Item-12,Beras Pulen 5 kg,3,63000
24-06-2020,Item-12,Beras Pulen 5 kg,4,63000
23-06-2020,Item-12,Beras Pulen 5 kg,3,63000
22-06-2020,Item-12,Beras Pulen 5 kg,4,63000
21-06-2020,Item-12,Beras Pulen 5 kg,3,63000
26-06-2020,Item-12,Beras Pulen 5 kg,4,63000
27-06-2020,Item-12,Beras Pulen 5 kg,3,63000
28-06-2020,Item-12,Beras Pulen 5 kg,4,63000
29-06-2020,Item-12,Beras Pulen 5 kg,3,63000
30-06-2020,Item-12,Beras Pulen 5 kg,4,63000
19-04-2020,Item-12,Beras Pulen 5 kg,3,63000
18-04-2020,Item-12,Beras Pulen 5 kg,4,63000
03-05-2020,Item-27,Bedak Bayi,8,25000
03-05-2020,Item-27,Bedak Bayi,15,25000
05-05-2020,Item-27,Bedak Bayi,9,25000
05-05-2020,Item-27,Bedak Bayi,3,25000
05-05-2020,Item-27,Bedak Bayi,4,25000
06-05-2020,Item-27,Bedak Bayi,12,25000
06-05-2020,Item-27,Bedak Bayi,3,25000
06-05-2020,Item-27,Bedak Bayi,16,25000
07-05-2020,Item-27,Bedak Bayi,2,25000
07-05-2020,Item-27,Bedak Bayi,2,25000
07-05-2020,Item-27,Bedak Bayi,13,25000
07-05-2020,Item-27,Bedak Bayi,6,25000
09-05-2020,Item-27,Bedak Bayi,7,25000
10-05-2020,Item-27,Bedak Bayi,12,25000
10-05-2020,Item-27,Bedak Bayi,11,25000
10-05-2020,Item-27,Bedak Bayi,2,25000
10-05-2020,Item-27,Bedak Bayi,13,25000
11-05-2020,Item-27,Bedak Bayi,19,25000
12-05-2020,Item-27,Bedak Bayi,13,25000
12-05-2020,Item-27,Bedak Bayi,4,25000
14-05-2020,Item-27,Bedak Bayi,20,25000
15-05-2020,Item-27,Bedak Bayi,3,25000
15-05-2020,Item-27,Bedak Bayi,18,25000
16-05-2020,Item-27,Bedak Bayi,1,25000
17-05-2020,Item-27,Bedak Bayi,3,25000
17-05-2020,Item-27,Bedak Bayi,2,25000
18-05-2020,Item-27,Bedak Bayi,11,25000
18-05-2020,Item-27,Bedak Bayi,14,25000
24-05-2020,Item-27,Bedak Bayi,6,25000
25-05-2020,Item-27,Bedak Bayi,17,25000
26-05-2020,Item-27,Bedak Bayi,19,25000
27-05-2020,Item-27,Bedak Bayi,15,25000
27-05-2020,Item-27,Bedak Bayi,16,25000
29-05-2020,Item-27,Bedak Bayi,15,25000
29-05-2020,Item-27,Bedak Bayi,15,25000
29-05-2020,Item-27,Bedak Bayi,2,25000
02-06-2020,Item-27,Bedak Bayi,16,25000
03-06-2020,Item-27,Bedak Bayi,5,25000
06-06-2020,Item-27,Bedak Bayi,4,25000
11-06-2020,Item-27,Bedak Bayi,7,25000
19-04-2020,Item-27,Bedak Bayi,19,25000
19-04-2020,Item-27,Bedak Bayi,15,25000
20-04-2020,Item-27,Bedak Bayi,4,25000
20-04-2020,Item-27,Bedak Bayi,14,25000
20-04-2020,Item-27,Bedak Bayi,17,25000
21-04-2020,Item-27,Bedak Bayi,18,25000
22-04-2020,Item-27,Bedak Bayi,5,25000
22-04-2020,Item-27,Bedak Bayi,10,25000
22-04-2020,Item-27,Bedak Bayi,14,25000
23-04-2020,Item-27,Bedak Bayi,15,25000
23-04-2020,Item-27,Bedak Bayi,20,25000
24-04-2020,Item-27,Bedak Bayi,7,25000
25-04-2020,Item-27,Bedak Bayi,3,25000
25-04-2020,Item-27,Bedak Bayi,15,25000
25-04-2020,Item-27,Bedak Bayi,10,25000
25-04-2020,Item-27,Bedak Bayi,16,25000
25-04-2020,Item-27,Bedak Bayi,14,25000
26-04-2020,Item-27,Bedak Bayi,11,25000
26-04-2020,Item-27,Bedak Bayi,7,25000
27-04-2020,Item-27,Bedak Bayi,13,25000
27-04-2020,Item-27,Bedak Bayi,15,25000
28-04-2020,Item-27,Bedak Bayi,7,25000
28-04-2020,Item-27,Bedak Bayi,6,25000
29-04-2020,Item-27,Bedak Bayi,5,25000
29-04-2020,Item-27,Bedak Bayi,13,25000
30-04-2020,Item-27,Bedak Bayi,19,25000
30-04-2020,Item-27,Bedak Bayi,2,25000
30-04-2020,Item-27,Bedak Bayi,10,25000
30-04-2020,Item-27,Bedak Bayi,16,25000
30-04-2020,Item-27,Bedak Bayi,2,25000
01-05-2020,Item-27,Bedak Bayi,12,25000
01-05-2020,Item-27,Bedak Bayi,10,25000
03-05-2020,Item-27,Bedak Bayi,4,25000
03-05-2020,Item-27,Bedak Bayi,8,25000
05-05-2020,Item-27,Bedak Bayi,13,25000
05-05-2020,Item-27,Bedak Bayi,8,25000
05-05-2020,Item-27,Bedak Bayi,7,25000
06-05-2020,Item-27,Bedak Bayi,17,25000
06-05-2020,Item-27,Bedak Bayi,4,25000
06-05-2020,Item-27,Bedak Bayi,7,25000
07-05-2020,Item-27,Bedak Bayi,4,25000
07-05-2020,Item-27,Bedak Bayi,10,25000
07-05-2020,Item-27,Bedak Bayi,13,25000
07-05-2020,Item-27,Bedak Bayi,10,25000
07-05-2020,Item-27,Bedak Bayi,9,25000
11-04-2020,Item-16,Balsem Putih 20 gram,1,22300
19-04-2020,Item-26,Susu Bubuk 195g,14,45000
11-04-2020,Item-11,Sabun Cuci Piring,3,14000
10-04-2020,Item-03,Gula Pasir Putih 1 kg,3,12500
11-04-2020,Item-11,Sabun Cuci Piring,2,14000
11-04-2020,Item-17,Obat Batuk,3,5000
11-04-2020,Item-03,Gula Pasir Putih 1 kg,2,12500
11-04-2020,Item-11,Sabun Cuci Piring,3,14000
11-04-2020,Item-16,Balsem Putih 20 gram,4,22300
11-04-2020,Item-03,Gula Pasir Putih 1 kg,2,12500
11-04-2020,Item-11,Sabun Cuci Piring,2,14000
11-04-2020,Item-16,Balsem Putih 20 gram,2,22300
11-04-2020,Item-03,Gula Pasir Putih 1 kg,1,12500
20-04-2020,Item-26,Susu Bubuk 195g,1,45000
11-04-2020,Item-11,Sabun Cuci Piring,4,14000
11-04-2020,Item-03,Gula Pasir Putih 1 kg,2,12500
12-04-2020,Item-03,Gula Pasir Putih 1 kg,2,12500
09-05-2020,Item-27,Bedak Bayi,2,25000
10-05-2020,Item-27,Bedak Bayi,4,25000
10-05-2020,Item-27,Bedak Bayi,1,25000
10-05-2020,Item-27,Bedak Bayi,9,25000
10-05-2020,Item-27,Bedak Bayi,16,25000
11-05-2020,Item-27,Bedak Bayi,3,25000
12-05-2020,Item-27,Bedak Bayi,2,25000
12-05-2020,Item-27,Bedak Bayi,18,25000
14-05-2020,Item-27,Bedak Bayi,20,25000
15-05-2020,Item-27,Bedak Bayi,8,25000
15-05-2020,Item-27,Bedak Bayi,1,25000
16-05-2020,Item-27,Bedak Bayi,11,25000
17-05-2020,Item-27,Bedak Bayi,20,25000
17-05-2020,Item-27,Bedak Bayi,20,25000
18-05-2020,Item-27,Bedak Bayi,1,25000
18-05-2020,Item-27,Bedak Bayi,6,25000
24-05-2020,Item-27,Bedak Bayi,20,25000
25-05-2020,Item-27,Bedak Bayi,4,25000
26-05-2020,Item-27,Bedak Bayi,20,25000
27-05-2020,Item-27,Bedak Bayi,1,25000
27-05-2020,Item-27,Bedak Bayi,18,25000
29-05-2020,Item-27,Bedak Bayi,10,25000
29-05-2020,Item-27,Bedak Bayi,2,25000
29-05-2020,Item-27,Bedak Bayi,4,25000
02-06-2020,Item-27,Bedak Bayi,14,25000
03-06-2020,Item-27,Bedak Bayi,9,25000
06-06-2020,Item-27,Bedak Bayi,19,25000
11-06-2020,Item-27,Bedak Bayi,2,25000
19-04-2020,Item-27,Bedak Bayi,7,25000
19-04-2020,Item-27,Bedak Bayi,11,25000
20-04-2020,Item-27,Bedak Bayi,18,25000
20-04-2020,Item-27,Bedak Bayi,20,25000
20-04-2020,Item-27,Bedak Bayi,14,25000
21-04-2020,Item-27,Bedak Bayi,12,25000
22-04-2020,Item-27,Bedak Bayi,12,25000
22-04-2020,Item-27,Bedak Bayi,11,25000
22-04-2020,Item-27,Bedak Bayi,13,25000
23-04-2020,Item-27,Bedak Bayi,13,25000
23-04-2020,Item-27,Bedak Bayi,15,25000
24-04-2020,Item-27,Bedak Bayi,19,25000
25-04-2020,Item-27,Bedak Bayi,16,25000
25-04-2020,Item-27,Bedak Bayi,8,25000
25-04-2020,Item-27,Bedak Bayi,7,25000
25-04-2020,Item-27,Bedak Bayi,1,25000
25-04-2020,Item-27,Bedak Bayi,5,25000
26-04-2020,Item-27,Bedak Bayi,13,25000
26-04-2020,Item-27,Bedak Bayi,19,25000
27-04-2020,Item-27,Bedak Bayi,11,25000
27-04-2020,Item-27,Bedak Bayi,8,25000
28-04-2020,Item-27,Bedak Bayi,11,25000
28-04-2020,Item-27,Bedak Bayi,8,25000
29-04-2020,Item-27,Bedak Bayi,7,25000
29-04-2020,Item-27,Bedak Bayi,5,25000
30-04-2020,Item-27,Bedak Bayi,8,25000
30-04-2020,Item-27,Bedak Bayi,11,25000
30-04-2020,Item-27,Bedak Bayi,7,25000
30-04-2020,Item-27,Bedak Bayi,18,25000
30-04-2020,Item-27,Bedak Bayi,8,25000
01-05-2020,Item-27,Bedak Bayi,13,25000
01-05-2020,Item-27,Bedak Bayi,14,25000
03-05-2020,Item-27,Bedak Bayi,11,25000
03-05-2020,Item-27,Bedak Bayi,6,25000
05-05-2020,Item-27,Bedak Bayi,7,25000
05-05-2020,Item-27,Bedak Bayi,14,25000
05-05-2020,Item-27,Bedak Bayi,11,25000
10-04-2020,Item-11,Sabun Cuci Piring,2,14000
10-04-2020,Item-03,Gula Pasir Putih 1 kg,2,12500
10-04-2020,Item-11,Sabun Cuci Piring,3,14000
10-04-2020,Item-11,Sabun Cuci Piring,4,14000
19-04-2020,Item-26,Susu Bubuk 195g,7,45000
06-05-2020,Item-27,Bedak Bayi,10,25000
06-05-2020,Item-27,Bedak Bayi,13,25000
06-05-2020,Item-27,Bedak Bayi,18,25000
07-05-2020,Item-27,Bedak Bayi,12,25000
07-05-2020,Item-27,Bedak Bayi,9,25000
07-05-2020,Item-27,Bedak Bayi,6,25000
07-05-2020,Item-27,Bedak Bayi,3,25000
07-05-2020,Item-27,Bedak Bayi,14,25000
09-05-2020,Item-27,Bedak Bayi,4,25000
10-05-2020,Item-27,Bedak Bayi,15,25000
10-05-2020,Item-27,Bedak Bayi,15,25000
10-05-2020,Item-27,Bedak Bayi,16,25000
10-05-2020,Item-27,Bedak Bayi,1,25000
11-05-2020,Item-27,Bedak Bayi,12,25000
12-05-2020,Item-27,Bedak Bayi,9,25000
12-05-2020,Item-27,Bedak Bayi,11,25000
14-05-2020,Item-27,Bedak Bayi,16,25000
15-05-2020,Item-27,Bedak Bayi,18,25000
15-05-2020,Item-27,Bedak Bayi,12,25000
16-05-2020,Item-27,Bedak Bayi,17,25000
17-05-2020,Item-27,Bedak Bayi,19,25000
17-05-2020,Item-27,Bedak Bayi,5,25000
18-05-2020,Item-27,Bedak Bayi,7,25000
18-05-2020,Item-27,Bedak Bayi,13,25000
24-05-2020,Item-27,Bedak Bayi,9,25000
25-05-2020,Item-27,Bedak Bayi,9,25000
26-05-2020,Item-27,Bedak Bayi,5,25000
27-05-2020,Item-27,Bedak Bayi,3,25000
27-05-2020,Item-27,Bedak Bayi,14,25000
29-05-2020,Item-27,Bedak Bayi,3,25000
29-05-2020,Item-27,Bedak Bayi,5,25000
29-05-2020,Item-27,Bedak Bayi,13,25000
02-06-2020,Item-27,Bedak Bayi,7,25000
03-06-2020,Item-27,Bedak Bayi,19,25000
06-06-2020,Item-27,Bedak Bayi,4,25000
11-06-2020,Item-27,Bedak Bayi,15,25000
19-04-2020,Item-28,Tisu,9,7000
19-04-2020,Item-28,Tisu,10,7000
20-04-2020,Item-28,Tisu,2,7000
20-04-2020,Item-28,Tisu,10,7000
20-04-2020,Item-28,Tisu,16,7000
21-04-2020,Item-28,Tisu,20,7000
22-04-2020,Item-28,Tisu,18,7000
22-04-2020,Item-28,Tisu,1,7000
22-04-2020,Item-28,Tisu,3,7000
23-04-2020,Item-28,Tisu,10,7000
23-04-2020,Item-28,Tisu,6,7000
24-04-2020,Item-28,Tisu,6,7000
25-04-2020,Item-28,Tisu,14,7000
25-04-2020,Item-28,Tisu,4,7000
25-04-2020,Item-28,Tisu,16,7000
25-04-2020,Item-28,Tisu,4,7000
25-04-2020,Item-28,Tisu,19,7000
26-04-2020,Item-28,Tisu,7,7000
26-04-2020,Item-28,Tisu,20,7000
27-04-2020,Item-28,Tisu,19,7000
27-04-2020,Item-28,Tisu,8,7000
28-04-2020,Item-28,Tisu,1,7000
28-04-2020,Item-28,Tisu,20,7000
29-04-2020,Item-28,Tisu,7,7000
29-04-2020,Item-28,Tisu,13,7000
30-04-2020,Item-28,Tisu,1,7000
30-04-2020,Item-28,Tisu,12,7000
30-04-2020,Item-28,Tisu,11,7000
30-04-2020,Item-28,Tisu,13,7000
30-04-2020,Item-28,Tisu,10,7000
01-05-2020,Item-28,Tisu,8,7000
01-05-2020,Item-28,Tisu,20,7000
03-05-2020,Item-28,Tisu,20,7000
03-05-2020,Item-28,Tisu,7,7000
05-05-2020,Item-28,Tisu,6,7000
05-05-2020,Item-28,Tisu,6,7000
05-05-2020,Item-28,Tisu,14,7000
06-05-2020,Item-28,Tisu,15,7000
06-05-2020,Item-28,Tisu,10,7000
06-05-2020,Item-28,Tisu,3,7000
07-05-2020,Item-28,Tisu,16,7000
07-05-2020,Item-28,Tisu,16,7000
07-05-2020,Item-28,Tisu,20,7000
07-05-2020,Item-28,Tisu,2,7000
07-05-2020,Item-28,Tisu,19,7000
09-05-2020,Item-28,Tisu,17,7000
10-05-2020,Item-28,Tisu,18,7000
10-05-2020,Item-28,Tisu,9,7000
10-05-2020,Item-28,Tisu,20,7000
10-05-2020,Item-28,Tisu,6,7000
11-05-2020,Item-28,Tisu,14,7000
12-05-2020,Item-28,Tisu,7,7000
12-05-2020,Item-28,Tisu,20,7000
14-05-2020,Item-28,Tisu,10,7000
15-05-2020,Item-28,Tisu,19,7000
15-05-2020,Item-28,Tisu,17,7000
16-05-2020,Item-28,Tisu,7,7000
17-05-2020,Item-28,Tisu,1,7000
17-05-2020,Item-28,Tisu,19,7000
18-05-2020,Item-28,Tisu,11,7000
18-05-2020,Item-28,Tisu,17,7000
24-05-2020,Item-28,Tisu,19,7000
25-05-2020,Item-28,Tisu,18,7000
26-05-2020,Item-28,Tisu,4,7000
27-05-2020,Item-28,Tisu,4,7000
27-05-2020,Item-28,Tisu,9,7000
29-05-2020,Item-28,Tisu,9,7000
29-05-2020,Item-28,Tisu,2,7000
29-05-2020,Item-28,Tisu,17,7000
02-06-2020,Item-28,Tisu,3,7000
03-06-2020,Item-28,Tisu,1,7000
06-06-2020,Item-28,Tisu,15,7000
11-06-2020,Item-28,Tisu,3,7000
19-04-2020,Item-28,Tisu,7,7000
19-04-2020,Item-28,Tisu,9,7000
20-04-2020,Item-28,Tisu,19,7000
20-04-2020,Item-28,Tisu,1,7000
20-04-2020,Item-28,Tisu,18,7000
21-04-2020,Item-28,Tisu,14,7000
22-04-2020,Item-28,Tisu,10,7000
22-04-2020,Item-28,Tisu,12,7000
22-04-2020,Item-28,Tisu,10,7000
23-04-2020,Item-28,Tisu,8,7000
23-04-2020,Item-28,Tisu,17,7000
24-04-2020,Item-28,Tisu,7,7000
25-04-2020,Item-28,Tisu,20,7000
25-04-2020,Item-28,Tisu,18,7000
25-04-2020,Item-28,Tisu,8,7000
25-04-2020,Item-28,Tisu,1,7000
25-04-2020,Item-28,Tisu,13,7000
26-04-2020,Item-28,Tisu,18,7000
26-04-2020,Item-28,Tisu,8,7000
27-04-2020,Item-28,Tisu,16,7000
27-04-2020,Item-28,Tisu,5,7000
28-04-2020,Item-28,Tisu,2,7000
28-04-2020,Item-28,Tisu,1,7000
29-04-2020,Item-28,Tisu,17,7000
29-04-2020,Item-28,Tisu,19,7000
30-04-2020,Item-28,Tisu,19,7000
30-04-2020,Item-28,Tisu,15,7000
30-04-2020,Item-28,Tisu,20,7000
30-04-2020,Item-28,Tisu,9,7000
30-04-2020,Item-28,Tisu,5,7000
01-05-2020,Item-28,Tisu,1,7000
01-05-2020,Item-28,Tisu,8,7000
03-05-2020,Item-28,Tisu,20,7000
03-05-2020,Item-28,Tisu,11,7000
05-05-2020,Item-28,Tisu,8,7000
05-05-2020,Item-28,Tisu,1,7000
11-04-2020,Item-18,Telur Ayam Negeri,1,1700
12-04-2020,Item-18,Telur Ayam Negeri,2,1700
13-04-2020,Item-18,Telur Ayam Negeri,3,1700
14-04-2020,Item-18,Telur Ayam Negeri,4,1700
15-04-2020,Item-18,Telur Ayam Negeri,5,1700
16-04-2020,Item-18,Telur Ayam Negeri,1,1700
17-04-2020,Item-18,Telur Ayam Negeri,2,1700
18-04-2020,Item-18,Telur Ayam Negeri,3,1700
19-04-2020,Item-18,Telur Ayam Negeri,4,1700
20-04-2020,Item-18,Telur Ayam Negeri,5,1700
21-04-2020,Item-18,Telur Ayam Negeri,6,1700
05-05-2020,Item-28,Tisu,18,7000
06-05-2020,Item-28,Tisu,5,7000
06-05-2020,Item-28,Tisu,19,7000
06-05-2020,Item-28,Tisu,5,7000
07-05-2020,Item-28,Tisu,12,7000
07-05-2020,Item-28,Tisu,9,7000
07-05-2020,Item-28,Tisu,13,7000
07-05-2020,Item-28,Tisu,16,7000
07-05-2020,Item-28,Tisu,11,7000
09-05-2020,Item-28,Tisu,8,7000
10-05-2020,Item-28,Tisu,7,7000
10-05-2020,Item-28,Tisu,10,7000
10-05-2020,Item-28,Tisu,7,7000
10-05-2020,Item-28,Tisu,11,7000
11-05-2020,Item-28,Tisu,2,7000
12-05-2020,Item-28,Tisu,11,7000
12-05-2020,Item-28,Tisu,9,7000
14-05-2020,Item-28,Tisu,11,7000
15-05-2020,Item-28,Tisu,5,7000
15-05-2020,Item-28,Tisu,5,7000
16-05-2020,Item-28,Tisu,19,7000
17-05-2020,Item-28,Tisu,16,7000
17-05-2020,Item-28,Tisu,6,7000
18-05-2020,Item-28,Tisu,16,7000
18-05-2020,Item-28,Tisu,12,7000
24-05-2020,Item-28,Tisu,13,7000
25-05-2020,Item-28,Tisu,12,7000
26-05-2020,Item-28,Tisu,10,7000
27-05-2020,Item-28,Tisu,1,7000
27-05-2020,Item-28,Tisu,8,7000
29-05-2020,Item-28,Tisu,4,7000
29-05-2020,Item-28,Tisu,2,7000
29-05-2020,Item-28,Tisu,1,7000
02-06-2020,Item-28,Tisu,8,7000
03-06-2020,Item-28,Tisu,13,7000
06-06-2020,Item-28,Tisu,14,7000
11-06-2020,Item-28,Tisu,2,7000
14-05-2020,Item-28,Tisu,1,7000
16-04-2020,Item-28,Tisu,4,7000
16-04-2020,Item-28,Tisu,1,7000
16-04-2020,Item-28,Tisu,12,7000
16-04-2020,Item-28,Tisu,2,7000
16-04-2020,Item-28,Tisu,16,7000
16-04-2020,Item-28,Tisu,14,7000
16-04-2020,Item-28,Tisu,17,7000
16-04-2020,Item-28,Tisu,14,7000
17-04-2020,Item-28,Tisu,16,7000
17-04-2020,Item-28,Tisu,15,7000
17-04-2020,Item-28,Tisu,14,7000
17-04-2020,Item-28,Tisu,20,7000
17-04-2020,Item-28,Tisu,16,7000
17-04-2020,Item-28,Tisu,2,7000
17-04-2020,Item-28,Tisu,16,7000
17-04-2020,Item-28,Tisu,12,7000
17-04-2020,Item-28,Tisu,15,7000
26-04-2020,Item-28,Tisu,12,7000
26-04-2020,Item-28,Tisu,6,7000
26-04-2020,Item-28,Tisu,18,7000
26-04-2020,Item-28,Tisu,8,7000
26-04-2020,Item-28,Tisu,8,7000
26-04-2020,Item-28,Tisu,11,7000
26-04-2020,Item-28,Tisu,13,7000
26-04-2020,Item-28,Tisu,6,7000
26-04-2020,Item-28,Tisu,11,7000
26-04-2020,Item-28,Tisu,20,7000
26-04-2020,Item-28,Tisu,16,7000
27-04-2020,Item-28,Tisu,5,7000
27-04-2020,Item-28,Tisu,2,7000
28-04-2020,Item-28,Tisu,5,7000
28-04-2020,Item-28,Tisu,15,7000
28-04-2020,Item-28,Tisu,1,7000
28-04-2020,Item-28,Tisu,6,7000
29-04-2020,Item-28,Tisu,12,7000
29-04-2020,Item-28,Tisu,10,7000
29-04-2020,Item-28,Tisu,10,7000
29-04-2020,Item-28,Tisu,17,7000
29-04-2020,Item-28,Tisu,7,7000
29-04-2020,Item-28,Tisu,17,7000
03-05-2020,Item-28,Tisu,11,7000
03-05-2020,Item-28,Tisu,9,7000
03-05-2020,Item-28,Tisu,2,7000
03-05-2020,Item-28,Tisu,20,7000
03-05-2020,Item-28,Tisu,13,7000
03-05-2020,Item-28,Tisu,9,7000
03-05-2020,Item-28,Tisu,3,7000
03-05-2020,Item-28,Tisu,14,7000
03-05-2020,Item-28,Tisu,7,7000
04-05-2020,Item-28,Tisu,17,7000
04-05-2020,Item-28,Tisu,1,7000
04-05-2020,Item-28,Tisu,20,7000
04-05-2020,Item-28,Tisu,5,7000
05-05-2020,Item-28,Tisu,6,7000
05-05-2020,Item-28,Tisu,1,7000
05-05-2020,Item-28,Tisu,19,7000
06-05-2020,Item-28,Tisu,5,7000
06-05-2020,Item-28,Tisu,19,7000
06-05-2020,Item-28,Tisu,17,7000
06-05-2020,Item-28,Tisu,8,7000
06-05-2020,Item-28,Tisu,5,7000
06-05-2020,Item-28,Tisu,12,7000
07-05-2020,Item-28,Tisu,18,7000
13-05-2020,Item-28,Tisu,15,7000
13-05-2020,Item-28,Tisu,12,7000
13-05-2020,Item-28,Tisu,2,7000
14-05-2020,Item-28,Tisu,4,7000
14-05-2020,Item-28,Tisu,8,7000
14-05-2020,Item-28,Tisu,11,7000
14-05-2020,Item-28,Tisu,13,7000
14-05-2020,Item-28,Tisu,20,7000
14-05-2020,Item-28,Tisu,4,7000
14-05-2020,Item-28,Tisu,6,7000
14-05-2020,Item-28,Tisu,10,7000
15-05-2020,Item-28,Tisu,19,7000
15-05-2020,Item-28,Tisu,4,7000
15-05-2020,Item-28,Tisu,8,7000
15-05-2020,Item-28,Tisu,15,7000
15-05-2020,Item-28,Tisu,10,7000
15-05-2020,Item-28,Tisu,4,7000
16-05-2020,Item-28,Tisu,5,7000
16-05-2020,Item-28,Tisu,4,7000
17-05-2020,Item-28,Tisu,11,7000
17-05-2020,Item-28,Tisu,19,7000
17-05-2020,Item-28,Tisu,18,7000
17-05-2020,Item-28,Tisu,19,7000
17-05-2020,Item-28,Tisu,18,7000
18-05-2020,Item-28,Tisu,13,7000
18-05-2020,Item-28,Tisu,16,7000
20-05-2020,Item-28,Tisu,14,7000
20-05-2020,Item-28,Tisu,6,7000
20-05-2020,Item-28,Tisu,9,7000
21-05-2020,Item-28,Tisu,11,7000
21-05-2020,Item-28,Tisu,12,7000
21-05-2020,Item-28,Tisu,7,7000
21-05-2020,Item-28,Tisu,20,7000
21-05-2020,Item-28,Tisu,17,7000
23-05-2020,Item-28,Tisu,12,7000
11-04-2020,Item-16,Balsem Putih 20 gram,1,22300
19-04-2020,Item-26,Susu Bubuk 195g,14,45000
11-04-2020,Item-11,Sabun Cuci Piring,3,14000
10-04-2020,Item-03,Gula Pasir Putih 1 kg,3,12500
11-04-2020,Item-11,Sabun Cuci Piring,2,14000
11-04-2020,Item-17,Obat Batuk,3,5000
11-04-2020,Item-03,Gula Pasir Putih 1 kg,2,12500
11-04-2020,Item-11,Sabun Cuci Piring,3,14000
11-04-2020,Item-16,Balsem Putih 20 gram,4,22300
11-04-2020,Item-03,Gula Pasir Putih 1 kg,2,12500
11-04-2020,Item-11,Sabun Cuci Piring,2,14000
11-04-2020,Item-16,Balsem Putih 20 gram,2,22300
11-04-2020,Item-03,Gula Pasir Putih 1 kg,1,12500
20-04-2020,Item-26,Susu Bubuk 195g,1,45000
11-04-2020,Item-11,Sabun Cuci Piring,4,14000
11-04-2020,Item-03,Gula Pasir Putih 1 kg,2,12500
12-04-2020,Item-03,Gula Pasir Putih 1 kg,2,12500
23-05-2020,Item-28,Tisu,16,7000
23-05-2020,Item-28,Tisu,13,7000
23-05-2020,Item-28,Tisu,14,7000
23-05-2020,Item-28,Tisu,14,7000
23-05-2020,Item-28,Tisu,19,7000
24-05-2020,Item-28,Tisu,6,7000
25-05-2020,Item-28,Tisu,5,7000
26-05-2020,Item-28,Tisu,4,7000
26-05-2020,Item-28,Tisu,5,7000
26-05-2020,Item-28,Tisu,13,7000
27-05-2020,Item-28,Tisu,12,7000
27-05-2020,Item-28,Tisu,20,7000
28-05-2020,Item-28,Tisu,6,7000
28-05-2020,Item-28,Tisu,12,7000
29-05-2020,Item-28,Tisu,14,7000
29-05-2020,Item-28,Tisu,6,7000
29-05-2020,Item-28,Tisu,16,7000
11-04-2020,Item-18,Telur Ayam Negeri,1,1700
12-04-2020,Item-18,Telur Ayam Negeri,2,1700
13-04-2020,Item-18,Telur Ayam Negeri,3,1700
14-04-2020,Item-18,Telur Ayam Negeri,4,1700
15-04-2020,Item-18,Telur Ayam Negeri,5,1700
16-04-2020,Item-18,Telur Ayam Negeri,1,1700
17-04-2020,Item-18,Telur Ayam Negeri,2,1700
18-04-2020,Item-18,Telur Ayam Negeri,3,1700
19-04-2020,Item-18,Telur Ayam Negeri,4,1700
20-04-2020,Item-18,Telur Ayam Negeri,5,1700
21-04-2020,Item-18,Telur Ayam Negeri,6,1700
29-05-2020,Item-28,Tisu,7,7000
29-05-2020,Item-28,Tisu,15,7000
29-05-2020,Item-28,Tisu,1,7000
30-05-2020,Item-28,Tisu,2,7000
30-05-2020,Item-28,Tisu,7,7000
30-05-2020,Item-28,Tisu,7,7000
31-05-2020,Item-28,Tisu,4,7000
01-06-2020,Item-28,Tisu,1,7000
02-06-2020,Item-28,Tisu,7,7000
02-06-2020,Item-28,Tisu,8,7000
28-04-2020,Item-28,Tisu,6,7000
28-04-2020,Item-28,Tisu,8,7000
28-04-2020,Item-28,Tisu,8,7000
28-04-2020,Item-28,Tisu,17,7000
28-04-2020,Item-28,Tisu,7,7000
28-04-2020,Item-28,Tisu,20,7000
29-04-2020,Item-28,Tisu,1,7000
29-04-2020,Item-28,Tisu,12,7000
29-04-2020,Item-28,Tisu,12,7000
29-04-2020,Item-28,Tisu,16,7000
05-05-2020,Item-28,Tisu,15,7000
05-05-2020,Item-28,Tisu,5,7000
05-05-2020,Item-28,Tisu,14,7000
05-05-2020,Item-28,Tisu,11,7000
05-05-2020,Item-28,Tisu,5,7000
06-05-2020,Item-28,Tisu,2,7000
03-06-2020,Item-28,Tisu,3,7000
03-06-2020,Item-28,Tisu,18,7000
03-06-2020,Item-28,Tisu,4,7000
04-06-2020,Item-28,Tisu,13,7000
05-06-2020,Item-28,Tisu,8,7000
05-06-2020,Item-28,Tisu,1,7000
05-06-2020,Item-28,Tisu,2,7000
06-06-2020,Item-28,Tisu,4,7000
06-06-2020,Item-28,Tisu,2,7000
07-06-2020,Item-28,Tisu,12,7000
08-06-2020,Item-28,Tisu,4,7000
08-06-2020,Item-28,Tisu,20,7000
08-06-2020,Item-28,Tisu,18,7000
11-06-2020,Item-28,Tisu,4,7000
11-06-2020,Item-28,Tisu,16,7000
16-06-2020,Item-28,Tisu,13,7000
21-06-2020,Item-28,Tisu,8,7000
14-05-2020,Item-29,Bubur Bayi,20,8000
16-04-2020,Item-29,Bubur Bayi,8,8000
16-04-2020,Item-29,Bubur Bayi,8,8000
16-04-2020,Item-29,Bubur Bayi,13,8000
16-04-2020,Item-29,Bubur Bayi,10,8000
16-04-2020,Item-29,Bubur Bayi,2,8000
16-04-2020,Item-29,Bubur Bayi,20,8000
16-04-2020,Item-29,Bubur Bayi,2,8000
16-04-2020,Item-29,Bubur Bayi,1,8000
17-04-2020,Item-29,Bubur Bayi,7,8000
17-04-2020,Item-29,Bubur Bayi,2,8000
17-04-2020,Item-29,Bubur Bayi,15,8000
17-04-2020,Item-29,Bubur Bayi,18,8000
17-04-2020,Item-29,Bubur Bayi,14,8000
17-04-2020,Item-29,Bubur Bayi,1,8000
17-04-2020,Item-29,Bubur Bayi,19,8000
17-04-2020,Item-29,Bubur Bayi,14,8000
17-04-2020,Item-29,Bubur Bayi,14,8000
26-04-2020,Item-29,Bubur Bayi,10,8000
26-04-2020,Item-29,Bubur Bayi,9,8000
26-04-2020,Item-29,Bubur Bayi,9,8000
26-04-2020,Item-29,Bubur Bayi,5,8000
26-04-2020,Item-29,Bubur Bayi,8,8000
26-04-2020,Item-29,Bubur Bayi,10,8000
26-04-2020,Item-29,Bubur Bayi,12,8000
26-04-2020,Item-29,Bubur Bayi,13,8000
26-04-2020,Item-29,Bubur Bayi,16,8000
26-04-2020,Item-29,Bubur Bayi,14,8000
26-04-2020,Item-29,Bubur Bayi,5,8000
27-04-2020,Item-29,Bubur Bayi,12,8000
27-04-2020,Item-29,Bubur Bayi,8,8000
28-04-2020,Item-29,Bubur Bayi,11,8000
28-04-2020,Item-29,Bubur Bayi,13,8000
28-04-2020,Item-29,Bubur Bayi,20,8000
28-04-2020,Item-29,Bubur Bayi,16,8000
29-04-2020,Item-29,Bubur Bayi,7,8000
29-04-2020,Item-29,Bubur Bayi,7,8000
29-04-2020,Item-29,Bubur Bayi,1,8000
29-04-2020,Item-29,Bubur Bayi,17,8000
29-04-2020,Item-29,Bubur Bayi,14,8000
29-04-2020,Item-29,Bubur Bayi,18,8000
03-05-2020,Item-29,Bubur Bayi,16,8000
03-05-2020,Item-29,Bubur Bayi,2,8000
03-05-2020,Item-29,Bubur Bayi,15,8000
03-05-2020,Item-29,Bubur Bayi,17,8000
03-05-2020,Item-29,Bubur Bayi,4,8000
03-05-2020,Item-29,Bubur Bayi,7,8000
03-05-2020,Item-29,Bubur Bayi,2,8000
03-05-2020,Item-29,Bubur Bayi,3,8000
03-05-2020,Item-29,Bubur Bayi,12,8000
04-05-2020,Item-29,Bubur Bayi,2,8000
04-05-2020,Item-29,Bubur Bayi,11,8000
04-05-2020,Item-29,Bubur Bayi,11,8000
04-05-2020,Item-29,Bubur Bayi,13,8000
05-05-2020,Item-29,Bubur Bayi,20,8000
05-05-2020,Item-29,Bubur Bayi,9,8000
05-05-2020,Item-29,Bubur Bayi,1,8000
06-05-2020,Item-29,Bubur Bayi,13,8000
06-05-2020,Item-29,Bubur Bayi,13,8000
06-05-2020,Item-29,Bubur Bayi,12,8000
06-05-2020,Item-29,Bubur Bayi,19,8000
06-05-2020,Item-29,Bubur Bayi,1,8000
06-05-2020,Item-29,Bubur Bayi,1,8000
07-05-2020,Item-29,Bubur Bayi,20,8000
13-05-2020,Item-29,Bubur Bayi,7,8000
13-05-2020,Item-29,Bubur Bayi,18,8000
13-05-2020,Item-29,Bubur Bayi,6,8000
14-05-2020,Item-29,Bubur Bayi,1,8000
11-04-2020,Item-16,Balsem Putih 20 gram,1,22300
19-04-2020,Item-26,Susu Bubuk 195g,14,45000
11-04-2020,Item-11,Sabun Cuci Piring,3,14000
10-04-2020,Item-03,Gula Pasir Putih 1 kg,3,12500
11-04-2020,Item-11,Sabun Cuci Piring,2,14000
11-04-2020,Item-17,Obat Batuk,3,5000
11-04-2020,Item-03,Gula Pasir Putih 1 kg,2,12500
11-04-2020,Item-11,Sabun Cuci Piring,3,14000
11-04-2020,Item-16,Balsem Putih 20 gram,4,22300
11-04-2020,Item-03,Gula Pasir Putih 1 kg,2,12500
11-04-2020,Item-11,Sabun Cuci Piring,2,14000
11-04-2020,Item-16,Balsem Putih 20 gram,2,22300
11-04-2020,Item-03,Gula Pasir Putih 1 kg,1,12500
20-04-2020,Item-26,Susu Bubuk 195g,1,45000
11-04-2020,Item-11,Sabun Cuci Piring,4,14000
11-04-2020,Item-03,Gula Pasir Putih 1 kg,2,12500
12-04-2020,Item-03,Gula Pasir Putih 1 kg,2,12500
14-05-2020,Item-29,Bubur Bayi,17,8000
14-05-2020,Item-29,Bubur Bayi,15,8000
14-05-2020,Item-29,Bubur Bayi,13,8000
14-05-2020,Item-29,Bubur Bayi,7,8000
14-05-2020,Item-29,Bubur Bayi,16,8000
14-05-2020,Item-29,Bubur Bayi,8,8000
14-05-2020,Item-29,Bubur Bayi,6,8000
15-05-2020,Item-29,Bubur Bayi,20,8000
15-05-2020,Item-29,Bubur Bayi,2,8000
15-05-2020,Item-29,Bubur Bayi,20,8000
15-05-2020,Item-29,Bubur Bayi,18,8000
15-05-2020,Item-29,Bubur Bayi,17,8000
15-05-2020,Item-29,Bubur Bayi,18,8000
16-05-2020,Item-29,Bubur Bayi,5,8000
16-05-2020,Item-29,Bubur Bayi,18,8000
17-05-2020,Item-29,Bubur Bayi,5,8000
17-05-2020,Item-29,Bubur Bayi,17,8000
17-05-2020,Item-29,Bubur Bayi,7,8000
17-05-2020,Item-29,Bubur Bayi,8,8000
17-05-2020,Item-29,Bubur Bayi,13,8000
18-05-2020,Item-29,Bubur Bayi,15,8000
18-05-2020,Item-29,Bubur Bayi,9,8000
20-05-2020,Item-29,Bubur Bayi,2,8000
20-05-2020,Item-29,Bubur Bayi,19,8000
20-05-2020,Item-29,Bubur Bayi,2,8000
21-05-2020,Item-29,Bubur Bayi,4,8000
21-05-2020,Item-29,Bubur Bayi,3,8000
21-05-2020,Item-29,Bubur Bayi,11,8000
21-05-2020,Item-29,Bubur Bayi,13,8000
21-05-2020,Item-29,Bubur Bayi,1,8000
23-05-2020,Item-29,Bubur Bayi,2,8000
23-05-2020,Item-29,Bubur Bayi,17,8000
23-05-2020,Item-29,Bubur Bayi,11,8000
23-05-2020,Item-29,Bubur Bayi,12,8000
23-05-2020,Item-29,Bubur Bayi,12,8000
23-05-2020,Item-29,Bubur Bayi,14,8000
24-05-2020,Item-29,Bubur Bayi,5,8000
25-05-2020,Item-29,Bubur Bayi,18,8000
26-05-2020,Item-29,Bubur Bayi,2,8000
26-05-2020,Item-29,Bubur Bayi,13,8000
26-05-2020,Item-29,Bubur Bayi,12,8000
27-05-2020,Item-29,Bubur Bayi,14,8000
27-05-2020,Item-29,Bubur Bayi,6,8000
28-05-2020,Item-29,Bubur Bayi,3,8000
28-05-2020,Item-29,Bubur Bayi,2,8000
29-05-2020,Item-29,Bubur Bayi,14,8000
29-05-2020,Item-29,Bubur Bayi,6,8000
29-05-2020,Item-29,Bubur Bayi,20,8000
29-05-2020,Item-29,Bubur Bayi,18,8000
29-05-2020,Item-29,Bubur Bayi,13,8000
29-05-2020,Item-29,Bubur Bayi,7,8000
30-05-2020,Item-29,Bubur Bayi,3,8000
30-05-2020,Item-29,Bubur Bayi,17,8000
30-05-2020,Item-29,Bubur Bayi,18,8000
31-05-2020,Item-29,Bubur Bayi,20,8000
01-06-2020,Item-29,Bubur Bayi,10,8000
02-06-2020,Item-29,Bubur Bayi,14,8000
02-06-2020,Item-29,Bubur Bayi,18,8000
28-04-2020,Item-29,Bubur Bayi,19,8000
28-04-2020,Item-29,Bubur Bayi,12,8000
28-04-2020,Item-29,Bubur Bayi,8,8000
28-04-2020,Item-29,Bubur Bayi,12,8000
28-04-2020,Item-29,Bubur Bayi,5,8000
28-04-2020,Item-29,Bubur Bayi,20,8000
29-04-2020,Item-29,Bubur Bayi,20,8000
29-04-2020,Item-29,Bubur Bayi,7,8000
29-04-2020,Item-29,Bubur Bayi,10,8000
29-04-2020,Item-29,Bubur Bayi,10,8000
05-05-2020,Item-29,Bubur Bayi,11,8000
05-05-2020,Item-29,Bubur Bayi,20,8000
05-05-2020,Item-29,Bubur Bayi,8,8000
05-05-2020,Item-29,Bubur Bayi,18,8000
05-05-2020,Item-29,Bubur Bayi,10,8000
06-05-2020,Item-29,Bubur Bayi,15,8000
03-06-2020,Item-29,Bubur Bayi,2,8000
03-06-2020,Item-29,Bubur Bayi,10,8000
03-06-2020,Item-29,Bubur Bayi,5,8000
04-06-2020,Item-29,Bubur Bayi,14,8000
05-06-2020,Item-29,Bubur Bayi,19,8000
05-06-2020,Item-29,Bubur Bayi,1,8000
05-06-2020,Item-29,Bubur Bayi,2,8000
06-06-2020,Item-29,Bubur Bayi,8,8000
06-06-2020,Item-29,Bubur Bayi,18,8000
07-06-2020,Item-29,Bubur Bayi,18,8000
08-06-2020,Item-29,Bubur Bayi,16,8000
08-06-2020,Item-29,Bubur Bayi,18,8000
08-06-2020,Item-29,Bubur Bayi,12,8000
11-06-2020,Item-29,Bubur Bayi,19,8000
11-06-2020,Item-29,Bubur Bayi,20,8000
16-06-2020,Item-29,Bubur Bayi,12,8000
21-06-2020,Item-29,Bubur Bayi,2,8000
19-04-2020,Item-29,Bubur Bayi,12,8000
19-04-2020,Item-29,Bubur Bayi,12,8000
20-04-2020,Item-29,Bubur Bayi,19,8000
20-04-2020,Item-29,Bubur Bayi,20,8000
20-04-2020,Item-29,Bubur Bayi,7,8000
21-04-2020,Item-29,Bubur Bayi,15,8000
22-04-2020,Item-29,Bubur Bayi,18,8000
22-04-2020,Item-29,Bubur Bayi,9,8000
22-04-2020,Item-29,Bubur Bayi,6,8000
23-04-2020,Item-29,Bubur Bayi,19,8000
23-04-2020,Item-29,Bubur Bayi,14,8000
24-04-2020,Item-29,Bubur Bayi,1,8000
25-04-2020,Item-29,Bubur Bayi,15,8000
25-04-2020,Item-29,Bubur Bayi,16,8000
25-04-2020,Item-29,Bubur Bayi,3,8000
25-04-2020,Item-29,Bubur Bayi,16,8000
25-04-2020,Item-29,Bubur Bayi,12,8000
11-04-2020,Item-16,Balsem Putih 20 gram,1,22300
19-04-2020,Item-26,Susu Bubuk 195g,14,45000
11-04-2020,Item-11,Sabun Cuci Piring,3,14000
10-04-2020,Item-03,Gula Pasir Putih 1 kg,3,12500
11-04-2020,Item-11,Sabun Cuci Piring,2,14000
11-04-2020,Item-17,Obat Batuk,3,5000
11-04-2020,Item-03,Gula Pasir Putih 1 kg,2,12500
11-04-2020,Item-11,Sabun Cuci Piring,3,14000
11-04-2020,Item-16,Balsem Putih 20 gram,4,22300
11-04-2020,Item-03,Gula Pasir Putih 1 kg,2,12500
11-04-2020,Item-11,Sabun Cuci Piring,2,14000
11-04-2020,Item-16,Balsem Putih 20 gram,2,22300
11-04-2020,Item-03,Gula Pasir Putih 1 kg,1,12500
20-04-2020,Item-26,Susu Bubuk 195g,1,45000
11-04-2020,Item-11,Sabun Cuci Piring,4,14000
11-04-2020,Item-03,Gula Pasir Putih 1 kg,2,12500
12-04-2020,Item-03,Gula Pasir Putih 1 kg,2,12500
26-04-2020,Item-29,Bubur Bayi,4,8000
26-04-2020,Item-29,Bubur Bayi,5,8000
27-04-2020,Item-29,Bubur Bayi,12,8000
27-04-2020,Item-29,Bubur Bayi,17,8000
28-04-2020,Item-29,Bubur Bayi,5,8000
28-04-2020,Item-29,Bubur Bayi,6,8000
29-04-2020,Item-29,Bubur Bayi,14,8000
29-04-2020,Item-29,Bubur Bayi,7,8000
30-04-2020,Item-29,Bubur Bayi,3,8000
30-04-2020,Item-29,Bubur Bayi,11,8000
30-04-2020,Item-29,Bubur Bayi,14,8000
11-04-2020,Item-18,Telur Ayam Negeri,1,1700
12-04-2020,Item-18,Telur Ayam Negeri,2,1700
13-04-2020,Item-18,Telur Ayam Negeri,3,1700
14-04-2020,Item-18,Telur Ayam Negeri,4,1700
15-04-2020,Item-18,Telur Ayam Negeri,5,1700
16-04-2020,Item-18,Telur Ayam Negeri,1,1700
17-04-2020,Item-18,Telur Ayam Negeri,2,1700
18-04-2020,Item-18,Telur Ayam Negeri,3,1700
19-04-2020,Item-18,Telur Ayam Negeri,4,1700
20-04-2020,Item-18,Telur Ayam Negeri,5,1700
21-04-2020,Item-18,Telur Ayam Negeri,6,1700
30-04-2020,Item-29,Bubur Bayi,7,8000
30-04-2020,Item-29,Bubur Bayi,19,8000
01-05-2020,Item-29,Bubur Bayi,15,8000
01-05-2020,Item-29,Bubur Bayi,15,8000
03-05-2020,Item-29,Bubur Bayi,5,8000
03-05-2020,Item-29,Bubur Bayi,9,8000
05-05-2020,Item-29,Bubur Bayi,8,8000
05-05-2020,Item-29,Bubur Bayi,19,8000
05-05-2020,Item-29,Bubur Bayi,4,8000
06-05-2020,Item-29,Bubur Bayi,18,8000
06-05-2020,Item-29,Bubur Bayi,3,8000
06-05-2020,Item-29,Bubur Bayi,10,8000
07-05-2020,Item-29,Bubur Bayi,9,8000
07-05-2020,Item-29,Bubur Bayi,7,8000
07-05-2020,Item-29,Bubur Bayi,4,8000
07-05-2020,Item-29,Bubur Bayi,10,8000
07-05-2020,Item-29,Bubur Bayi,15,8000
09-05-2020,Item-29,Bubur Bayi,3,8000
10-05-2020,Item-29,Bubur Bayi,17,8000
10-05-2020,Item-29,Bubur Bayi,1,8000
10-05-2020,Item-29,Bubur Bayi,3,8000
10-05-2020,Item-29,Bubur Bayi,17,8000
11-05-2020,Item-29,Bubur Bayi,10,8000
12-05-2020,Item-29,Bubur Bayi,8,8000
12-05-2020,Item-29,Bubur Bayi,1,8000
14-05-2020,Item-29,Bubur Bayi,3,8000
15-05-2020,Item-29,Bubur Bayi,14,8000
15-05-2020,Item-29,Bubur Bayi,7,8000
16-05-2020,Item-29,Bubur Bayi,11,8000
17-05-2020,Item-29,Bubur Bayi,1,8000
17-05-2020,Item-29,Bubur Bayi,1,8000
18-05-2020,Item-29,Bubur Bayi,18,8000
18-05-2020,Item-29,Bubur Bayi,12,8000
24-05-2020,Item-29,Bubur Bayi,12,8000
25-05-2020,Item-29,Bubur Bayi,1,8000
26-05-2020,Item-29,Bubur Bayi,6,8000
27-05-2020,Item-29,Bubur Bayi,15,8000
27-05-2020,Item-29,Bubur Bayi,4,8000
29-05-2020,Item-29,Bubur Bayi,9,8000
29-05-2020,Item-29,Bubur Bayi,16,8000
29-05-2020,Item-29,Bubur Bayi,15,8000
02-06-2020,Item-29,Bubur Bayi,8,8000
03-06-2020,Item-29,Bubur Bayi,5,8000
06-06-2020,Item-29,Bubur Bayi,20,8000
11-06-2020,Item-29,Bubur Bayi,4,8000
19-04-2020,Item-29,Bubur Bayi,12,8000
19-04-2020,Item-29,Bubur Bayi,14,8000
20-04-2020,Item-29,Bubur Bayi,10,8000
20-04-2020,Item-29,Bubur Bayi,3,8000
20-04-2020,Item-29,Bubur Bayi,13,8000
21-04-2020,Item-29,Bubur Bayi,1,8000
22-04-2020,Item-29,Bubur Bayi,11,8000
22-04-2020,Item-29,Bubur Bayi,3,8000
22-04-2020,Item-29,Bubur Bayi,17,8000
23-04-2020,Item-29,Bubur Bayi,4,8000
23-04-2020,Item-29,Bubur Bayi,12,8000
24-04-2020,Item-29,Bubur Bayi,5,8000
25-04-2020,Item-29,Bubur Bayi,18,8000
25-04-2020,Item-29,Bubur Bayi,13,8000
25-04-2020,Item-29,Bubur Bayi,14,8000
25-04-2020,Item-29,Bubur Bayi,17,8000
25-04-2020,Item-29,Bubur Bayi,10,8000
26-04-2020,Item-29,Bubur Bayi,5,8000
26-04-2020,Item-29,Bubur Bayi,13,8000
27-04-2020,Item-29,Bubur Bayi,13,8000
27-04-2020,Item-29,Bubur Bayi,3,8000
28-04-2020,Item-29,Bubur Bayi,3,8000
28-04-2020,Item-29,Bubur Bayi,16,8000
29-04-2020,Item-29,Bubur Bayi,13,8000
29-04-2020,Item-29,Bubur Bayi,1,8000
30-04-2020,Item-29,Bubur Bayi,8,8000
30-04-2020,Item-29,Bubur Bayi,10,8000
30-04-2020,Item-29,Bubur Bayi,1,8000
30-04-2020,Item-29,Bubur Bayi,18,8000
30-04-2020,Item-29,Bubur Bayi,15,8000
01-05-2020,Item-29,Bubur Bayi,18,8000
01-05-2020,Item-29,Bubur Bayi,15,8000
03-05-2020,Item-29,Bubur Bayi,8,8000
03-05-2020,Item-29,Bubur Bayi,16,8000
05-05-2020,Item-29,Bubur Bayi,18,8000
05-05-2020,Item-29,Bubur Bayi,10,8000
05-05-2020,Item-29,Bubur Bayi,7,8000
06-05-2020,Item-29,Bubur Bayi,18,8000
06-05-2020,Item-29,Bubur Bayi,3,8000
06-05-2020,Item-29,Bubur Bayi,10,8000
07-05-2020,Item-29,Bubur Bayi,19,8000
07-05-2020,Item-29,Bubur Bayi,11,8000
07-05-2020,Item-29,Bubur Bayi,17,8000
07-05-2020,Item-29,Bubur Bayi,9,8000
07-05-2020,Item-29,Bubur Bayi,1,8000
09-05-2020,Item-29,Bubur Bayi,3,8000
10-05-2020,Item-29,Bubur Bayi,2,8000
10-05-2020,Item-29,Bubur Bayi,14,8000
10-05-2020,Item-29,Bubur Bayi,8,8000
10-05-2020,Item-29,Bubur Bayi,16,8000
11-05-2020,Item-29,Bubur Bayi,15,8000
12-05-2020,Item-29,Bubur Bayi,7,8000
12-05-2020,Item-29,Bubur Bayi,20,8000
14-05-2020,Item-29,Bubur Bayi,18,8000
15-05-2020,Item-29,Bubur Bayi,3,8000
15-05-2020,Item-29,Bubur Bayi,18,8000
16-05-2020,Item-29,Bubur Bayi,14,8000
17-05-2020,Item-29,Bubur Bayi,16,8000
17-05-2020,Item-29,Bubur Bayi,20,8000
18-05-2020,Item-29,Bubur Bayi,13,8000
18-05-2020,Item-29,Bubur Bayi,4,8000
24-05-2020,Item-29,Bubur Bayi,2,8000
25-05-2020,Item-29,Bubur Bayi,1,8000
26-05-2020,Item-29,Bubur Bayi,1,8000
27-05-2020,Item-29,Bubur Bayi,13,8000
27-05-2020,Item-29,Bubur Bayi,6,8000
29-05-2020,Item-29,Bubur Bayi,12,8000
29-05-2020,Item-29,Bubur Bayi,20,8000
29-05-2020,Item-29,Bubur Bayi,14,8000
02-06-2020,Item-29,Bubur Bayi,3,8000
03-06-2020,Item-29,Bubur Bayi,2,8000
06-06-2020,Item-29,Bubur Bayi,11,8000
11-06-2020,Item-29,Bubur Bayi,19,8000
12-04-2020,Item-30,Kosmetik Wanita,16,8000
12-04-2020,Item-30,Kosmetik Wanita,7,8000
12-04-2020,Item-30,Kosmetik Wanita,14,8000
12-04-2020,Item-30,Kosmetik Wanita,15,8000
12-04-2020,Item-30,Kosmetik Wanita,10,8000
15-04-2020,Item-30,Kosmetik Wanita,16,8000
15-04-2020,Item-30,Kosmetik Wanita,9,8000
15-04-2020,Item-30,Kosmetik Wanita,19,8000
15-04-2020,Item-30,Kosmetik Wanita,16,8000
15-04-2020,Item-30,Kosmetik Wanita,7,8000
18-04-2020,Item-30,Kosmetik Wanita,8,8000
18-04-2020,Item-30,Kosmetik Wanita,4,8000
18-04-2020,Item-30,Kosmetik Wanita,9,8000
18-04-2020,Item-30,Kosmetik Wanita,6,8000
19-04-2020,Item-30,Kosmetik Wanita,16,8000
19-04-2020,Item-30,Kosmetik Wanita,6,8000
20-04-2020,Item-30,Kosmetik Wanita,6,8000
20-04-2020,Item-30,Kosmetik Wanita,12,8000
21-04-2020,Item-30,Kosmetik Wanita,16,8000
21-04-2020,Item-30,Kosmetik Wanita,7,8000
21-04-2020,Item-30,Kosmetik Wanita,10,8000
21-04-2020,Item-30,Kosmetik Wanita,19,8000
21-04-2020,Item-30,Kosmetik Wanita,14,8000
21-04-2020,Item-30,Kosmetik Wanita,12,8000
21-04-2020,Item-30,Kosmetik Wanita,16,8000
23-04-2020,Item-30,Kosmetik Wanita,13,8000
23-04-2020,Item-30,Kosmetik Wanita,3,8000
23-04-2020,Item-30,Kosmetik Wanita,10,8000
23-04-2020,Item-30,Kosmetik Wanita,7,8000
23-04-2020,Item-30,Kosmetik Wanita,13,8000
24-04-2020,Item-30,Kosmetik Wanita,15,8000
24-04-2020,Item-30,Kosmetik Wanita,10,8000
24-04-2020,Item-30,Kosmetik Wanita,18,8000
24-04-2020,Item-30,Kosmetik Wanita,8,8000
24-04-2020,Item-30,Kosmetik Wanita,17,8000
30-04-2020,Item-30,Kosmetik Wanita,1,8000
30-04-2020,Item-30,Kosmetik Wanita,4,8000
01-05-2020,Item-30,Kosmetik Wanita,3,8000
13-05-2020,Item-14,Teh Celup Melati,4,7800
13-05-2020,Item-14,Teh Celup Melati,5,7800
13-05-2020,Item-14,Teh Celup Melati,10,7800
13-05-2020,Item-14,Teh Celup Melati,7,7800
13-04-2020,Item-14,Teh Celup Melati,5,7800
01-05-2020,Item-30,Kosmetik Wanita,15,8000
01-05-2020,Item-30,Kosmetik Wanita,20,8000
11-04-2020,Item-18,Telur Ayam Negeri,1,1700
12-04-2020,Item-18,Telur Ayam Negeri,2,1700
13-04-2020,Item-18,Telur Ayam Negeri,3,1700
14-04-2020,Item-18,Telur Ayam Negeri,4,1700
15-04-2020,Item-18,Telur Ayam Negeri,5,1700
16-04-2020,Item-18,Telur Ayam Negeri,1,1700
17-04-2020,Item-18,Telur Ayam Negeri,2,1700
18-04-2020,Item-18,Telur Ayam Negeri,3,1700
19-04-2020,Item-18,Telur Ayam Negeri,4,1700
20-04-2020,Item-18,Telur Ayam Negeri,5,1700
21-04-2020,Item-18,Telur Ayam Negeri,6,1700
01-05-2020,Item-30,Kosmetik Wanita,15,8000
01-05-2020,Item-30,Kosmetik Wanita,5,8000
01-05-2020,Item-30,Kosmetik Wanita,18,8000
01-05-2020,Item-30,Kosmetik Wanita,15,8000
01-05-2020,Item-30,Kosmetik Wanita,12,8000
02-05-2020,Item-30,Kosmetik Wanita,5,8000
02-05-2020,Item-30,Kosmetik Wanita,10,8000
03-05-2020,Item-30,Kosmetik Wanita,19,8000
02-05-2020,Item-30,Kosmetik Wanita,19,8000
02-05-2020,Item-30,Kosmetik Wanita,6,8000
02-05-2020,Item-30,Kosmetik Wanita,12,8000
02-05-2020,Item-30,Kosmetik Wanita,4,8000
02-05-2020,Item-30,Kosmetik Wanita,14,8000
02-05-2020,Item-30,Kosmetik Wanita,8,8000
02-05-2020,Item-30,Kosmetik Wanita,8,8000
02-05-2020,Item-30,Kosmetik Wanita,19,8000
03-05-2020,Item-30,Kosmetik Wanita,19,8000
03-05-2020,Item-30,Kosmetik Wanita,17,8000
03-05-2020,Item-30,Kosmetik Wanita,3,8000
03-05-2020,Item-30,Kosmetik Wanita,7,8000
03-05-2020,Item-30,Kosmetik Wanita,5,8000
03-05-2020,Item-30,Kosmetik Wanita,13,8000
03-05-2020,Item-30,Kosmetik Wanita,14,8000
03-05-2020,Item-30,Kosmetik Wanita,13,8000
11-05-2020,Item-30,Kosmetik Wanita,5,8000
12-05-2020,Item-30,Kosmetik Wanita,1,8000
12-05-2020,Item-30,Kosmetik Wanita,18,8000
12-05-2020,Item-30,Kosmetik Wanita,16,8000
12-05-2020,Item-30,Kosmetik Wanita,11,8000
03-05-2020,Item-30,Kosmetik Wanita,15,8000
12-04-2020,Item-30,Kosmetik Wanita,6,8000
12-04-2020,Item-30,Kosmetik Wanita,6,8000
12-04-2020,Item-30,Kosmetik Wanita,3,8000
12-04-2020,Item-30,Kosmetik Wanita,14,8000
12-04-2020,Item-30,Kosmetik Wanita,19,8000
15-04-2020,Item-30,Kosmetik Wanita,14,8000
15-04-2020,Item-30,Kosmetik Wanita,19,8000
15-04-2020,Item-30,Kosmetik Wanita,1,8000
15-04-2020,Item-30,Kosmetik Wanita,2,8000
15-04-2020,Item-30,Kosmetik Wanita,1,8000
18-04-2020,Item-30,Kosmetik Wanita,14,8000
18-04-2020,Item-30,Kosmetik Wanita,20,8000
18-04-2020,Item-30,Kosmetik Wanita,6,8000
18-04-2020,Item-30,Kosmetik Wanita,20,8000
19-04-2020,Item-30,Kosmetik Wanita,13,8000
19-04-2020,Item-30,Kosmetik Wanita,7,8000
20-04-2020,Item-30,Kosmetik Wanita,9,8000
20-04-2020,Item-30,Kosmetik Wanita,19,8000
21-04-2020,Item-30,Kosmetik Wanita,8,8000
21-04-2020,Item-30,Kosmetik Wanita,18,8000
21-04-2020,Item-30,Kosmetik Wanita,18,8000
21-04-2020,Item-30,Kosmetik Wanita,1,8000
21-04-2020,Item-30,Kosmetik Wanita,19,8000
21-04-2020,Item-30,Kosmetik Wanita,8,8000
21-04-2020,Item-30,Kosmetik Wanita,11,8000
23-04-2020,Item-30,Kosmetik Wanita,19,8000
23-04-2020,Item-30,Kosmetik Wanita,13,8000
23-04-2020,Item-30,Kosmetik Wanita,1,8000
23-04-2020,Item-30,Kosmetik Wanita,16,8000
23-04-2020,Item-30,Kosmetik Wanita,8,8000
24-04-2020,Item-30,Kosmetik Wanita,1,8000
24-04-2020,Item-30,Kosmetik Wanita,14,8000
24-04-2020,Item-30,Kosmetik Wanita,17,8000
24-04-2020,Item-30,Kosmetik Wanita,16,8000
24-04-2020,Item-30,Kosmetik Wanita,20,8000
30-04-2020,Item-30,Kosmetik Wanita,9,8000
30-04-2020,Item-30,Kosmetik Wanita,3,8000
01-05-2020,Item-30,Kosmetik Wanita,9,8000
01-05-2020,Item-30,Kosmetik Wanita,18,8000
11-04-2020,Item-16,Balsem Putih 20 gram,1,22300
19-04-2020,Item-26,Susu Bubuk 195g,14,45000
11-04-2020,Item-11,Sabun Cuci Piring,3,14000
10-04-2020,Item-03,Gula Pasir Putih 1 kg,3,12500
11-04-2020,Item-11,Sabun Cuci Piring,2,14000
11-04-2020,Item-17,Obat Batuk,3,5000
11-04-2020,Item-03,Gula Pasir Putih 1 kg,2,12500
11-04-2020,Item-11,Sabun Cuci Piring,3,14000
11-04-2020,Item-16,Balsem Putih 20 gram,4,22300
11-04-2020,Item-03,Gula Pasir Putih 1 kg,2,12500
11-04-2020,Item-11,Sabun Cuci Piring,2,14000
11-04-2020,Item-16,Balsem Putih 20 gram,2,22300
11-04-2020,Item-03,Gula Pasir Putih 1 kg,1,12500
20-04-2020,Item-26,Susu Bubuk 195g,1,45000
11-04-2020,Item-11,Sabun Cuci Piring,4,14000
11-04-2020,Item-03,Gula Pasir Putih 1 kg,2,12500
12-04-2020,Item-03,Gula Pasir Putih 1 kg,2,12500
01-05-2020,Item-30,Kosmetik Wanita,15,8000
01-05-2020,Item-30,Kosmetik Wanita,17,8000
01-05-2020,Item-30,Kosmetik Wanita,17,8000
01-05-2020,Item-30,Kosmetik Wanita,20,8000
01-05-2020,Item-30,Kosmetik Wanita,4,8000
01-05-2020,Item-30,Kosmetik Wanita,13,8000
02-05-2020,Item-30,Kosmetik Wanita,14,8000
02-05-2020,Item-30,Kosmetik Wanita,3,8000
11-04-2020,Item-18,Telur Ayam Negeri,1,1700
12-04-2020,Item-18,Telur Ayam Negeri,2,1700
13-04-2020,Item-18,Telur Ayam Negeri,3,1700
14-04-2020,Item-18,Telur Ayam Negeri,4,1700
15-04-2020,Item-18,Telur Ayam Negeri,5,1700
16-04-2020,Item-18,Telur Ayam Negeri,1,1700
17-04-2020,Item-18,Telur Ayam Negeri,2,1700
18-04-2020,Item-18,Telur Ayam Negeri,3,1700
19-04-2020,Item-18,Telur Ayam Negeri,4,1700
20-04-2020,Item-18,Telur Ayam Negeri,5,1700
21-04-2020,Item-18,Telur Ayam Negeri,6,1700
03-05-2020,Item-30,Kosmetik Wanita,3,8000
02-05-2020,Item-30,Kosmetik Wanita,7,8000
02-05-2020,Item-30,Kosmetik Wanita,7,8000
02-05-2020,Item-30,Kosmetik Wanita,7,8000
02-05-2020,Item-30,Kosmetik Wanita,15,8000
02-05-2020,Item-30,Kosmetik Wanita,10,8000
02-05-2020,Item-30,Kosmetik Wanita,18,8000
02-05-2020,Item-30,Kosmetik Wanita,3,8000
02-05-2020,Item-30,Kosmetik Wanita,17,8000
03-05-2020,Item-30,Kosmetik Wanita,14,8000
03-05-2020,Item-30,Kosmetik Wanita,11,8000
03-05-2020,Item-30,Kosmetik Wanita,4,8000
03-05-2020,Item-30,Kosmetik Wanita,8,8000
03-05-2020,Item-30,Kosmetik Wanita,2,8000
03-05-2020,Item-30,Kosmetik Wanita,6,8000
03-05-2020,Item-30,Kosmetik Wanita,19,8000
03-05-2020,Item-30,Kosmetik Wanita,10,8000
11-05-2020,Item-30,Kosmetik Wanita,6,8000
12-05-2020,Item-30,Kosmetik Wanita,6,8000
12-05-2020,Item-30,Kosmetik Wanita,14,8000
12-05-2020,Item-30,Kosmetik Wanita,8,8000
10-05-2020,Item-32,Biscuit,13,10000
12-05-2020,Item-30,Kosmetik Wanita,15,8000
03-05-2020,Item-30,Kosmetik Wanita,3,8000
14-05-2020,Item-30,Kosmetik Wanita,12,8000
16-04-2020,Item-30,Kosmetik Wanita,8,8000
16-04-2020,Item-30,Kosmetik Wanita,1,8000
16-04-2020,Item-30,Kosmetik Wanita,11,8000
16-04-2020,Item-30,Kosmetik Wanita,12,8000
16-04-2020,Item-30,Kosmetik Wanita,13,8000
16-04-2020,Item-30,Kosmetik Wanita,15,8000
16-04-2020,Item-30,Kosmetik Wanita,19,8000
16-04-2020,Item-30,Kosmetik Wanita,2,8000
17-04-2020,Item-30,Kosmetik Wanita,9,8000
17-04-2020,Item-30,Kosmetik Wanita,1,8000
17-04-2020,Item-30,Kosmetik Wanita,12,8000
17-04-2020,Item-30,Kosmetik Wanita,20,8000
17-04-2020,Item-30,Kosmetik Wanita,12,8000
17-04-2020,Item-30,Kosmetik Wanita,5,8000
17-04-2020,Item-30,Kosmetik Wanita,10,8000
17-04-2020,Item-30,Kosmetik Wanita,20,8000
17-04-2020,Item-30,Kosmetik Wanita,1,8000
26-04-2020,Item-30,Kosmetik Wanita,10,8000
26-04-2020,Item-30,Kosmetik Wanita,4,8000
26-04-2020,Item-30,Kosmetik Wanita,20,8000
26-04-2020,Item-30,Kosmetik Wanita,19,8000
26-04-2020,Item-30,Kosmetik Wanita,4,8000
26-04-2020,Item-30,Kosmetik Wanita,12,8000
26-04-2020,Item-30,Kosmetik Wanita,3,8000
26-04-2020,Item-30,Kosmetik Wanita,20,8000
26-04-2020,Item-30,Kosmetik Wanita,19,8000
26-04-2020,Item-30,Kosmetik Wanita,18,8000
26-04-2020,Item-30,Kosmetik Wanita,20,8000
27-04-2020,Item-30,Kosmetik Wanita,17,8000
27-04-2020,Item-30,Kosmetik Wanita,3,8000
28-04-2020,Item-30,Kosmetik Wanita,7,8000
28-04-2020,Item-30,Kosmetik Wanita,20,8000
28-04-2020,Item-30,Kosmetik Wanita,3,8000
28-04-2020,Item-30,Kosmetik Wanita,10,8000
29-04-2020,Item-30,Kosmetik Wanita,15,8000
29-04-2020,Item-30,Kosmetik Wanita,15,8000
29-04-2020,Item-30,Kosmetik Wanita,12,8000
29-04-2020,Item-30,Kosmetik Wanita,7,8000
29-04-2020,Item-30,Kosmetik Wanita,5,8000
29-04-2020,Item-30,Kosmetik Wanita,13,8000
03-05-2020,Item-30,Kosmetik Wanita,17,8000
03-05-2020,Item-30,Kosmetik Wanita,10,8000
03-05-2020,Item-30,Kosmetik Wanita,3,8000
03-05-2020,Item-30,Kosmetik Wanita,1,8000
03-05-2020,Item-30,Kosmetik Wanita,3,8000
03-05-2020,Item-30,Kosmetik Wanita,14,8000
03-05-2020,Item-30,Kosmetik Wanita,10,8000
03-05-2020,Item-30,Kosmetik Wanita,3,8000
03-05-2020,Item-30,Kosmetik Wanita,9,8000
04-05-2020,Item-30,Kosmetik Wanita,12,8000
04-05-2020,Item-30,Kosmetik Wanita,13,8000
04-05-2020,Item-30,Kosmetik Wanita,19,8000
04-05-2020,Item-30,Kosmetik Wanita,20,8000
05-05-2020,Item-30,Kosmetik Wanita,1,8000
05-05-2020,Item-30,Kosmetik Wanita,4,8000
05-05-2020,Item-30,Kosmetik Wanita,4,8000
06-05-2020,Item-30,Kosmetik Wanita,3,8000
06-05-2020,Item-30,Kosmetik Wanita,19,8000
06-05-2020,Item-30,Kosmetik Wanita,17,8000
06-05-2020,Item-30,Kosmetik Wanita,4,8000
06-05-2020,Item-30,Kosmetik Wanita,11,8000
06-05-2020,Item-30,Kosmetik Wanita,5,8000
07-05-2020,Item-30,Kosmetik Wanita,3,8000
13-05-2020,Item-30,Kosmetik Wanita,14,8000
13-05-2020,Item-30,Kosmetik Wanita,3,8000
13-05-2020,Item-30,Kosmetik Wanita,5,8000
14-05-2020,Item-30,Kosmetik Wanita,13,8000
14-05-2020,Item-30,Kosmetik Wanita,4,8000
14-05-2020,Item-30,Kosmetik Wanita,2,8000
14-05-2020,Item-30,Kosmetik Wanita,2,8000
14-05-2020,Item-30,Kosmetik Wanita,20,8000
14-05-2020,Item-30,Kosmetik Wanita,6,8000
14-05-2020,Item-30,Kosmetik Wanita,12,8000
14-05-2020,Item-30,Kosmetik Wanita,11,8000
15-05-2020,Item-30,Kosmetik Wanita,20,8000
15-05-2020,Item-30,Kosmetik Wanita,13,8000
15-05-2020,Item-30,Kosmetik Wanita,20,8000
15-05-2020,Item-30,Kosmetik Wanita,7,8000
15-05-2020,Item-30,Kosmetik Wanita,9,8000
15-05-2020,Item-30,Kosmetik Wanita,20,8000
16-05-2020,Item-30,Kosmetik Wanita,15,8000
16-05-2020,Item-30,Kosmetik Wanita,9,8000
17-05-2020,Item-30,Kosmetik Wanita,12,8000
17-05-2020,Item-30,Kosmetik Wanita,6,8000
17-05-2020,Item-30,Kosmetik Wanita,14,8000
17-05-2020,Item-30,Kosmetik Wanita,10,8000
17-05-2020,Item-30,Kosmetik Wanita,4,8000
18-05-2020,Item-30,Kosmetik Wanita,18,8000
18-05-2020,Item-30,Kosmetik Wanita,3,8000
20-05-2020,Item-30,Kosmetik Wanita,6,8000
20-05-2020,Item-30,Kosmetik Wanita,3,8000
20-05-2020,Item-30,Kosmetik Wanita,9,8000
21-05-2020,Item-30,Kosmetik Wanita,8,8000
21-05-2020,Item-30,Kosmetik Wanita,4,8000
21-05-2020,Item-30,Kosmetik Wanita,9,8000
11-04-2020,Item-18,Telur Ayam Negeri,1,1700
12-04-2020,Item-18,Telur Ayam Negeri,2,1700
13-04-2020,Item-18,Telur Ayam Negeri,3,1700
14-04-2020,Item-18,Telur Ayam Negeri,4,1700
15-04-2020,Item-18,Telur Ayam Negeri,5,1700
16-04-2020,Item-18,Telur Ayam Negeri,1,1700
17-04-2020,Item-18,Telur Ayam Negeri,2,1700
18-04-2020,Item-18,Telur Ayam Negeri,3,1700
19-04-2020,Item-18,Telur Ayam Negeri,4,1700
20-04-2020,Item-18,Telur Ayam Negeri,5,1700
21-04-2020,Item-18,Telur Ayam Negeri,6,1700
21-05-2020,Item-30,Kosmetik Wanita,3,8000
21-05-2020,Item-30,Kosmetik Wanita,13,8000
23-05-2020,Item-30,Kosmetik Wanita,20,8000
23-05-2020,Item-30,Kosmetik Wanita,8,8000
23-05-2020,Item-30,Kosmetik Wanita,13,8000
23-05-2020,Item-30,Kosmetik Wanita,8,8000
23-05-2020,Item-30,Kosmetik Wanita,8,8000
23-05-2020,Item-30,Kosmetik Wanita,8,8000
24-05-2020,Item-30,Kosmetik Wanita,4,8000
25-05-2020,Item-30,Kosmetik Wanita,15,8000
26-05-2020,Item-30,Kosmetik Wanita,4,8000
26-05-2020,Item-30,Kosmetik Wanita,1,8000
26-05-2020,Item-30,Kosmetik Wanita,20,8000
27-05-2020,Item-30,Kosmetik Wanita,3,8000
27-05-2020,Item-30,Kosmetik Wanita,3,8000
28-05-2020,Item-30,Kosmetik Wanita,9,8000
28-05-2020,Item-30,Kosmetik Wanita,1,8000
29-05-2020,Item-30,Kosmetik Wanita,14,8000
29-05-2020,Item-30,Kosmetik Wanita,12,8000
29-05-2020,Item-30,Kosmetik Wanita,6,8000
29-05-2020,Item-30,Kosmetik Wanita,20,8000
29-05-2020,Item-30,Kosmetik Wanita,17,8000
29-05-2020,Item-30,Kosmetik Wanita,2,8000
30-05-2020,Item-30,Kosmetik Wanita,5,8000
30-05-2020,Item-30,Kosmetik Wanita,16,8000
30-05-2020,Item-30,Kosmetik Wanita,19,8000
31-05-2020,Item-30,Kosmetik Wanita,19,8000
01-06-2020,Item-30,Kosmetik Wanita,19,8000
02-06-2020,Item-30,Kosmetik Wanita,19,8000
02-06-2020,Item-30,Kosmetik Wanita,9,8000
28-04-2020,Item-30,Kosmetik Wanita,5,8000
28-04-2020,Item-30,Kosmetik Wanita,9,8000
28-04-2020,Item-30,Kosmetik Wanita,16,8000
28-04-2020,Item-30,Kosmetik Wanita,12,8000
28-04-2020,Item-30,Kosmetik Wanita,9,8000
28-04-2020,Item-30,Kosmetik Wanita,1,8000
11-04-2020,Item-16,Balsem Putih 20 gram,1,22300
19-04-2020,Item-26,Susu Bubuk 195g,14,45000
11-04-2020,Item-11,Sabun Cuci Piring,3,14000
10-04-2020,Item-03,Gula Pasir Putih 1 kg,3,12500
11-04-2020,Item-11,Sabun Cuci Piring,2,14000
11-04-2020,Item-17,Obat Batuk,3,5000
11-04-2020,Item-03,Gula Pasir Putih 1 kg,2,12500
11-04-2020,Item-11,Sabun Cuci Piring,3,14000
11-04-2020,Item-16,Balsem Putih 20 gram,4,22300
11-04-2020,Item-03,Gula Pasir Putih 1 kg,2,12500
11-04-2020,Item-11,Sabun Cuci Piring,2,14000
11-04-2020,Item-16,Balsem Putih 20 gram,2,22300
11-04-2020,Item-03,Gula Pasir Putih 1 kg,1,12500
20-04-2020,Item-26,Susu Bubuk 195g,1,45000
11-04-2020,Item-11,Sabun Cuci Piring,4,14000
11-04-2020,Item-03,Gula Pasir Putih 1 kg,2,12500
12-04-2020,Item-03,Gula Pasir Putih 1 kg,2,12500
29-04-2020,Item-30,Kosmetik Wanita,18,8000
29-04-2020,Item-30,Kosmetik Wanita,5,8000
29-04-2020,Item-30,Kosmetik Wanita,3,8000
29-04-2020,Item-30,Kosmetik Wanita,9,8000
05-05-2020,Item-30,Kosmetik Wanita,4,8000
05-05-2020,Item-30,Kosmetik Wanita,10,8000
05-05-2020,Item-30,Kosmetik Wanita,17,8000
05-05-2020,Item-30,Kosmetik Wanita,1,8000
05-05-2020,Item-30,Kosmetik Wanita,3,8000
06-05-2020,Item-30,Kosmetik Wanita,1,8000
03-06-2020,Item-30,Kosmetik Wanita,15,8000
03-06-2020,Item-30,Kosmetik Wanita,9,8000
03-06-2020,Item-30,Kosmetik Wanita,9,8000
04-06-2020,Item-30,Kosmetik Wanita,8,8000
05-06-2020,Item-30,Kosmetik Wanita,9,8000
05-06-2020,Item-30,Kosmetik Wanita,15,8000
05-06-2020,Item-30,Kosmetik Wanita,8,8000
06-06-2020,Item-30,Kosmetik Wanita,9,8000
06-06-2020,Item-30,Kosmetik Wanita,16,8000
07-06-2020,Item-30,Kosmetik Wanita,15,8000
08-06-2020,Item-30,Kosmetik Wanita,17,8000
08-06-2020,Item-30,Kosmetik Wanita,8,8000
08-06-2020,Item-30,Kosmetik Wanita,10,8000
11-06-2020,Item-30,Kosmetik Wanita,19,8000
11-06-2020,Item-30,Kosmetik Wanita,8,8000
16-06-2020,Item-30,Kosmetik Wanita,12,8000
11-04-2020,Item-18,Telur Ayam Negeri,1,1700
12-04-2020,Item-18,Telur Ayam Negeri,2,1700
13-04-2020,Item-18,Telur Ayam Negeri,3,1700
14-04-2020,Item-18,Telur Ayam Negeri,4,1700
15-04-2020,Item-18,Telur Ayam Negeri,5,1700
16-04-2020,Item-18,Telur Ayam Negeri,1,1700
17-04-2020,Item-18,Telur Ayam Negeri,2,1700
18-04-2020,Item-18,Telur Ayam Negeri,3,1700
19-04-2020,Item-18,Telur Ayam Negeri,4,1700
20-04-2020,Item-18,Telur Ayam Negeri,5,1700
21-04-2020,Item-18,Telur Ayam Negeri,6,1700
21-06-2020,Item-30,Kosmetik Wanita,9,8000
14-05-2020,Item-31,Body Lotion Botol,5,12000
16-04-2020,Item-31,Body Lotion Botol,15,12000
16-04-2020,Item-31,Body Lotion Botol,10,12000
16-04-2020,Item-31,Body Lotion Botol,4,12000
16-04-2020,Item-31,Body Lotion Botol,17,12000
16-04-2020,Item-31,Body Lotion Botol,20,12000
16-04-2020,Item-31,Body Lotion Botol,10,12000
16-04-2020,Item-31,Body Lotion Botol,4,12000
16-04-2020,Item-31,Body Lotion Botol,17,12000
17-04-2020,Item-31,Body Lotion Botol,12,12000
17-04-2020,Item-31,Body Lotion Botol,8,12000
17-04-2020,Item-31,Body Lotion Botol,6,12000
17-04-2020,Item-31,Body Lotion Botol,11,12000
10-05-2020,Item-32,Biscuit,6,10000
17-04-2020,Item-31,Body Lotion Botol,13,12000
17-04-2020,Item-31,Body Lotion Botol,1,12000
17-04-2020,Item-31,Body Lotion Botol,1,12000
17-04-2020,Item-31,Body Lotion Botol,2,12000
17-04-2020,Item-31,Body Lotion Botol,15,12000
26-04-2020,Item-31,Body Lotion Botol,17,12000
26-04-2020,Item-31,Body Lotion Botol,14,12000
26-04-2020,Item-31,Body Lotion Botol,2,12000
26-04-2020,Item-31,Body Lotion Botol,9,12000
26-04-2020,Item-31,Body Lotion Botol,6,12000
26-04-2020,Item-31,Body Lotion Botol,4,12000
26-04-2020,Item-31,Body Lotion Botol,14,12000
26-04-2020,Item-31,Body Lotion Botol,9,12000
26-04-2020,Item-31,Body Lotion Botol,1,12000
26-04-2020,Item-31,Body Lotion Botol,6,12000
26-04-2020,Item-31,Body Lotion Botol,7,12000
27-04-2020,Item-31,Body Lotion Botol,17,12000
27-04-2020,Item-31,Body Lotion Botol,7,12000
28-04-2020,Item-31,Body Lotion Botol,6,12000
28-04-2020,Item-31,Body Lotion Botol,6,12000
28-04-2020,Item-31,Body Lotion Botol,15,12000
28-04-2020,Item-31,Body Lotion Botol,14,12000
29-04-2020,Item-31,Body Lotion Botol,17,12000
29-04-2020,Item-31,Body Lotion Botol,20,12000
29-04-2020,Item-31,Body Lotion Botol,2,12000
29-04-2020,Item-31,Body Lotion Botol,16,12000
29-04-2020,Item-31,Body Lotion Botol,14,12000
29-04-2020,Item-31,Body Lotion Botol,16,12000
03-05-2020,Item-31,Body Lotion Botol,9,12000
03-05-2020,Item-31,Body Lotion Botol,16,12000
03-05-2020,Item-31,Body Lotion Botol,11,12000
03-05-2020,Item-31,Body Lotion Botol,5,12000
03-05-2020,Item-31,Body Lotion Botol,17,12000
03-05-2020,Item-31,Body Lotion Botol,19,12000
03-05-2020,Item-31,Body Lotion Botol,15,12000
03-05-2020,Item-31,Body Lotion Botol,6,12000
03-05-2020,Item-31,Body Lotion Botol,18,12000
04-05-2020,Item-31,Body Lotion Botol,8,12000
04-05-2020,Item-31,Body Lotion Botol,8,12000
04-05-2020,Item-31,Body Lotion Botol,12,12000
04-05-2020,Item-31,Body Lotion Botol,6,12000
05-05-2020,Item-31,Body Lotion Botol,6,12000
05-05-2020,Item-31,Body Lotion Botol,14,12000
05-05-2020,Item-31,Body Lotion Botol,9,12000
06-05-2020,Item-31,Body Lotion Botol,16,12000
06-05-2020,Item-31,Body Lotion Botol,3,12000
06-05-2020,Item-31,Body Lotion Botol,8,12000
06-05-2020,Item-31,Body Lotion Botol,8,12000
06-05-2020,Item-31,Body Lotion Botol,13,12000
06-05-2020,Item-31,Body Lotion Botol,6,12000
07-05-2020,Item-31,Body Lotion Botol,9,12000
13-05-2020,Item-31,Body Lotion Botol,5,12000
13-05-2020,Item-31,Body Lotion Botol,14,12000
13-05-2020,Item-31,Body Lotion Botol,19,12000
14-05-2020,Item-31,Body Lotion Botol,15,12000
14-05-2020,Item-31,Body Lotion Botol,19,12000
14-05-2020,Item-31,Body Lotion Botol,3,12000
14-05-2020,Item-31,Body Lotion Botol,6,12000
14-05-2020,Item-31,Body Lotion Botol,15,12000
14-05-2020,Item-31,Body Lotion Botol,16,12000
14-05-2020,Item-31,Body Lotion Botol,18,12000
14-05-2020,Item-31,Body Lotion Botol,9,12000
15-05-2020,Item-31,Body Lotion Botol,14,12000
15-05-2020,Item-31,Body Lotion Botol,6,12000
15-05-2020,Item-31,Body Lotion Botol,2,12000
15-05-2020,Item-31,Body Lotion Botol,12,12000
15-05-2020,Item-31,Body Lotion Botol,14,12000
15-05-2020,Item-31,Body Lotion Botol,10,12000
16-05-2020,Item-31,Body Lotion Botol,11,12000
16-05-2020,Item-31,Body Lotion Botol,7,12000
17-05-2020,Item-31,Body Lotion Botol,3,12000
17-05-2020,Item-31,Body Lotion Botol,7,12000
17-05-2020,Item-31,Body Lotion Botol,9,12000
11-04-2020,Item-18,Telur Ayam Negeri,1,1700
12-04-2020,Item-18,Telur Ayam Negeri,2,1700
13-04-2020,Item-18,Telur Ayam Negeri,3,1700
14-04-2020,Item-18,Telur Ayam Negeri,4,1700
15-04-2020,Item-18,Telur Ayam Negeri,5,1700
16-04-2020,Item-18,Telur Ayam Negeri,1,1700
17-04-2020,Item-18,Telur Ayam Negeri,2,1700
18-04-2020,Item-18,Telur Ayam Negeri,3,1700
19-04-2020,Item-18,Telur Ayam Negeri,4,1700
20-04-2020,Item-18,Telur Ayam Negeri,5,1700
21-04-2020,Item-18,Telur Ayam Negeri,6,1700
17-05-2020,Item-31,Body Lotion Botol,2,12000
17-05-2020,Item-31,Body Lotion Botol,8,12000
18-05-2020,Item-31,Body Lotion Botol,16,12000
18-05-2020,Item-31,Body Lotion Botol,15,12000
20-05-2020,Item-31,Body Lotion Botol,16,12000
20-05-2020,Item-31,Body Lotion Botol,20,12000
20-05-2020,Item-31,Body Lotion Botol,11,12000
21-05-2020,Item-31,Body Lotion Botol,16,12000
21-05-2020,Item-31,Body Lotion Botol,14,12000
21-05-2020,Item-31,Body Lotion Botol,1,12000
21-05-2020,Item-31,Body Lotion Botol,14,12000
21-05-2020,Item-31,Body Lotion Botol,8,12000
23-05-2020,Item-31,Body Lotion Botol,9,12000
23-05-2020,Item-31,Body Lotion Botol,18,12000
23-05-2020,Item-31,Body Lotion Botol,2,12000
23-05-2020,Item-31,Body Lotion Botol,19,12000
23-05-2020,Item-31,Body Lotion Botol,12,12000
23-05-2020,Item-31,Body Lotion Botol,6,12000
24-05-2020,Item-31,Body Lotion Botol,16,12000
25-05-2020,Item-31,Body Lotion Botol,11,12000
26-05-2020,Item-31,Body Lotion Botol,12,12000
26-05-2020,Item-31,Body Lotion Botol,1,12000
26-05-2020,Item-31,Body Lotion Botol,9,12000
27-05-2020,Item-31,Body Lotion Botol,4,12000
27-05-2020,Item-31,Body Lotion Botol,9,12000
28-05-2020,Item-31,Body Lotion Botol,15,12000
28-05-2020,Item-31,Body Lotion Botol,20,12000
29-05-2020,Item-31,Body Lotion Botol,15,12000
29-05-2020,Item-31,Body Lotion Botol,2,12000
29-05-2020,Item-31,Body Lotion Botol,16,12000
29-05-2020,Item-31,Body Lotion Botol,9,12000
29-05-2020,Item-31,Body Lotion Botol,11,12000
29-05-2020,Item-31,Body Lotion Botol,11,12000
30-05-2020,Item-31,Body Lotion Botol,6,12000
30-05-2020,Item-31,Body Lotion Botol,15,12000
30-05-2020,Item-31,Body Lotion Botol,11,12000
31-05-2020,Item-31,Body Lotion Botol,14,12000
01-06-2020,Item-31,Body Lotion Botol,13,12000
02-06-2020,Item-31,Body Lotion Botol,11,12000
02-06-2020,Item-31,Body Lotion Botol,14,12000
28-04-2020,Item-31,Body Lotion Botol,10,12000
28-04-2020,Item-31,Body Lotion Botol,1,12000
28-04-2020,Item-31,Body Lotion Botol,8,12000
28-04-2020,Item-31,Body Lotion Botol,14,12000
10-04-2020,Item-11,Sabun Cuci Piring,2,14000
10-04-2020,Item-03,Gula Pasir Putih 1 kg,2,12500
10-04-2020,Item-11,Sabun Cuci Piring,3,14000
10-04-2020,Item-11,Sabun Cuci Piring,4,14000
19-04-2020,Item-26,Susu Bubuk 195g,7,45000
28-04-2020,Item-31,Body Lotion Botol,15,12000
28-04-2020,Item-31,Body Lotion Botol,11,12000
29-04-2020,Item-31,Body Lotion Botol,5,12000
29-04-2020,Item-31,Body Lotion Botol,2,12000
29-04-2020,Item-31,Body Lotion Botol,7,12000
29-04-2020,Item-31,Body Lotion Botol,17,12000
05-05-2020,Item-31,Body Lotion Botol,5,12000
05-05-2020,Item-31,Body Lotion Botol,2,12000
05-05-2020,Item-31,Body Lotion Botol,13,12000
05-05-2020,Item-31,Body Lotion Botol,13,12000
05-05-2020,Item-31,Body Lotion Botol,16,12000
06-05-2020,Item-31,Body Lotion Botol,14,12000
03-06-2020,Item-31,Body Lotion Botol,16,12000
03-06-2020,Item-31,Body Lotion Botol,18,12000
03-06-2020,Item-31,Body Lotion Botol,4,12000
04-06-2020,Item-31,Body Lotion Botol,10,12000
05-06-2020,Item-31,Body Lotion Botol,20,12000
05-06-2020,Item-31,Body Lotion Botol,2,12000
05-06-2020,Item-31,Body Lotion Botol,16,12000
06-06-2020,Item-31,Body Lotion Botol,12,12000
06-06-2020,Item-31,Body Lotion Botol,12,12000
07-06-2020,Item-31,Body Lotion Botol,7,12000
08-06-2020,Item-31,Body Lotion Botol,9,12000
08-06-2020,Item-31,Body Lotion Botol,5,12000
08-06-2020,Item-31,Body Lotion Botol,8,12000
11-06-2020,Item-31,Body Lotion Botol,13,12000
11-06-2020,Item-31,Body Lotion Botol,10,12000
16-06-2020,Item-31,Body Lotion Botol,4,12000
21-06-2020,Item-31,Body Lotion Botol,9,12000
19-04-2020,Item-31,Body Lotion Botol,11,12000
19-04-2020,Item-31,Body Lotion Botol,10,12000
20-04-2020,Item-31,Body Lotion Botol,1,12000
20-04-2020,Item-31,Body Lotion Botol,3,12000
20-04-2020,Item-31,Body Lotion Botol,10,12000
21-04-2020,Item-31,Body Lotion Botol,9,12000
22-04-2020,Item-31,Body Lotion Botol,3,12000
22-04-2020,Item-31,Body Lotion Botol,7,12000
22-04-2020,Item-31,Body Lotion Botol,6,12000
23-04-2020,Item-31,Body Lotion Botol,11,12000
23-04-2020,Item-31,Body Lotion Botol,7,12000
24-04-2020,Item-31,Body Lotion Botol,16,12000
25-04-2020,Item-31,Body Lotion Botol,15,12000
25-04-2020,Item-31,Body Lotion Botol,10,12000
25-04-2020,Item-31,Body Lotion Botol,8,12000
25-04-2020,Item-31,Body Lotion Botol,18,12000
25-04-2020,Item-31,Body Lotion Botol,2,12000
10-04-2020,Item-11,Sabun Cuci Piring,2,14000
10-04-2020,Item-03,Gula Pasir Putih 1 kg,2,12500
10-04-2020,Item-11,Sabun Cuci Piring,3,14000
10-04-2020,Item-11,Sabun Cuci Piring,4,14000
19-04-2020,Item-26,Susu Bubuk 195g,7,45000
26-04-2020,Item-31,Body Lotion Botol,20,12000
26-04-2020,Item-31,Body Lotion Botol,8,12000
27-04-2020,Item-31,Body Lotion Botol,6,12000
27-04-2020,Item-31,Body Lotion Botol,12,12000
28-04-2020,Item-31,Body Lotion Botol,5,12000
28-04-2020,Item-31,Body Lotion Botol,17,12000
11-04-2020,Item-18,Telur Ayam Negeri,1,1700
12-04-2020,Item-18,Telur Ayam Negeri,2,1700
13-04-2020,Item-18,Telur Ayam Negeri,3,1700
14-04-2020,Item-18,Telur Ayam Negeri,4,1700
15-04-2020,Item-18,Telur Ayam Negeri,5,1700
16-04-2020,Item-18,Telur Ayam Negeri,1,1700
17-04-2020,Item-18,Telur Ayam Negeri,2,1700
18-04-2020,Item-18,Telur Ayam Negeri,3,1700
19-04-2020,Item-18,Telur Ayam Negeri,4,1700
20-04-2020,Item-18,Telur Ayam Negeri,5,1700
21-04-2020,Item-18,Telur Ayam Negeri,6,1700
29-04-2020,Item-31,Body Lotion Botol,4,12000
29-04-2020,Item-31,Body Lotion Botol,4,12000
30-04-2020,Item-31,Body Lotion Botol,13,12000
30-04-2020,Item-31,Body Lotion Botol,6,12000
30-04-2020,Item-31,Body Lotion Botol,1,12000
30-04-2020,Item-31,Body Lotion Botol,1,12000
30-04-2020,Item-31,Body Lotion Botol,6,12000
01-05-2020,Item-31,Body Lotion Botol,5,12000
01-05-2020,Item-31,Body Lotion Botol,17,12000
03-05-2020,Item-31,Body Lotion Botol,18,12000
03-05-2020,Item-31,Body Lotion Botol,8,12000
05-05-2020,Item-31,Body Lotion Botol,7,12000
05-05-2020,Item-31,Body Lotion Botol,18,12000
05-05-2020,Item-31,Body Lotion Botol,9,12000
06-05-2020,Item-31,Body Lotion Botol,20,12000
06-05-2020,Item-31,Body Lotion Botol,6,12000
06-05-2020,Item-31,Body Lotion Botol,16,12000
07-05-2020,Item-31,Body Lotion Botol,5,12000
07-05-2020,Item-31,Body Lotion Botol,16,12000
07-05-2020,Item-31,Body Lotion Botol,4,12000
07-05-2020,Item-31,Body Lotion Botol,20,12000
07-05-2020,Item-31,Body Lotion Botol,1,12000
09-05-2020,Item-31,Body Lotion Botol,17,12000
10-05-2020,Item-31,Body Lotion Botol,13,12000
10-05-2020,Item-31,Body Lotion Botol,15,12000
10-05-2020,Item-31,Body Lotion Botol,3,12000
10-05-2020,Item-31,Body Lotion Botol,20,12000
11-05-2020,Item-31,Body Lotion Botol,9,12000
12-05-2020,Item-31,Body Lotion Botol,9,12000
12-05-2020,Item-31,Body Lotion Botol,3,12000
14-05-2020,Item-31,Body Lotion Botol,7,12000
15-05-2020,Item-31,Body Lotion Botol,11,12000
15-05-2020,Item-31,Body Lotion Botol,6,12000
16-05-2020,Item-31,Body Lotion Botol,11,12000
17-05-2020,Item-31,Body Lotion Botol,14,12000
17-05-2020,Item-31,Body Lotion Botol,13,12000
18-05-2020,Item-31,Body Lotion Botol,8,12000
18-05-2020,Item-31,Body Lotion Botol,10,12000
24-05-2020,Item-31,Body Lotion Botol,2,12000
25-05-2020,Item-31,Body Lotion Botol,4,12000
26-05-2020,Item-31,Body Lotion Botol,13,12000
27-05-2020,Item-31,Body Lotion Botol,8,12000
27-05-2020,Item-31,Body Lotion Botol,11,12000
29-05-2020,Item-31,Body Lotion Botol,12,12000
29-05-2020,Item-31,Body Lotion Botol,2,12000
29-05-2020,Item-31,Body Lotion Botol,16,12000
02-06-2020,Item-31,Body Lotion Botol,14,12000
03-06-2020,Item-31,Body Lotion Botol,3,12000
06-06-2020,Item-31,Body Lotion Botol,8,12000
11-06-2020,Item-31,Body Lotion Botol,18,12000
19-04-2020,Item-31,Body Lotion Botol,14,12000
19-04-2020,Item-31,Body Lotion Botol,14,12000
11-04-2020,Item-16,Balsem Putih 20 gram,1,22300
19-04-2020,Item-26,Susu Bubuk 195g,14,45000
11-04-2020,Item-11,Sabun Cuci Piring,3,14000
10-04-2020,Item-03,Gula Pasir Putih 1 kg,3,12500
11-04-2020,Item-11,Sabun Cuci Piring,2,14000
11-04-2020,Item-17,Obat Batuk,3,5000
11-04-2020,Item-03,Gula Pasir Putih 1 kg,2,12500
11-04-2020,Item-11,Sabun Cuci Piring,3,14000
11-04-2020,Item-16,Balsem Putih 20 gram,4,22300
11-04-2020,Item-03,Gula Pasir Putih 1 kg,2,12500
11-04-2020,Item-11,Sabun Cuci Piring,2,14000
11-04-2020,Item-16,Balsem Putih 20 gram,2,22300
11-04-2020,Item-03,Gula Pasir Putih 1 kg,1,12500
20-04-2020,Item-26,Susu Bubuk 195g,1,45000
11-04-2020,Item-11,Sabun Cuci Piring,4,14000
11-04-2020,Item-03,Gula Pasir Putih 1 kg,2,12500
12-04-2020,Item-03,Gula Pasir Putih 1 kg,2,12500
20-04-2020,Item-31,Body Lotion Botol,16,12000
20-04-2020,Item-31,Body Lotion Botol,16,12000
20-04-2020,Item-31,Body Lotion Botol,5,12000
21-04-2020,Item-31,Body Lotion Botol,8,12000
22-04-2020,Item-31,Body Lotion Botol,19,12000
22-04-2020,Item-31,Body Lotion Botol,5,12000
22-04-2020,Item-31,Body Lotion Botol,1,12000
23-04-2020,Item-31,Body Lotion Botol,19,12000
23-04-2020,Item-31,Body Lotion Botol,15,12000
24-04-2020,Item-31,Body Lotion Botol,6,12000
25-04-2020,Item-31,Body Lotion Botol,13,12000
25-04-2020,Item-31,Body Lotion Botol,7,12000
25-04-2020,Item-31,Body Lotion Botol,13,12000
25-04-2020,Item-31,Body Lotion Botol,13,12000
10-04-2020,Item-11,Sabun Cuci Piring,2,14000
10-04-2020,Item-03,Gula Pasir Putih 1 kg,2,12500
10-04-2020,Item-11,Sabun Cuci Piring,3,14000
10-04-2020,Item-11,Sabun Cuci Piring,4,14000
19-04-2020,Item-26,Susu Bubuk 195g,7,45000
25-04-2020,Item-31,Body Lotion Botol,1,12000
26-04-2020,Item-31,Body Lotion Botol,10,12000
26-04-2020,Item-31,Body Lotion Botol,20,12000
27-04-2020,Item-31,Body Lotion Botol,12,12000
27-04-2020,Item-31,Body Lotion Botol,3,12000
28-04-2020,Item-31,Body Lotion Botol,10,12000
28-04-2020,Item-31,Body Lotion Botol,18,12000
29-04-2020,Item-31,Body Lotion Botol,20,12000
29-04-2020,Item-31,Body Lotion Botol,9,12000
30-04-2020,Item-31,Body Lotion Botol,9,12000
30-04-2020,Item-31,Body Lotion Botol,4,12000
30-04-2020,Item-31,Body Lotion Botol,1,12000
30-04-2020,Item-31,Body Lotion Botol,1,12000
30-04-2020,Item-31,Body Lotion Botol,17,12000
01-05-2020,Item-31,Body Lotion Botol,3,12000
01-05-2020,Item-31,Body Lotion Botol,5,12000
03-05-2020,Item-31,Body Lotion Botol,14,12000
03-05-2020,Item-31,Body Lotion Botol,19,12000
05-05-2020,Item-31,Body Lotion Botol,1,12000
05-05-2020,Item-31,Body Lotion Botol,6,12000
05-05-2020,Item-31,Body Lotion Botol,7,12000
06-05-2020,Item-31,Body Lotion Botol,14,12000
06-05-2020,Item-31,Body Lotion Botol,4,12000
06-05-2020,Item-31,Body Lotion Botol,9,12000
11-04-2020,Item-18,Telur Ayam Negeri,1,1700
12-04-2020,Item-18,Telur Ayam Negeri,2,1700
13-04-2020,Item-18,Telur Ayam Negeri,3,1700
14-04-2020,Item-18,Telur Ayam Negeri,4,1700
15-04-2020,Item-18,Telur Ayam Negeri,5,1700
16-04-2020,Item-18,Telur Ayam Negeri,1,1700
17-04-2020,Item-18,Telur Ayam Negeri,2,1700
18-04-2020,Item-18,Telur Ayam Negeri,3,1700
19-04-2020,Item-18,Telur Ayam Negeri,4,1700
20-04-2020,Item-18,Telur Ayam Negeri,5,1700
21-04-2020,Item-18,Telur Ayam Negeri,6,1700
07-05-2020,Item-31,Body Lotion Botol,7,12000
07-05-2020,Item-31,Body Lotion Botol,2,12000
07-05-2020,Item-31,Body Lotion Botol,19,12000
07-05-2020,Item-31,Body Lotion Botol,13,12000
07-05-2020,Item-31,Body Lotion Botol,2,12000
09-05-2020,Item-31,Body Lotion Botol,8,12000
10-05-2020,Item-31,Body Lotion Botol,7,12000
10-05-2020,Item-31,Body Lotion Botol,15,12000
10-05-2020,Item-31,Body Lotion Botol,2,12000
10-05-2020,Item-31,Body Lotion Botol,18,12000
11-05-2020,Item-31,Body Lotion Botol,19,12000
12-05-2020,Item-31,Body Lotion Botol,15,12000
12-05-2020,Item-31,Body Lotion Botol,8,12000
14-05-2020,Item-31,Body Lotion Botol,13,12000
15-05-2020,Item-31,Body Lotion Botol,19,12000
15-05-2020,Item-31,Body Lotion Botol,18,12000
16-05-2020,Item-31,Body Lotion Botol,16,12000
17-05-2020,Item-31,Body Lotion Botol,18,12000
17-05-2020,Item-31,Body Lotion Botol,3,12000
18-05-2020,Item-31,Body Lotion Botol,2,12000
18-05-2020,Item-31,Body Lotion Botol,5,12000
24-05-2020,Item-31,Body Lotion Botol,16,12000
25-05-2020,Item-31,Body Lotion Botol,1,12000
10-04-2020,Item-11,Sabun Cuci Piring,2,14000
10-04-2020,Item-03,Gula Pasir Putih 1 kg,2,12500
10-04-2020,Item-11,Sabun Cuci Piring,3,14000
10-04-2020,Item-11,Sabun Cuci Piring,4,14000
19-04-2020,Item-26,Susu Bubuk 195g,7,45000
26-05-2020,Item-31,Body Lotion Botol,17,12000
27-05-2020,Item-31,Body Lotion Botol,17,12000
27-05-2020,Item-31,Body Lotion Botol,6,12000
29-05-2020,Item-31,Body Lotion Botol,3,12000
29-05-2020,Item-31,Body Lotion Botol,19,12000
29-05-2020,Item-31,Body Lotion Botol,18,12000
02-06-2020,Item-31,Body Lotion Botol,20,12000
03-06-2020,Item-31,Body Lotion Botol,8,12000
06-06-2020,Item-31,Body Lotion Botol,14,12000
11-06-2020,Item-31,Body Lotion Botol,6,12000
19-04-2020,Item-32,Biscuit,20,10000
19-04-2020,Item-32,Biscuit,6,10000
20-04-2020,Item-32,Biscuit,11,10000
20-04-2020,Item-32,Biscuit,15,10000
20-04-2020,Item-32,Biscuit,20,10000
21-04-2020,Item-32,Biscuit,9,10000
22-04-2020,Item-32,Biscuit,17,10000
22-04-2020,Item-32,Biscuit,3,10000
22-04-2020,Item-32,Biscuit,3,10000
23-04-2020,Item-32,Biscuit,12,10000
23-04-2020,Item-32,Biscuit,7,10000
24-04-2020,Item-32,Biscuit,18,10000
25-04-2020,Item-32,Biscuit,2,10000
25-04-2020,Item-32,Biscuit,15,10000
25-04-2020,Item-32,Biscuit,4,10000
25-04-2020,Item-32,Biscuit,7,10000
25-04-2020,Item-32,Biscuit,13,10000
26-04-2020,Item-32,Biscuit,11,10000
26-04-2020,Item-32,Biscuit,11,10000
27-04-2020,Item-32,Biscuit,1,10000
11-04-2020,Item-16,Balsem Putih 20 gram,1,22300
19-04-2020,Item-26,Susu Bubuk 195g,14,45000
11-04-2020,Item-11,Sabun Cuci Piring,3,14000
10-04-2020,Item-03,Gula Pasir Putih 1 kg,3,12500
11-04-2020,Item-11,Sabun Cuci Piring,2,14000
11-04-2020,Item-17,Obat Batuk,3,5000
11-04-2020,Item-03,Gula Pasir Putih 1 kg,2,12500
11-04-2020,Item-11,Sabun Cuci Piring,3,14000
11-04-2020,Item-16,Balsem Putih 20 gram,4,22300
11-04-2020,Item-03,Gula Pasir Putih 1 kg,2,12500
11-04-2020,Item-11,Sabun Cuci Piring,2,14000
11-04-2020,Item-16,Balsem Putih 20 gram,2,22300
11-04-2020,Item-03,Gula Pasir Putih 1 kg,1,12500
20-04-2020,Item-26,Susu Bubuk 195g,1,45000
11-04-2020,Item-11,Sabun Cuci Piring,4,14000
11-04-2020,Item-03,Gula Pasir Putih 1 kg,2,12500
12-04-2020,Item-03,Gula Pasir Putih 1 kg,2,12500
27-04-2020,Item-32,Biscuit,11,10000
28-04-2020,Item-32,Biscuit,7,10000
28-04-2020,Item-32,Biscuit,16,10000
29-04-2020,Item-32,Biscuit,1,10000
29-04-2020,Item-32,Biscuit,14,10000
30-04-2020,Item-32,Biscuit,12,10000
30-04-2020,Item-32,Biscuit,14,10000
30-04-2020,Item-32,Biscuit,19,10000
30-04-2020,Item-32,Biscuit,19,10000
30-04-2020,Item-32,Biscuit,20,10000
01-05-2020,Item-32,Biscuit,17,10000
01-05-2020,Item-32,Biscuit,14,10000
03-05-2020,Item-32,Biscuit,11,10000
10-04-2020,Item-11,Sabun Cuci Piring,2,14000
10-04-2020,Item-03,Gula Pasir Putih 1 kg,2,12500
10-04-2020,Item-11,Sabun Cuci Piring,3,14000
10-04-2020,Item-11,Sabun Cuci Piring,4,14000
19-04-2020,Item-26,Susu Bubuk 195g,7,45000
03-05-2020,Item-32,Biscuit,1,10000
05-05-2020,Item-32,Biscuit,14,10000
05-05-2020,Item-32,Biscuit,7,10000
05-05-2020,Item-32,Biscuit,3,10000
06-05-2020,Item-32,Biscuit,10,10000
06-05-2020,Item-32,Biscuit,3,10000
06-05-2020,Item-32,Biscuit,17,10000
07-05-2020,Item-32,Biscuit,17,10000
07-05-2020,Item-32,Biscuit,7,10000
07-05-2020,Item-32,Biscuit,12,10000
07-05-2020,Item-32,Biscuit,18,10000
07-05-2020,Item-32,Biscuit,5,10000
09-05-2020,Item-32,Biscuit,17,10000
10-05-2020,Item-32,Biscuit,17,10000
10-05-2020,Item-32,Biscuit,18,10000
11-05-2020,Item-32,Biscuit,7,10000
21-04-2020,Item-18,Telur Ayam Negeri,1,1700
22-04-2020,Item-18,Telur Ayam Negeri,2,1700
23-04-2020,Item-18,Telur Ayam Negeri,3,1700
24-04-2020,Item-18,Telur Ayam Negeri,4,1700
25-04-2020,Item-18,Telur Ayam Negeri,5,1700
26-04-2020,Item-18,Telur Ayam Negeri,1,1700
27-04-2020,Item-18,Telur Ayam Negeri,2,1700
28-04-2020,Item-18,Telur Ayam Negeri,3,1700
29-04-2020,Item-18,Telur Ayam Negeri,4,1700
20-04-2020,Item-18,Telur Ayam Negeri,5,1700
21-04-2020,Item-18,Telur Ayam Negeri,6,1700
12-05-2020,Item-32,Biscuit,10,10000
12-05-2020,Item-32,Biscuit,1,10000
14-05-2020,Item-32,Biscuit,11,10000
15-05-2020,Item-32,Biscuit,5,10000
15-05-2020,Item-32,Biscuit,8,10000
16-05-2020,Item-32,Biscuit,3,10000
17-05-2020,Item-32,Biscuit,6,10000
17-05-2020,Item-32,Biscuit,4,10000
18-05-2020,Item-32,Biscuit,2,10000
18-05-2020,Item-32,Biscuit,14,10000
24-05-2020,Item-32,Biscuit,17,10000
25-05-2020,Item-32,Biscuit,6,10000
26-05-2020,Item-32,Biscuit,7,10000
27-05-2020,Item-32,Biscuit,3,10000
27-05-2020,Item-32,Biscuit,18,10000
29-05-2020,Item-32,Biscuit,5,10000
29-05-2020,Item-32,Biscuit,18,10000
29-05-2020,Item-32,Biscuit,19,10000
02-06-2020,Item-32,Biscuit,14,10000
03-06-2020,Item-32,Biscuit,1,10000
10-04-2020,Item-11,Sabun Cuci Piring,2,14000
10-04-2020,Item-03,Gula Pasir Putih 1 kg,2,12500
10-04-2020,Item-11,Sabun Cuci Piring,3,14000
10-04-2020,Item-11,Sabun Cuci Piring,4,14000
19-04-2020,Item-26,Susu Bubuk 195g,7,45000
06-06-2020,Item-32,Biscuit,11,10000
11-06-2020,Item-32,Biscuit,12,10000
12-04-2020,Item-32,Biscuit,8,10000
12-04-2020,Item-32,Biscuit,18,10000
12-04-2020,Item-32,Biscuit,4,10000
12-04-2020,Item-32,Biscuit,17,10000
12-04-2020,Item-32,Biscuit,11,10000
15-04-2020,Item-32,Biscuit,3,10000
15-04-2020,Item-32,Biscuit,19,10000
15-04-2020,Item-32,Biscuit,4,10000
15-04-2020,Item-32,Biscuit,10,10000
15-04-2020,Item-32,Biscuit,13,10000
18-04-2020,Item-32,Biscuit,4,10000
18-04-2020,Item-32,Biscuit,14,10000
18-04-2020,Item-32,Biscuit,8,10000
18-04-2020,Item-32,Biscuit,6,10000
19-04-2020,Item-32,Biscuit,1,10000
19-04-2020,Item-32,Biscuit,5,10000
20-04-2020,Item-32,Biscuit,15,10000
20-04-2020,Item-32,Biscuit,10,10000
21-04-2020,Item-32,Biscuit,10,10000
21-04-2020,Item-32,Biscuit,4,10000
21-04-2020,Item-32,Biscuit,4,10000
21-04-2020,Item-32,Biscuit,1,10000
21-04-2020,Item-32,Biscuit,10,10000
21-04-2020,Item-32,Biscuit,14,10000
21-04-2020,Item-32,Biscuit,10,10000
23-04-2020,Item-32,Biscuit,7,10000
23-04-2020,Item-32,Biscuit,9,10000
23-04-2020,Item-32,Biscuit,18,10000
23-04-2020,Item-32,Biscuit,14,10000
23-04-2020,Item-32,Biscuit,16,10000
10-04-2020,Item-11,Sabun Cuci Piring,2,14000
10-04-2020,Item-03,Gula Pasir Putih 1 kg,2,12500
10-04-2020,Item-11,Sabun Cuci Piring,3,14000
10-04-2020,Item-11,Sabun Cuci Piring,4,14000
19-04-2020,Item-26,Susu Bubuk 195g,7,45000
24-04-2020,Item-32,Biscuit,1,10000
24-04-2020,Item-32,Biscuit,5,10000
24-04-2020,Item-32,Biscuit,3,10000
24-04-2020,Item-32,Biscuit,11,10000
24-04-2020,Item-32,Biscuit,9,10000
30-04-2020,Item-32,Biscuit,14,10000
30-04-2020,Item-32,Biscuit,17,10000
01-05-2020,Item-32,Biscuit,19,10000
01-05-2020,Item-32,Biscuit,6,10000
01-05-2020,Item-32,Biscuit,17,10000
01-05-2020,Item-32,Biscuit,16,10000
01-05-2020,Item-32,Biscuit,5,10000
01-05-2020,Item-32,Biscuit,14,10000
01-05-2020,Item-32,Biscuit,17,10000
01-05-2020,Item-32,Biscuit,6,10000
02-05-2020,Item-32,Biscuit,14,10000
02-05-2020,Item-32,Biscuit,5,10000
03-05-2020,Item-32,Biscuit,17,10000
02-05-2020,Item-32,Biscuit,8,10000
02-05-2020,Item-32,Biscuit,12,10000
02-05-2020,Item-32,Biscuit,14,10000
02-05-2020,Item-32,Biscuit,9,10000
02-05-2020,Item-32,Biscuit,17,10000
02-05-2020,Item-32,Biscuit,9,10000
02-05-2020,Item-32,Biscuit,8,10000
10-04-2020,Item-05,Mi Goreng Instant,2,2600
10-04-2020,Item-05,Mi Goreng Instant,2,2600
11-04-2020,Item-05,Mi Goreng Instant,2,2600
11-04-2020,Item-05,Mi Goreng Instant,1,2600
11-04-2020,Item-05,Mi Goreng Instant,3,2600
11-04-2020,Item-05,Mi Goreng Instant,1,2600
11-04-2020,Item-05,Mi Goreng Instant,1,2600
11-04-2020,Item-05,Mi Goreng Instant,4,2600
02-05-2020,Item-32,Biscuit,18,10000
03-05-2020,Item-32,Biscuit,11,10000
03-05-2020,Item-32,Biscuit,2,10000
03-05-2020,Item-32,Biscuit,18,10000
03-05-2020,Item-32,Biscuit,11,10000
03-05-2020,Item-32,Biscuit,20,10000
03-05-2020,Item-32,Biscuit,3,10000
03-05-2020,Item-32,Biscuit,6,10000
03-05-2020,Item-32,Biscuit,4,10000
11-05-2020,Item-32,Biscuit,17,10000
12-05-2020,Item-32,Biscuit,10,10000
12-05-2020,Item-32,Biscuit,11,10000
12-05-2020,Item-32,Biscuit,13,10000
12-05-2020,Item-32,Biscuit,5,10000
03-05-2020,Item-32,Biscuit,13,10000
12-04-2020,Item-32,Biscuit,8,10000
12-04-2020,Item-32,Biscuit,4,10000
12-04-2020,Item-32,Biscuit,20,10000
12-04-2020,Item-32,Biscuit,8,10000
12-04-2020,Item-32,Biscuit,14,10000
15-04-2020,Item-32,Biscuit,19,10000
15-04-2020,Item-32,Biscuit,2,10000
15-04-2020,Item-32,Biscuit,12,10000
15-04-2020,Item-32,Biscuit,13,10000
15-04-2020,Item-32,Biscuit,6,10000
18-04-2020,Item-32,Biscuit,19,10000
18-04-2020,Item-32,Biscuit,7,10000
18-04-2020,Item-32,Biscuit,8,10000
18-04-2020,Item-32,Biscuit,13,10000
10-04-2020,Item-11,Sabun Cuci Piring,2,14000
10-04-2020,Item-03,Gula Pasir Putih 1 kg,2,12500
10-04-2020,Item-11,Sabun Cuci Piring,3,14000
10-04-2020,Item-11,Sabun Cuci Piring,4,14000
19-04-2020,Item-26,Susu Bubuk 195g,7,45000
19-04-2020,Item-32,Biscuit,2,10000
19-04-2020,Item-32,Biscuit,17,10000
20-04-2020,Item-32,Biscuit,16,10000
20-04-2020,Item-32,Biscuit,9,10000
21-04-2020,Item-32,Biscuit,8,10000
21-04-2020,Item-32,Biscuit,16,10000
21-04-2020,Item-32,Biscuit,7,10000
21-04-2020,Item-32,Biscuit,4,10000
21-04-2020,Item-32,Biscuit,15,10000
21-04-2020,Item-32,Biscuit,6,10000
21-04-2020,Item-32,Biscuit,6,10000
23-04-2020,Item-32,Biscuit,6,10000
23-04-2020,Item-32,Biscuit,5,10000
23-04-2020,Item-32,Biscuit,17,10000
23-04-2020,Item-32,Biscuit,4,10000
23-04-2020,Item-32,Biscuit,15,10000
24-04-2020,Item-32,Biscuit,5,10000
24-04-2020,Item-32,Biscuit,19,10000
24-04-2020,Item-32,Biscuit,16,10000
24-04-2020,Item-32,Biscuit,13,10000
24-04-2020,Item-32,Biscuit,12,10000
10-04-2020,Item-05,Mi Goreng Instant,2,2600
10-04-2020,Item-05,Mi Goreng Instant,2,2600
11-04-2020,Item-05,Mi Goreng Instant,2,2600
11-04-2020,Item-05,Mi Goreng Instant,1,2600
11-04-2020,Item-05,Mi Goreng Instant,3,2600
11-04-2020,Item-05,Mi Goreng Instant,1,2600
11-04-2020,Item-05,Mi Goreng Instant,1,2600
11-04-2020,Item-05,Mi Goreng Instant,4,2600
30-04-2020,Item-32,Biscuit,18,10000
30-04-2020,Item-32,Biscuit,13,10000
01-05-2020,Item-32,Biscuit,1,10000
01-05-2020,Item-32,Biscuit,19,10000
01-05-2020,Item-32,Biscuit,6,10000
01-05-2020,Item-32,Biscuit,20,10000
01-05-2020,Item-32,Biscuit,13,10000
01-05-2020,Item-32,Biscuit,5,10000
01-05-2020,Item-32,Biscuit,2,10000
01-05-2020,Item-32,Biscuit,14,10000
11-04-2020,Item-16,Balsem Putih 20 gram,1,22300
19-04-2020,Item-26,Susu Bubuk 195g,14,45000
11-04-2020,Item-11,Sabun Cuci Piring,3,14000
10-04-2020,Item-03,Gula Pasir Putih 1 kg,3,12500
11-04-2020,Item-11,Sabun Cuci Piring,2,14000
11-04-2020,Item-17,Obat Batuk,3,5000
11-04-2020,Item-03,Gula Pasir Putih 1 kg,2,12500
11-04-2020,Item-11,Sabun Cuci Piring,3,14000
11-04-2020,Item-16,Balsem Putih 20 gram,4,22300
11-04-2020,Item-03,Gula Pasir Putih 1 kg,2,12500
11-04-2020,Item-11,Sabun Cuci Piring,2,14000
11-04-2020,Item-16,Balsem Putih 20 gram,2,22300
11-04-2020,Item-03,Gula Pasir Putih 1 kg,1,12500
20-04-2020,Item-26,Susu Bubuk 195g,1,45000
11-04-2020,Item-11,Sabun Cuci Piring,4,14000
11-04-2020,Item-03,Gula Pasir Putih 1 kg,2,12500
12-04-2020,Item-03,Gula Pasir Putih 1 kg,2,12500
02-05-2020,Item-32,Biscuit,8,10000
02-05-2020,Item-32,Biscuit,2,10000
03-05-2020,Item-32,Biscuit,2,10000
02-05-2020,Item-32,Biscuit,11,10000
02-05-2020,Item-32,Biscuit,14,10000
02-05-2020,Item-32,Biscuit,18,10000
02-05-2020,Item-32,Biscuit,17,10000
02-05-2020,Item-32,Biscuit,16,10000
02-05-2020,Item-32,Biscuit,19,10000
02-05-2020,Item-32,Biscuit,14,10000
02-05-2020,Item-32,Biscuit,12,10000
11-06-2020,Item-18,Telur Ayam Negeri,1,1700
12-06-2020,Item-18,Telur Ayam Negeri,2,1700
13-06-2020,Item-18,Telur Ayam Negeri,3,1700
14-06-2020,Item-18,Telur Ayam Negeri,4,1700
15-06-2020,Item-18,Telur Ayam Negeri,5,1700
16-06-2020,Item-18,Telur Ayam Negeri,1,1700
17-06-2020,Item-18,Telur Ayam Negeri,2,1700
18-06-2020,Item-18,Telur Ayam Negeri,3,1700
19-06-2020,Item-18,Telur Ayam Negeri,4,1700
20-06-2020,Item-18,Telur Ayam Negeri,5,1700
21-06-2020,Item-18,Telur Ayam Negeri,6,1700
03-05-2020,Item-32,Biscuit,4,10000
03-05-2020,Item-32,Biscuit,17,10000
03-05-2020,Item-32,Biscuit,11,10000
03-05-2020,Item-32,Biscuit,3,10000
03-05-2020,Item-32,Biscuit,4,10000
03-05-2020,Item-32,Biscuit,14,10000
03-05-2020,Item-32,Biscuit,2,10000
03-05-2020,Item-32,Biscuit,6,10000
11-05-2020,Item-32,Biscuit,11,10000
12-05-2020,Item-32,Biscuit,16,10000
12-05-2020,Item-32,Biscuit,20,10000
12-05-2020,Item-32,Biscuit,7,10000
12-05-2020,Item-32,Biscuit,11,10000
03-05-2020,Item-32,Biscuit,19,10000
04-05-2020,Item-33,Es Cream,12,5000
04-05-2020,Item-33,Es Cream,2,5000
10-04-2020,Item-11,Sabun Cuci Piring,2,14000
10-04-2020,Item-03,Gula Pasir Putih 1 kg,2,12500
10-04-2020,Item-11,Sabun Cuci Piring,3,14000
10-04-2020,Item-11,Sabun Cuci Piring,4,14000
19-04-2020,Item-26,Susu Bubuk 195g,7,45000
04-05-2020,Item-33,Es Cream,9,5000
05-05-2020,Item-33,Es Cream,18,5000
05-05-2020,Item-33,Es Cream,12,5000
05-05-2020,Item-33,Es Cream,16,5000
06-05-2020,Item-33,Es Cream,18,5000
06-05-2020,Item-33,Es Cream,11,5000
06-05-2020,Item-33,Es Cream,2,5000
06-05-2020,Item-33,Es Cream,11,5000
06-05-2020,Item-33,Es Cream,20,5000
06-05-2020,Item-33,Es Cream,6,5000
07-05-2020,Item-33,Es Cream,2,5000
13-05-2020,Item-33,Es Cream,12,5000
13-05-2020,Item-33,Es Cream,9,5000
13-05-2020,Item-33,Es Cream,14,5000
14-05-2020,Item-33,Es Cream,2,5000
14-05-2020,Item-33,Es Cream,6,5000
14-05-2020,Item-33,Es Cream,12,5000
14-05-2020,Item-33,Es Cream,8,5000
14-05-2020,Item-33,Es Cream,15,5000
14-05-2020,Item-33,Es Cream,2,5000
14-05-2020,Item-33,Es Cream,18,5000
14-05-2020,Item-33,Es Cream,19,5000
10-04-2020,Item-11,Sabun Cuci Piring,2,14000
10-04-2020,Item-03,Gula Pasir Putih 1 kg,2,12500
10-04-2020,Item-11,Sabun Cuci Piring,3,14000
10-04-2020,Item-11,Sabun Cuci Piring,4,14000
19-04-2020,Item-26,Susu Bubuk 195g,7,45000
15-05-2020,Item-33,Es Cream,9,5000
15-05-2020,Item-33,Es Cream,12,5000
13-06-2020,Item-14,Teh Celup Melati,4,7800
13-06-2020,Item-14,Teh Celup Melati,5,7800
13-06-2020,Item-14,Teh Celup Melati,10,7800
13-06-2020,Item-14,Teh Celup Melati,7,7800
13-06-2020,Item-14,Teh Celup Melati,5,7800
15-05-2020,Item-33,Es Cream,12,5000
15-05-2020,Item-33,Es Cream,12,5000
15-05-2020,Item-33,Es Cream,19,5000
15-05-2020,Item-33,Es Cream,6,5000
16-05-2020,Item-33,Es Cream,11,5000
16-05-2020,Item-33,Es Cream,8,5000
17-05-2020,Item-33,Es Cream,2,5000
17-05-2020,Item-33,Es Cream,8,5000
17-05-2020,Item-33,Es Cream,19,5000
17-05-2020,Item-33,Es Cream,6,5000
17-05-2020,Item-33,Es Cream,2,5000
18-05-2020,Item-33,Es Cream,1,5000
18-05-2020,Item-33,Es Cream,7,5000
20-05-2020,Item-33,Es Cream,17,5000
20-05-2020,Item-33,Es Cream,6,5000
20-05-2020,Item-33,Es Cream,12,5000
21-05-2020,Item-33,Es Cream,10,5000
21-05-2020,Item-33,Es Cream,5,5000
21-05-2020,Item-33,Es Cream,5,5000
21-05-2020,Item-33,Es Cream,8,5000
21-05-2020,Item-33,Es Cream,5,5000
23-05-2020,Item-33,Es Cream,10,5000
23-05-2020,Item-33,Es Cream,11,5000
23-05-2020,Item-33,Es Cream,18,5000
23-05-2020,Item-33,Es Cream,16,5000
23-05-2020,Item-33,Es Cream,6,5000
23-05-2020,Item-33,Es Cream,15,5000
24-05-2020,Item-33,Es Cream,3,5000
25-05-2020,Item-33,Es Cream,17,5000
26-05-2020,Item-33,Es Cream,12,5000
10-04-2020,Item-11,Sabun Cuci Piring,2,14000
10-04-2020,Item-03,Gula Pasir Putih 1 kg,2,12500
10-04-2020,Item-11,Sabun Cuci Piring,3,14000
10-04-2020,Item-11,Sabun Cuci Piring,4,14000
19-04-2020,Item-26,Susu Bubuk 195g,7,45000
26-05-2020,Item-33,Es Cream,8,5000
26-05-2020,Item-33,Es Cream,13,5000
27-05-2020,Item-33,Es Cream,18,5000
27-05-2020,Item-33,Es Cream,17,5000
28-05-2020,Item-33,Es Cream,6,5000
28-05-2020,Item-33,Es Cream,2,5000
29-05-2020,Item-33,Es Cream,15,5000
29-05-2020,Item-33,Es Cream,12,5000
29-05-2020,Item-33,Es Cream,1,5000
29-05-2020,Item-33,Es Cream,14,5000
29-05-2020,Item-33,Es Cream,12,5000
29-05-2020,Item-33,Es Cream,19,5000
30-05-2020,Item-33,Es Cream,12,5000
30-05-2020,Item-33,Es Cream,8,5000
30-05-2020,Item-33,Es Cream,13,5000
31-05-2020,Item-33,Es Cream,20,5000
01-06-2020,Item-33,Es Cream,20,5000
02-06-2020,Item-33,Es Cream,14,5000
02-06-2020,Item-33,Es Cream,17,5000
28-04-2020,Item-33,Es Cream,16,5000
28-04-2020,Item-33,Es Cream,17,5000
28-04-2020,Item-33,Es Cream,17,5000
28-04-2020,Item-33,Es Cream,20,5000
28-04-2020,Item-33,Es Cream,16,5000
10-04-2020,Item-11,Sabun Cuci Piring,2,14000
10-04-2020,Item-03,Gula Pasir Putih 1 kg,2,12500
10-04-2020,Item-11,Sabun Cuci Piring,3,14000
10-04-2020,Item-11,Sabun Cuci Piring,4,14000
19-04-2020,Item-26,Susu Bubuk 195g,7,45000
28-04-2020,Item-33,Es Cream,11,5000
29-04-2020,Item-33,Es Cream,2,5000
29-04-2020,Item-33,Es Cream,12,5000
29-04-2020,Item-33,Es Cream,6,5000
29-04-2020,Item-33,Es Cream,11,5000
05-05-2020,Item-33,Es Cream,9,5000
05-05-2020,Item-33,Es Cream,11,5000
05-05-2020,Item-33,Es Cream,14,5000
05-05-2020,Item-33,Es Cream,1,5000
05-05-2020,Item-33,Es Cream,3,5000
06-05-2020,Item-33,Es Cream,11,5000
03-06-2020,Item-33,Es Cream,5,5000
03-06-2020,Item-33,Es Cream,13,5000
03-06-2020,Item-33,Es Cream,1,5000
04-06-2020,Item-33,Es Cream,8,5000
05-06-2020,Item-33,Es Cream,5,5000
05-06-2020,Item-33,Es Cream,12,5000
10-04-2020,Item-05,Mi Goreng Instant,2,2600
10-04-2020,Item-05,Mi Goreng Instant,2,2600
11-04-2020,Item-05,Mi Goreng Instant,2,2600
11-04-2020,Item-05,Mi Goreng Instant,1,2600
11-04-2020,Item-05,Mi Goreng Instant,3,2600
11-04-2020,Item-05,Mi Goreng Instant,1,2600
11-04-2020,Item-05,Mi Goreng Instant,1,2600
11-04-2020,Item-05,Mi Goreng Instant,4,2600
05-06-2020,Item-33,Es Cream,12,5000
06-06-2020,Item-33,Es Cream,11,5000
06-06-2020,Item-33,Es Cream,2,5000
07-06-2020,Item-33,Es Cream,19,5000
08-06-2020,Item-33,Es Cream,10,5000
08-06-2020,Item-33,Es Cream,10,5000
08-06-2020,Item-33,Es Cream,6,5000
11-06-2020,Item-33,Es Cream,7,5000
11-06-2020,Item-33,Es Cream,13,5000
11-07-2020,Item-14,Teh Celup Melati,4,7800
12-07-2020,Item-14,Teh Celup Melati,5,7800
13-07-2020,Item-14,Teh Celup Melati,10,7800
14-07-2020,Item-14,Teh Celup Melati,7,7800
15-07-2020,Item-14,Teh Celup Melati,5,7800
16-06-2020,Item-33,Es Cream,7,5000
21-06-2020,Item-33,Es Cream,15,5000
10-04-2020,Item-11,Sabun Cuci Piring,2,14000
10-04-2020,Item-03,Gula Pasir Putih 1 kg,2,12500
10-04-2020,Item-11,Sabun Cuci Piring,3,14000
10-04-2020,Item-11,Sabun Cuci Piring,4,14000
19-04-2020,Item-26,Susu Bubuk 195g,7,45000
19-04-2020,Item-33,Es Cream,1,5000
19-04-2020,Item-33,Es Cream,8,5000
20-04-2020,Item-33,Es Cream,9,5000
20-04-2020,Item-33,Es Cream,7,5000
20-04-2020,Item-33,Es Cream,11,5000
21-04-2020,Item-33,Es Cream,8,5000
22-04-2020,Item-33,Es Cream,8,5000
22-04-2020,Item-33,Es Cream,12,5000
22-04-2020,Item-33,Es Cream,18,5000
23-04-2020,Item-33,Es Cream,18,5000
23-04-2020,Item-33,Es Cream,11,5000
24-04-2020,Item-33,Es Cream,3,5000
25-04-2020,Item-33,Es Cream,2,5000
25-04-2020,Item-33,Es Cream,9,5000
25-04-2020,Item-33,Es Cream,12,5000
25-04-2020,Item-33,Es Cream,4,5000
25-04-2020,Item-33,Es Cream,13,5000
26-04-2020,Item-33,Es Cream,20,5000
26-04-2020,Item-33,Es Cream,16,5000
27-04-2020,Item-33,Es Cream,17,5000
27-04-2020,Item-33,Es Cream,11,5000
28-04-2020,Item-33,Es Cream,16,5000
28-04-2020,Item-33,Es Cream,13,5000
29-04-2020,Item-33,Es Cream,12,5000
29-04-2020,Item-33,Es Cream,15,5000
30-04-2020,Item-33,Es Cream,2,5000
30-04-2020,Item-33,Es Cream,12,5000
30-04-2020,Item-33,Es Cream,8,5000
30-04-2020,Item-33,Es Cream,15,5000
10-04-2020,Item-11,Sabun Cuci Piring,2,14000
10-04-2020,Item-03,Gula Pasir Putih 1 kg,2,12500
10-04-2020,Item-11,Sabun Cuci Piring,3,14000
10-04-2020,Item-11,Sabun Cuci Piring,4,14000
19-04-2020,Item-26,Susu Bubuk 195g,7,45000
30-04-2020,Item-33,Es Cream,9,5000
01-05-2020,Item-33,Es Cream,4,5000
01-05-2020,Item-33,Es Cream,1,5000
03-05-2020,Item-33,Es Cream,18,5000
03-05-2020,Item-33,Es Cream,11,5000
05-05-2020,Item-33,Es Cream,19,5000
05-05-2020,Item-33,Es Cream,2,5000
05-05-2020,Item-33,Es Cream,17,5000
06-05-2020,Item-33,Es Cream,10,5000
06-05-2020,Item-33,Es Cream,1,5000
06-05-2020,Item-33,Es Cream,20,5000
07-05-2020,Item-33,Es Cream,12,5000
07-05-2020,Item-33,Es Cream,5,5000
07-05-2020,Item-33,Es Cream,15,5000
07-05-2020,Item-33,Es Cream,12,5000
07-05-2020,Item-33,Es Cream,18,5000
09-05-2020,Item-33,Es Cream,10,5000
10-05-2020,Item-33,Es Cream,4,5000
10-05-2020,Item-33,Es Cream,18,5000
10-05-2020,Item-33,Es Cream,11,5000
10-05-2020,Item-33,Es Cream,6,5000
11-05-2020,Item-33,Es Cream,6,5000
12-05-2020,Item-33,Es Cream,20,5000
12-05-2020,Item-33,Es Cream,3,5000
14-05-2020,Item-33,Es Cream,2,5000
15-05-2020,Item-33,Es Cream,20,5000
15-05-2020,Item-33,Es Cream,20,5000
16-05-2020,Item-33,Es Cream,15,5000
17-05-2020,Item-33,Es Cream,12,5000
17-05-2020,Item-33,Es Cream,15,5000
10-04-2020,Item-11,Sabun Cuci Piring,2,14000
10-04-2020,Item-03,Gula Pasir Putih 1 kg,2,12500
10-04-2020,Item-11,Sabun Cuci Piring,3,14000
10-04-2020,Item-11,Sabun Cuci Piring,4,14000
19-04-2020,Item-26,Susu Bubuk 195g,7,45000
18-05-2020,Item-33,Es Cream,9,5000
18-05-2020,Item-33,Es Cream,12,5000
24-05-2020,Item-33,Es Cream,13,5000
25-05-2020,Item-33,Es Cream,13,5000
26-05-2020,Item-33,Es Cream,14,5000
27-05-2020,Item-33,Es Cream,2,5000
27-05-2020,Item-33,Es Cream,12,5000
29-05-2020,Item-33,Es Cream,8,5000
29-05-2020,Item-33,Es Cream,6,5000
29-05-2020,Item-33,Es Cream,12,5000
02-06-2020,Item-33,Es Cream,12,5000
03-06-2020,Item-33,Es Cream,8,5000
06-06-2020,Item-33,Es Cream,6,5000
11-06-2020,Item-33,Es Cream,9,5000
19-04-2020,Item-34,Sirup Botol,1,12000
19-04-2020,Item-34,Sirup Botol,4,12000
20-04-2020,Item-34,Sirup Botol,8,12000
20-04-2020,Item-34,Sirup Botol,10,12000
10-04-2020,Item-11,Sabun Cuci Piring,2,14000
10-04-2020,Item-03,Gula Pasir Putih 1 kg,2,12500
10-04-2020,Item-11,Sabun Cuci Piring,3,14000
10-04-2020,Item-11,Sabun Cuci Piring,4,14000
19-04-2020,Item-26,Susu Bubuk 195g,7,45000
20-04-2020,Item-34,Sirup Botol,11,12000
21-04-2020,Item-34,Sirup Botol,1,12000
22-04-2020,Item-34,Sirup Botol,6,12000
22-04-2020,Item-34,Sirup Botol,13,12000
22-04-2020,Item-34,Sirup Botol,11,12000
23-04-2020,Item-34,Sirup Botol,3,12000
23-04-2020,Item-34,Sirup Botol,5,12000
24-04-2020,Item-34,Sirup Botol,17,12000
25-04-2020,Item-34,Sirup Botol,7,12000
25-04-2020,Item-34,Sirup Botol,5,12000
25-04-2020,Item-34,Sirup Botol,12,12000
25-04-2020,Item-34,Sirup Botol,4,12000
25-04-2020,Item-34,Sirup Botol,20,12000
26-04-2020,Item-34,Sirup Botol,20,12000
26-04-2020,Item-34,Sirup Botol,3,12000
10-04-2020,Item-11,Sabun Cuci Piring,2,14000
10-04-2020,Item-03,Gula Pasir Putih 1 kg,2,12500
10-04-2020,Item-11,Sabun Cuci Piring,3,14000
10-04-2020,Item-11,Sabun Cuci Piring,4,14000
19-04-2020,Item-26,Susu Bubuk 195g,7,45000
27-04-2020,Item-34,Sirup Botol,11,12000
27-04-2020,Item-34,Sirup Botol,2,12000
28-04-2020,Item-34,Sirup Botol,20,12000
28-04-2020,Item-34,Sirup Botol,3,12000
29-04-2020,Item-34,Sirup Botol,16,12000
29-04-2020,Item-34,Sirup Botol,4,12000
30-04-2020,Item-34,Sirup Botol,5,12000
25-05-2020,Item-12,Beras Pulen 5 kg,3,63000
24-05-2020,Item-12,Beras Pulen 5 kg,4,63000
23-05-2020,Item-12,Beras Pulen 5 kg,3,63000
22-05-2020,Item-12,Beras Pulen 5 kg,4,63000
21-05-2020,Item-12,Beras Pulen 5 kg,3,63000
26-05-2020,Item-12,Beras Pulen 5 kg,4,63000
27-05-2020,Item-12,Beras Pulen 5 kg,3,63000
28-05-2020,Item-12,Beras Pulen 5 kg,4,63000
29-05-2020,Item-12,Beras Pulen 5 kg,3,63000
30-05-2020,Item-12,Beras Pulen 5 kg,4,63000
19-04-2020,Item-12,Beras Pulen 5 kg,3,63000
18-04-2020,Item-12,Beras Pulen 5 kg,4,63000
30-04-2020,Item-34,Sirup Botol,13,12000
30-04-2020,Item-34,Sirup Botol,6,12000
30-04-2020,Item-34,Sirup Botol,11,12000
30-04-2020,Item-34,Sirup Botol,17,12000
01-05-2020,Item-34,Sirup Botol,7,12000
01-05-2020,Item-34,Sirup Botol,1,12000
03-05-2020,Item-34,Sirup Botol,10,12000
03-05-2020,Item-34,Sirup Botol,10,12000
05-05-2020,Item-34,Sirup Botol,3,12000
05-05-2020,Item-34,Sirup Botol,15,12000
05-05-2020,Item-34,Sirup Botol,6,12000
06-05-2020,Item-34,Sirup Botol,10,12000
06-05-2020,Item-34,Sirup Botol,7,12000
06-05-2020,Item-34,Sirup Botol,6,12000
07-05-2020,Item-34,Sirup Botol,10,12000
07-05-2020,Item-34,Sirup Botol,9,12000
07-05-2020,Item-34,Sirup Botol,2,12000
07-05-2020,Item-34,Sirup Botol,1,12000
07-05-2020,Item-34,Sirup Botol,5,12000
09-05-2020,Item-34,Sirup Botol,19,12000
10-05-2020,Item-34,Sirup Botol,5,12000
10-05-2020,Item-34,Sirup Botol,9,12000
10-05-2020,Item-34,Sirup Botol,9,12000
10-05-2020,Item-34,Sirup Botol,17,12000
11-05-2020,Item-34,Sirup Botol,15,12000
10-04-2020,Item-11,Sabun Cuci Piring,2,14000
10-04-2020,Item-03,Gula Pasir Putih 1 kg,2,12500
10-04-2020,Item-11,Sabun Cuci Piring,3,14000
10-04-2020,Item-11,Sabun Cuci Piring,4,14000
19-04-2020,Item-26,Susu Bubuk 195g,7,45000
12-05-2020,Item-34,Sirup Botol,8,12000
12-05-2020,Item-34,Sirup Botol,20,12000
14-05-2020,Item-34,Sirup Botol,9,12000
15-05-2020,Item-34,Sirup Botol,18,12000
15-05-2020,Item-34,Sirup Botol,20,12000
16-05-2020,Item-34,Sirup Botol,2,12000
17-05-2020,Item-34,Sirup Botol,12,12000
17-05-2020,Item-34,Sirup Botol,7,12000
18-05-2020,Item-34,Sirup Botol,8,12000
18-05-2020,Item-34,Sirup Botol,10,12000
24-05-2020,Item-34,Sirup Botol,18,12000
25-05-2020,Item-34,Sirup Botol,14,12000
26-05-2020,Item-34,Sirup Botol,8,12000
27-05-2020,Item-34,Sirup Botol,20,12000
10-04-2020,Item-05,Mi Goreng Instant,2,2600
10-04-2020,Item-05,Mi Goreng Instant,2,2600
11-04-2020,Item-05,Mi Goreng Instant,2,2600
11-04-2020,Item-05,Mi Goreng Instant,1,2600
11-04-2020,Item-05,Mi Goreng Instant,3,2600
11-04-2020,Item-05,Mi Goreng Instant,1,2600
11-04-2020,Item-05,Mi Goreng Instant,1,2600
11-04-2020,Item-05,Mi Goreng Instant,4,2600
27-05-2020,Item-34,Sirup Botol,18,12000
29-05-2020,Item-34,Sirup Botol,15,12000
29-05-2020,Item-34,Sirup Botol,17,12000
29-05-2020,Item-34,Sirup Botol,15,12000
02-06-2020,Item-34,Sirup Botol,14,12000
03-06-2020,Item-34,Sirup Botol,10,12000
06-06-2020,Item-34,Sirup Botol,6,12000
11-06-2020,Item-34,Sirup Botol,10,12000
19-04-2020,Item-34,Sirup Botol,20,12000
19-04-2020,Item-34,Sirup Botol,13,12000
10-04-2020,Item-11,Sabun Cuci Piring,2,14000
10-04-2020,Item-03,Gula Pasir Putih 1 kg,2,12500
10-04-2020,Item-11,Sabun Cuci Piring,3,14000
10-04-2020,Item-11,Sabun Cuci Piring,4,14000
19-04-2020,Item-26,Susu Bubuk 195g,7,45000
20-04-2020,Item-34,Sirup Botol,1,12000
20-04-2020,Item-34,Sirup Botol,12,12000
20-04-2020,Item-34,Sirup Botol,2,12000
21-04-2020,Item-34,Sirup Botol,19,12000
22-04-2020,Item-34,Sirup Botol,11,12000
22-04-2020,Item-34,Sirup Botol,6,12000
22-04-2020,Item-34,Sirup Botol,9,12000
23-04-2020,Item-34,Sirup Botol,20,12000
23-04-2020,Item-34,Sirup Botol,13,12000
24-04-2020,Item-34,Sirup Botol,11,12000
25-04-2020,Item-34,Sirup Botol,4,12000
25-04-2020,Item-34,Sirup Botol,7,12000
25-04-2020,Item-34,Sirup Botol,20,12000
25-04-2020,Item-34,Sirup Botol,4,12000
25-04-2020,Item-34,Sirup Botol,20,12000
26-04-2020,Item-34,Sirup Botol,10,12000
26-04-2020,Item-34,Sirup Botol,1,12000
27-04-2020,Item-34,Sirup Botol,4,12000
27-04-2020,Item-34,Sirup Botol,19,12000
28-04-2020,Item-34,Sirup Botol,10,12000
28-04-2020,Item-34,Sirup Botol,15,12000
29-04-2020,Item-34,Sirup Botol,16,12000
29-04-2020,Item-34,Sirup Botol,4,12000
30-04-2020,Item-34,Sirup Botol,9,12000
30-04-2020,Item-34,Sirup Botol,9,12000
30-04-2020,Item-34,Sirup Botol,5,12000
30-04-2020,Item-34,Sirup Botol,13,12000
30-04-2020,Item-34,Sirup Botol,11,12000
01-05-2020,Item-34,Sirup Botol,3,12000
01-05-2020,Item-34,Sirup Botol,15,12000
03-05-2020,Item-34,Sirup Botol,5,12000
03-05-2020,Item-34,Sirup Botol,8,12000
05-05-2020,Item-34,Sirup Botol,9,12000
05-05-2020,Item-34,Sirup Botol,13,12000
05-05-2020,Item-34,Sirup Botol,16,12000
10-04-2020,Item-11,Sabun Cuci Piring,2,14000
10-04-2020,Item-03,Gula Pasir Putih 1 kg,2,12500
10-04-2020,Item-11,Sabun Cuci Piring,3,14000
10-04-2020,Item-11,Sabun Cuci Piring,4,14000
19-04-2020,Item-26,Susu Bubuk 195g,7,45000
06-05-2020,Item-34,Sirup Botol,12,12000
06-05-2020,Item-34,Sirup Botol,6,12000
06-05-2020,Item-34,Sirup Botol,20,12000
07-05-2020,Item-34,Sirup Botol,13,12000
07-05-2020,Item-34,Sirup Botol,17,12000
07-05-2020,Item-34,Sirup Botol,1,12000
07-05-2020,Item-34,Sirup Botol,1,12000
07-05-2020,Item-34,Sirup Botol,9,12000
09-05-2020,Item-34,Sirup Botol,6,12000
10-05-2020,Item-34,Sirup Botol,6,12000
10-05-2020,Item-34,Sirup Botol,3,12000
10-05-2020,Item-34,Sirup Botol,18,12000
10-05-2020,Item-34,Sirup Botol,10,12000
11-05-2020,Item-34,Sirup Botol,17,12000
12-05-2020,Item-34,Sirup Botol,7,12000
12-05-2020,Item-34,Sirup Botol,13,12000
14-05-2020,Item-34,Sirup Botol,7,12000
15-05-2020,Item-34,Sirup Botol,7,12000
15-05-2020,Item-34,Sirup Botol,16,12000
16-05-2020,Item-34,Sirup Botol,8,12000
17-05-2020,Item-34,Sirup Botol,19,12000
17-05-2020,Item-34,Sirup Botol,17,12000
10-04-2020,Item-11,Sabun Cuci Piring,2,14000
10-04-2020,Item-03,Gula Pasir Putih 1 kg,2,12500
10-04-2020,Item-11,Sabun Cuci Piring,3,14000
10-04-2020,Item-11,Sabun Cuci Piring,4,14000
19-04-2020,Item-26,Susu Bubuk 195g,7,45000
18-05-2020,Item-34,Sirup Botol,2,12000
18-05-2020,Item-34,Sirup Botol,9,12000
24-05-2020,Item-34,Sirup Botol,5,12000
25-05-2020,Item-34,Sirup Botol,14,12000
26-05-2020,Item-34,Sirup Botol,1,12000
27-05-2020,Item-34,Sirup Botol,16,12000
27-05-2020,Item-34,Sirup Botol,11,12000
29-05-2020,Item-34,Sirup Botol,4,12000
29-05-2020,Item-34,Sirup Botol,15,12000
29-05-2020,Item-34,Sirup Botol,3,12000
02-06-2020,Item-34,Sirup Botol,5,12000
03-06-2020,Item-34,Sirup Botol,8,12000
06-06-2020,Item-34,Sirup Botol,15,12000
11-06-2020,Item-34,Sirup Botol,12,12000
19-04-2020,Item-34,Sirup Botol,3,12000
19-04-2020,Item-34,Sirup Botol,13,12000
20-04-2020,Item-34,Sirup Botol,3,12000
20-04-2020,Item-34,Sirup Botol,19,12000
20-04-2020,Item-34,Sirup Botol,19,12000
21-04-2020,Item-34,Sirup Botol,3,12000
22-04-2020,Item-34,Sirup Botol,11,12000
22-04-2020,Item-34,Sirup Botol,12,12000
22-04-2020,Item-34,Sirup Botol,10,12000
23-04-2020,Item-34,Sirup Botol,8,12000
23-04-2020,Item-34,Sirup Botol,12,12000
24-04-2020,Item-34,Sirup Botol,20,12000
10-04-2020,Item-11,Sabun Cuci Piring,2,14000
10-04-2020,Item-03,Gula Pasir Putih 1 kg,2,12500
10-04-2020,Item-11,Sabun Cuci Piring,3,14000
10-04-2020,Item-11,Sabun Cuci Piring,4,14000
19-04-2020,Item-26,Susu Bubuk 195g,7,45000
25-04-2020,Item-34,Sirup Botol,11,12000
25-04-2020,Item-34,Sirup Botol,11,12000
25-04-2020,Item-34,Sirup Botol,8,12000
25-04-2020,Item-34,Sirup Botol,11,12000
25-04-2020,Item-34,Sirup Botol,6,12000
26-04-2020,Item-34,Sirup Botol,13,12000
26-04-2020,Item-34,Sirup Botol,7,12000
27-04-2020,Item-34,Sirup Botol,18,12000
27-04-2020,Item-34,Sirup Botol,5,12000
28-04-2020,Item-34,Sirup Botol,13,12000
11-05-2020,Item-18,Telur Ayam Negeri,1,1700
12-05-2020,Item-18,Telur Ayam Negeri,2,1700
11-01-2020,Item-09,Roti Tawar,2,12500
13-05-2020,Item-18,Telur Ayam Negeri,3,1700
14-05-2020,Item-18,Telur Ayam Negeri,4,1700
15-05-2020,Item-18,Telur Ayam Negeri,5,1700
16-05-2020,Item-18,Telur Ayam Negeri,1,1700
17-05-2020,Item-18,Telur Ayam Negeri,2,1700
18-05-2020,Item-18,Telur Ayam Negeri,3,1700
19-05-2020,Item-18,Telur Ayam Negeri,4,1700
20-05-2020,Item-18,Telur Ayam Negeri,5,1700
21-05-2020,Item-18,Telur Ayam Negeri,6,1700
28-04-2020,Item-34,Sirup Botol,16,12000
29-04-2020,Item-34,Sirup Botol,3,12000
29-04-2020,Item-34,Sirup Botol,15,12000
30-04-2020,Item-34,Sirup Botol,16,12000
30-04-2020,Item-34,Sirup Botol,13,12000
30-04-2020,Item-34,Sirup Botol,17,12000
30-04-2020,Item-34,Sirup Botol,8,12000
30-04-2020,Item-34,Sirup Botol,12,12000
01-05-2020,Item-34,Sirup Botol,4,12000
01-05-2020,Item-34,Sirup Botol,18,12000
03-05-2020,Item-34,Sirup Botol,12,12000
03-05-2020,Item-34,Sirup Botol,5,12000
05-05-2020,Item-34,Sirup Botol,8,12000
05-05-2020,Item-34,Sirup Botol,6,12000
05-05-2020,Item-34,Sirup Botol,11,12000
06-05-2020,Item-34,Sirup Botol,9,12000
06-05-2020,Item-34,Sirup Botol,10,12000
06-05-2020,Item-34,Sirup Botol,6,12000
07-05-2020,Item-34,Sirup Botol,3,12000
07-05-2020,Item-34,Sirup Botol,17,12000
11-04-2020,Item-16,Balsem Putih 20 gram,1,22300
19-04-2020,Item-26,Susu Bubuk 195g,14,45000
11-04-2020,Item-11,Sabun Cuci Piring,3,14000
10-04-2020,Item-03,Gula Pasir Putih 1 kg,3,12500
11-04-2020,Item-11,Sabun Cuci Piring,2,14000
11-04-2020,Item-17,Obat Batuk,3,5000
11-04-2020,Item-03,Gula Pasir Putih 1 kg,2,12500
11-04-2020,Item-11,Sabun Cuci Piring,3,14000
11-04-2020,Item-16,Balsem Putih 20 gram,4,22300
11-04-2020,Item-03,Gula Pasir Putih 1 kg,2,12500
11-04-2020,Item-11,Sabun Cuci Piring,2,14000
11-04-2020,Item-16,Balsem Putih 20 gram,2,22300
11-04-2020,Item-03,Gula Pasir Putih 1 kg,1,12500
20-04-2020,Item-26,Susu Bubuk 195g,1,45000
11-04-2020,Item-11,Sabun Cuci Piring,4,14000
11-04-2020,Item-03,Gula Pasir Putih 1 kg,2,12500
12-04-2020,Item-03,Gula Pasir Putih 1 kg,2,12500
07-05-2020,Item-34,Sirup Botol,17,12000
07-05-2020,Item-34,Sirup Botol,9,12000
07-05-2020,Item-34,Sirup Botol,1,12000
09-05-2020,Item-34,Sirup Botol,15,12000
10-05-2020,Item-34,Sirup Botol,6,12000
10-05-2020,Item-34,Sirup Botol,6,12000
10-05-2020,Item-34,Sirup Botol,1,12000
10-05-2020,Item-34,Sirup Botol,5,12000
11-05-2020,Item-34,Sirup Botol,16,12000
12-05-2020,Item-34,Sirup Botol,7,12000
12-05-2020,Item-34,Sirup Botol,10,12000
14-05-2020,Item-34,Sirup Botol,7,12000
15-05-2020,Item-34,Sirup Botol,14,12000
25-04-2020,Item-12,Beras Pulen 5 kg,3,63000
24-04-2020,Item-12,Beras Pulen 5 kg,4,63000
23-04-2020,Item-12,Beras Pulen 5 kg,3,63000
22-04-2020,Item-12,Beras Pulen 5 kg,4,63000
21-04-2020,Item-12,Beras Pulen 5 kg,3,63000
11-04-2020,Item-18,Telur Ayam Negeri,1,1700
12-04-2020,Item-18,Telur Ayam Negeri,2,1700
13-04-2020,Item-18,Telur Ayam Negeri,3,1700
14-04-2020,Item-18,Telur Ayam Negeri,4,1700
15-04-2020,Item-18,Telur Ayam Negeri,5,1700
16-04-2020,Item-18,Telur Ayam Negeri,1,1700
17-04-2020,Item-18,Telur Ayam Negeri,2,1700
18-04-2020,Item-18,Telur Ayam Negeri,3,1700
19-04-2020,Item-18,Telur Ayam Negeri,4,1700
20-04-2020,Item-18,Telur Ayam Negeri,5,1700
21-04-2020,Item-18,Telur Ayam Negeri,6,1700
26-04-2020,Item-12,Beras Pulen 5 kg,4,63000
27-04-2020,Item-12,Beras Pulen 5 kg,3,63000
28-04-2020,Item-12,Beras Pulen 5 kg,4,63000
29-04-2020,Item-12,Beras Pulen 5 kg,3,63000
30-04-2020,Item-12,Beras Pulen 5 kg,4,63000
19-04-2020,Item-12,Beras Pulen 5 kg,3,63000
18-04-2020,Item-12,Beras Pulen 5 kg,4,63000
15-05-2020,Item-34,Sirup Botol,14,12000
16-05-2020,Item-34,Sirup Botol,6,12000
17-05-2020,Item-34,Sirup Botol,14,12000
17-05-2020,Item-34,Sirup Botol,1,12000
18-05-2020,Item-34,Sirup Botol,10,12000
18-05-2020,Item-34,Sirup Botol,4,12000
24-05-2020,Item-34,Sirup Botol,10,12000
25-05-2020,Item-34,Sirup Botol,3,12000
26-05-2020,Item-34,Sirup Botol,14,12000
27-05-2020,Item-34,Sirup Botol,12,12000
10-04-2020,Item-11,Sabun Cuci Piring,2,14000
10-04-2020,Item-03,Gula Pasir Putih 1 kg,2,12500
10-04-2020,Item-11,Sabun Cuci Piring,3,14000
10-04-2020,Item-11,Sabun Cuci Piring,4,14000
19-04-2020,Item-26,Susu Bubuk 195g,7,45000
27-05-2020,Item-34,Sirup Botol,6,12000
29-05-2020,Item-34,Sirup Botol,6,12000
29-05-2020,Item-34,Sirup Botol,5,12000
29-05-2020,Item-34,Sirup Botol,6,12000
02-06-2020,Item-34,Sirup Botol,17,12000
03-06-2020,Item-34,Sirup Botol,5,12000
06-06-2020,Item-34,Sirup Botol,15,12000
11-06-2020,Item-34,Sirup Botol,6,12000
20-07-2020,Item-20,Pampers Bayi Size M,4,41000
25-07-2020,Item-20,Pampers Bayi Size M,3,41000
23-07-2020,Item-20,Pampers Bayi Size M,3,41000
29-07-2020,Item-20,Pampers Bayi Size M,1,41000
12-07-2020,Item-20,Pampers Bayi Size M,2,41000
18-07-2020,Item-20,Pampers Bayi Size M,1,41000
8-07-2020,Item-20,Pampers Bayi Size M,1,41000
24-07-2020,Item-20,Pampers Bayi Size M,2,41000
25-07-2020,Item-20,Pampers Bayi Size M,1,41000
21-07-2020,Item-20,Pampers Bayi Size M,2,41000
20-07-2020,Item-20,Pampers Bayi Size M,1,41000
25-07-2020,Item-20,Pampers Bayi Size M,1,41000
4-07-2020,Item-20,Pampers Bayi Size M,4,41000
12-07-2020,Item-20,Pampers Bayi Size M,1,41000
1-07-2020,Item-20,Pampers Bayi Size M,1,41000
15-07-2020,Item-20,Pampers Bayi Size M,3,41000
26-07-2020,Item-20,Pampers Bayi Size M,3,41000
4-07-2020,Item-20,Pampers Bayi Size M,3,41000
1-07-2020,Item-20,Pampers Bayi Size M,4,41000
19-07-2020,Item-20,Pampers Bayi Size M,3,41000
13-07-2020,Item-03,Gula Pasir Putih 1 kg,3,12500
19-07-2020,Item-03,Gula Pasir Putih 1 kg,2,12500
21-07-2020,Item-03,Gula Pasir Putih 1 kg,3,12500
23-07-2020,Item-03,Gula Pasir Putih 1 kg,1,12500
17-07-2020,Item-03,Gula Pasir Putih 1 kg,2,12500
30-07-2020,Item-03,Gula Pasir Putih 1 kg,4,12500
1-07-2020,Item-03,Gula Pasir Putih 1 kg,2,12500
24-07-2020,Item-03,Gula Pasir Putih 1 kg,1,12500
9-07-2020,Item-03,Gula Pasir Putih 1 kg,2,12500
18-07-2020,Item-03,Gula Pasir Putih 1 kg,3,12500
28-07-2020,Item-03,Gula Pasir Putih 1 kg,2,12500
6-07-2020,Item-01,Batere AA,4,12000
26-07-2020,Item-01,Batere AA,4,12000
19-07-2020,Item-01,Batere AA,2,12000
10-07-2020,Item-01,Batere AA,2,12000
24-07-2020,Item-04,Kopi Instant,4,5200
16-07-2020,Item-04,Kopi Instant,3,5200
11-07-2020,Item-04,Kopi Instant,3,5200
16-07-2020,Item-03,Gula Pasir Putih 1 kg,1,12500
14-07-2020,Item-03,Gula Pasir Putih 1 kg,3,12500
27-07-2020,Item-04,Kopi Instant,1,5200
25-07-2020,Item-04,Kopi Instant,2,5200
25-07-2020,Item-04,Kopi Instant,1,5200
9-07-2020,Item-04,Kopi Instant,1,5200
21-07-2020,Item-04,Kopi Instant,2,5200
20-07-2020,Item-04,Kopi Instant,1,5200
26-07-2020,Item-04,Kopi Instant,2,5200
18-07-2020,Item-04,Kopi Instant,1,5200
2-07-2020,Item-04,Kopi Instant,1,5200
19-07-2020,Item-04,Kopi Instant,4,5200
7-07-2020,Item-04,Kopi Instant,1,5200
18-07-2020,Item-04,Kopi Instant,1,5200
29-07-2020,Item-04,Kopi Instant,3,5200
6-07-2020,Item-04,Kopi Instant,3,5200
5-07-2020,Item-04,Kopi Instant,3,5200
4-07-2020,Item-04,Kopi Instant,4,5200
4-07-2020,Item-04,Kopi Instant,3,5200
19-07-2020,Item-05,Mi Goreng Instant,3,2600
25-07-2020,Item-05,Mi Goreng Instant,1,2600
1-07-2020,Item-05,Mi Goreng Instant,3,2600
3-07-2020,Item-05,Mi Goreng Instant,1,2600
1-07-2020,Item-05,Mi Goreng Instant,3,2600
19-07-2020,Item-05,Mi Goreng Instant,3,2600
18-07-2020,Item-05,Mi Goreng Instant,3,2600
29-07-2020,Item-05,Mi Goreng Instant,4,2600
30-07-2020,Item-21,Shampoo Sachet,2,1000
21-07-2020,Item-21,Shampoo Sachet,1,1000
17-07-2020,Item-21,Shampoo Sachet,1,1000
14-07-2020,Item-21,Shampoo Sachet,1,1000
20-07-2020,Item-21,Shampoo Sachet,1,1000
17-07-2020,Item-21,Shampoo Sachet,4,1000
1-07-2020,Item-21,Shampoo Sachet,1,1000
26-07-2020,Item-21,Shampoo Sachet,2,1000
17-07-2020,Item-02,Bawang Putih 200 gram,2,15000
29-07-2020,Item-02,Bawang Putih 200 gram,1,15000
12-07-2020,Item-02,Bawang Putih 200 gram,1,15000
30-07-2020,Item-02,Bawang Putih 200 gram,1,15000
11-07-2020,Item-02,Bawang Putih 200 gram,1,15000
20-07-2020,Item-02,Bawang Putih 200 gram,4,15000
27-07-2020,Item-02,Bawang Putih 200 gram,1,15000
19-07-2020,Item-02,Bawang Putih 200 gram,2,15000
17-07-2020,Item-05,Mi Goreng Instant,4,2600
6-07-2020,Item-05,Mi Goreng Instant,3,2600
27-07-2020,Item-05,Mi Goreng Instant,2,2600
7-07-2020,Item-05,Mi Goreng Instant,4,2600
21-07-2020,Item-05,Mi Goreng Instant,3,2600
15-07-2020,Item-05,Mi Goreng Instant,4,2600
11-07-2020,Item-05,Mi Goreng Instant,1,2600
4-07-2020,Item-05,Mi Goreng Instant,4,2600
29-07-2020,Item-05,Mi Goreng Instant,2,2600
3-07-2020,Item-05,Mi Goreng Instant,4,2600
11-07-2020,Item-05,Mi Goreng Instant,4,2600
10-07-2020,Item-05,Mi Goreng Instant,1,2600
25-07-2020,Item-05,Mi Goreng Instant,4,2600
9-07-2020,Item-05,Mi Goreng Instant,1,2600
12-07-2020,Item-05,Mi Goreng Instant,4,2600
7-07-2020,Item-05,Mi Goreng Instant,1,2600
25-07-2020,Item-05,Mi Goreng Instant,3,2600
26-07-2020,Item-05,Mi Goreng Instant,2,2600
24-07-2020,Item-21,Shampoo Sachet,2,1000
1-07-2020,Item-21,Shampoo Sachet,1,1000
20-07-2020,Item-21,Shampoo Sachet,1,1000
29-07-2020,Item-21,Shampoo Sachet,1,1000
2-07-2020,Item-21,Shampoo Sachet,1,1000
5-07-2020,Item-21,Shampoo Sachet,4,1000
2-07-2020,Item-21,Shampoo Sachet,1,1000
17-07-2020,Item-21,Shampoo Sachet,2,1000
28-07-2020,Item-26,Susu Bubuk 195g,17,45000
23-07-2020,Item-26,Susu Bubuk 195g,1,45000
17-07-2020,Item-26,Susu Bubuk 195g,20,45000
21-07-2020,Item-26,Susu Bubuk 195g,17,45000
2-07-2020,Item-07,Pembersih Lantai,2,12000
10-07-2020,Item-07,Pembersih Lantai,1,12000
8-07-2020,Item-07,Pembersih Lantai,1,12000
18-07-2020,Item-07,Pembersih Lantai,1,12000
2-07-2020,Item-07,Pembersih Lantai,1,12000
23-07-2020,Item-07,Pembersih Lantai,4,12000
7-07-2020,Item-07,Pembersih Lantai,1,12000
4-07-2020,Item-07,Pembersih Lantai,2,12000
27-07-2020,Item-07,Pembersih Lantai,2,12000
13-07-2020,Item-07,Pembersih Lantai,1,12000
7-07-2020,Item-07,Pembersih Lantai,1,12000
17-07-2020,Item-07,Pembersih Lantai,1,12000
20-07-2020,Item-07,Pembersih Lantai,1,12000
7-07-2020,Item-07,Pembersih Lantai,4,12000
10-07-2020,Item-07,Pembersih Lantai,1,12000
18-07-2020,Item-07,Pembersih Lantai,2,12000
14-07-2020,Item-22,Minyak Goreng 1 Lt,3,16000
17-07-2020,Item-22,Minyak Goreng 1 Lt,2,16000
26-07-2020,Item-22,Minyak Goreng 1 Lt,3,16000
8-07-2020,Item-22,Minyak Goreng 1 Lt,1,16000
8-07-2020,Item-22,Minyak Goreng 1 Lt,2,16000
5-07-2020,Item-22,Minyak Goreng 1 Lt,4,16000
26-07-2020,Item-22,Minyak Goreng 1 Lt,2,16000
17-07-2020,Item-22,Minyak Goreng 1 Lt,1,16000
27-07-2020,Item-22,Minyak Goreng 1 Lt,2,16000
11-07-2020,Item-22,Minyak Goreng 1 Lt,3,16000
8-07-2020,Item-22,Minyak Goreng 1 Lt,2,16000
13-07-2020,Item-22,Minyak Goreng 1 Lt,1,16000
24-07-2020,Item-22,Minyak Goreng 1 Lt,3,16000
24-07-2020,Item-22,Minyak Goreng 1 Lt,4,16000
30-07-2020,Item-22,Minyak Goreng 1 Lt,4,16000
19-07-2020,Item-22,Minyak Goreng 1 Lt,2,16000
6-07-2020,Item-22,Minyak Goreng 1 Lt,2,16000
5-07-2020,Item-23,Air Mineral Botol 500 ml,4,3000
4-07-2020,Item-23,Air Mineral Botol 500 ml,4,3000
14-07-2020,Item-23,Air Mineral Botol 500 ml,2,3000
2-07-2020,Item-23,Air Mineral Botol 500 ml,2,3000
7-07-2020,Item-23,Air Mineral Botol 500 ml,4,3000
8-07-2020,Item-23,Air Mineral Botol 500 ml,3,3000
3-07-2020,Item-23,Air Mineral Botol 500 ml,3,3000
12-07-2020,Item-23,Air Mineral Botol 500 ml,1,3000
10-07-2020,Item-23,Air Mineral Botol 500 ml,2,3000
21-07-2020,Item-23,Air Mineral Botol 500 ml,1,3000
13-07-2020,Item-23,Air Mineral Botol 500 ml,1,3000
17-07-2020,Item-23,Air Mineral Botol 500 ml,2,3000
11-07-2020,Item-23,Air Mineral Botol 500 ml,1,3000
29-07-2020,Item-23,Air Mineral Botol 500 ml,2,3000
24-07-2020,Item-23,Air Mineral Botol 500 ml,1,3000
23-07-2020,Item-23,Air Mineral Botol 500 ml,1,3000
29-07-2020,Item-23,Air Mineral Botol 500 ml,4,3000
8-07-2020,Item-23,Air Mineral Botol 500 ml,1,3000
7-07-2020,Item-23,Air Mineral Botol 500 ml,1,3000
30-07-2020,Item-23,Air Mineral Botol 500 ml,3,3000
22-07-2020,Item-23,Air Mineral Botol 500 ml,3,3000
8-07-2020,Item-23,Air Mineral Botol 500 ml,3,3000
4-07-2020,Item-23,Air Mineral Botol 500 ml,4,3000
4-07-2020,Item-23,Air Mineral Botol 500 ml,3,3000
8-07-2020,Item-24,Pengharum Ruangan,1,7000
8-07-2020,Item-24,Pengharum Ruangan,11,7000
1-07-2020,Item-24,Pengharum Ruangan,4,7000
7-07-2020,Item-24,Pengharum Ruangan,18,7000
18-07-2020,Item-24,Pengharum Ruangan,16,7000
9-07-2020,Item-24,Pengharum Ruangan,1,7000
25-07-2020,Item-24,Pengharum Ruangan,16,7000
4-07-2020,Item-24,Pengharum Ruangan,18,7000
23-07-2020,Item-24,Pengharum Ruangan,8,7000
14-07-2020,Item-24,Pengharum Ruangan,8,7000
2-07-2020,Item-24,Pengharum Ruangan,12,7000
20-07-2020,Item-24,Pengharum Ruangan,13,7000
24-07-2020,Item-24,Pengharum Ruangan,14,7000
24-07-2020,Item-24,Pengharum Ruangan,17,7000
25-07-2020,Item-24,Pengharum Ruangan,7,7000
17-07-2020,Item-24,Pengharum Ruangan,1,7000
28-07-2020,Item-24,Pengharum Ruangan,1,7000
2-07-2020,Item-24,Pengharum Ruangan,14,7000
15-07-2020,Item-24,Pengharum Ruangan,17,7000
22-07-2020,Item-24,Pengharum Ruangan,9,7000
9-07-2020,Item-25,Pembalut Wanita Size L,14,15000
6-07-2020,Item-25,Pembalut Wanita Size L,15,15000
20-07-2020,Item-25,Pembalut Wanita Size L,17,15000
29-07-2020,Item-25,Pembalut Wanita Size L,1,15000
20-07-2020,Item-25,Pembalut Wanita Size L,11,15000
13-07-2020,Item-25,Pembalut Wanita Size L,11,15000
4-07-2020,Item-25,Pembalut Wanita Size L,13,15000
24-07-2020,Item-25,Pembalut Wanita Size L,11,15000
19-07-2020,Item-25,Pembalut Wanita Size L,7,15000
4-07-2020,Item-25,Pembalut Wanita Size L,11,15000
8-07-2020,Item-25,Pembalut Wanita Size L,12,15000
19-07-2020,Item-25,Pembalut Wanita Size L,6,15000
28-07-2020,Item-25,Pembalut Wanita Size L,12,15000
19-07-2020,Item-25,Pembalut Wanita Size L,20,15000
3-07-2020,Item-25,Pembalut Wanita Size L,14,15000
22-07-2020,Item-25,Pembalut Wanita Size L,9,15000
23-07-2020,Item-25,Pembalut Wanita Size L,14,15000
9-07-2020,Item-25,Pembalut Wanita Size L,16,15000
5-07-2020,Item-25,Pembalut Wanita Size L,17,15000
22-07-2020,Item-25,Pembalut Wanita Size L,11,15000
18-07-2020,Item-25,Pembalut Wanita Size L,12,15000
19-07-2020,Item-25,Pembalut Wanita Size L,9,15000
29-07-2020,Item-25,Pembalut Wanita Size L,18,15000
4-07-2020,Item-25,Pembalut Wanita Size L,5,15000
10-07-2020,Item-26,Susu Bubuk 195g,2,45000
6-07-2020,Item-26,Susu Bubuk 195g,15,45000
15-07-2020,Item-26,Susu Bubuk 195g,11,45000
10-07-2020,Item-26,Susu Bubuk 195g,7,45000
29-07-2020,Item-26,Susu Bubuk 195g,13,45000
2-07-2020,Item-26,Susu Bubuk 195g,11,45000
14-07-2020,Item-26,Susu Bubuk 195g,6,45000
2-07-2020,Item-26,Susu Bubuk 195g,13,45000
3-07-2020,Item-26,Susu Bubuk 195g,12,45000
19-07-2020,Item-26,Susu Bubuk 195g,18,45000
29-07-2020,Item-26,Susu Bubuk 195g,6,45000
16-07-2020,Item-26,Susu Bubuk 195g,4,45000
1-07-2020,Item-26,Susu Bubuk 195g,5,45000
2-07-2020,Item-26,Susu Bubuk 195g,17,45000
20-07-2020,Item-26,Susu Bubuk 195g,2,45000
20-07-2020,Item-26,Susu Bubuk 195g,12,45000
6-07-2020,Item-26,Susu Bubuk 195g,12,45000
7-07-2020,Item-26,Susu Bubuk 195g,4,45000
28-07-2020,Item-26,Susu Bubuk 195g,10,45000
8-07-2020,Item-26,Susu Bubuk 195g,14,45000
14-07-2020,Item-26,Susu Bubuk 195g,16,45000
24-07-2020,Item-26,Susu Bubuk 195g,1,45000
2-07-2020,Item-26,Susu Bubuk 195g,2,45000
5-07-2020,Item-26,Susu Bubuk 195g,5,45000
23-07-2020,Item-12,Beras Pulen 5 kg,3,63000
17-07-2020,Item-12,Beras Pulen 5 kg,4,63000
9-07-2020,Item-12,Beras Pulen 5 kg,3,63000
18-07-2020,Item-12,Beras Pulen 5 kg,4,63000
10-07-2020,Item-12,Beras Pulen 5 kg,3,63000
30-07-2020,Item-12,Beras Pulen 5 kg,4,63000
3-07-2020,Item-12,Beras Pulen 5 kg,3,63000
27-07-2020,Item-12,Beras Pulen 5 kg,4,63000
27-07-2020,Item-12,Beras Pulen 5 kg,3,63000
21-07-2020,Item-12,Beras Pulen 5 kg,4,63000
29-07-2020,Item-27,Bedak Bayi,16,25000
16-07-2020,Item-27,Bedak Bayi,5,25000
16-07-2020,Item-27,Bedak Bayi,4,25000
6-07-2020,Item-27,Bedak Bayi,7,25000
18-07-2020,Item-27,Bedak Bayi,14,25000
13-07-2020,Item-27,Bedak Bayi,9,25000
1-07-2020,Item-27,Bedak Bayi,19,25000
23-07-2020,Item-27,Bedak Bayi,2,25000
4-07-2020,Item-27,Bedak Bayi,7,25000
13-07-2020,Item-27,Bedak Bayi,19,25000
30-07-2020,Item-27,Bedak Bayi,4,25000
18-07-2020,Item-27,Bedak Bayi,15,25000
23-07-2020,Item-28,Tisu,3,7000
5-07-2020,Item-28,Tisu,1,7000
27-07-2020,Item-28,Tisu,15,7000
23-07-2020,Item-28,Tisu,3,7000
11-07-2020,Item-28,Tisu,8,7000
6-07-2020,Item-28,Tisu,13,7000
21-07-2020,Item-28,Tisu,14,7000
30-07-2020,Item-28,Tisu,2,7000
19-07-2020,Item-28,Tisu,1,7000
16-07-2020,Item-28,Tisu,7,7000
3-07-2020,Item-28,Tisu,8,7000
2-07-2020,Item-28,Tisu,3,7000
19-07-2020,Item-28,Tisu,18,7000
2-07-2020,Item-28,Tisu,4,7000
4-07-2020,Item-28,Tisu,13,7000
2-07-2020,Item-28,Tisu,8,7000
2-07-2020,Item-28,Tisu,1,7000
6-07-2020,Item-28,Tisu,2,7000
2-07-2020,Item-28,Tisu,4,7000
30-07-2020,Item-28,Tisu,2,7000
14-07-2020,Item-28,Tisu,12,7000
18-07-2020,Item-28,Tisu,4,7000
2-07-2020,Item-28,Tisu,20,7000
18-07-2020,Item-28,Tisu,18,7000
8-07-2020,Item-28,Tisu,4,7000
30-07-2020,Item-28,Tisu,16,7000
17-07-2020,Item-28,Tisu,13,7000
1-07-2020,Item-28,Tisu,8,7000
9-07-2020,Item-29,Bubur Bayi,10,8000
1-07-2020,Item-29,Bubur Bayi,14,8000
23-07-2020,Item-29,Bubur Bayi,18,8000
24-07-2020,Item-29,Bubur Bayi,2,8000
15-07-2020,Item-29,Bubur Bayi,10,8000
9-07-2020,Item-29,Bubur Bayi,5,8000
9-07-2020,Item-29,Bubur Bayi,14,8000
25-07-2020,Item-29,Bubur Bayi,19,8000
12-07-2020,Item-29,Bubur Bayi,1,8000
21-07-2020,Item-29,Bubur Bayi,2,8000
19-07-2020,Item-29,Bubur Bayi,8,8000
13-07-2020,Item-29,Bubur Bayi,18,8000
5-07-2020,Item-29,Bubur Bayi,18,8000
25-07-2020,Item-29,Bubur Bayi,16,8000
25-07-2020,Item-29,Bubur Bayi,18,8000
7-07-2020,Item-29,Bubur Bayi,12,8000
26-07-2020,Item-29,Bubur Bayi,19,8000
5-07-2020,Item-29,Bubur Bayi,20,8000
22-07-2020,Item-29,Bubur Bayi,12,8000
15-07-2020,Item-29,Bubur Bayi,2,8000
18-07-2020,Item-29,Bubur Bayi,8,8000
27-07-2020,Item-29,Bubur Bayi,5,8000
9-07-2020,Item-29,Bubur Bayi,20,8000
18-07-2020,Item-29,Bubur Bayi,4,8000
30-07-2020,Item-29,Bubur Bayi,3,8000
2-07-2020,Item-29,Bubur Bayi,2,8000
7-07-2020,Item-29,Bubur Bayi,11,8000
5-07-2020,Item-29,Bubur Bayi,19,8000
14-07-2020,Item-30,Kosmetik Wanita,19,8000
13-07-2020,Item-30,Kosmetik Wanita,19,8000
12-07-2020,Item-30,Kosmetik Wanita,9,8000
19-07-2020,Item-30,Kosmetik Wanita,15,8000
13-07-2020,Item-30,Kosmetik Wanita,9,8000
28-07-2020,Item-30,Kosmetik Wanita,9,8000
8-07-2020,Item-30,Kosmetik Wanita,8,8000
17-07-2020,Item-30,Kosmetik Wanita,9,8000
30-07-2020,Item-30,Kosmetik Wanita,15,8000
16-07-2020,Item-30,Kosmetik Wanita,8,8000
10-07-2020,Item-30,Kosmetik Wanita,9,8000
11-07-2020,Item-30,Kosmetik Wanita,16,8000
11-07-2020,Item-30,Kosmetik Wanita,15,8000
27-07-2020,Item-30,Kosmetik Wanita,17,8000
28-07-2020,Item-30,Kosmetik Wanita,8,8000
3-07-2020,Item-30,Kosmetik Wanita,10,8000
12-07-2020,Item-30,Kosmetik Wanita,19,8000
26-07-2020,Item-30,Kosmetik Wanita,8,8000
16-07-2020,Item-30,Kosmetik Wanita,12,8000
28-07-2020,Item-30,Kosmetik Wanita,9,8000
28-07-2020,Item-31,Body Lotion Botol,13,12000
7-07-2020,Item-31,Body Lotion Botol,11,12000
28-07-2020,Item-31,Body Lotion Botol,14,12000
6-07-2020,Item-31,Body Lotion Botol,16,12000
30-07-2020,Item-31,Body Lotion Botol,18,12000
7-07-2020,Item-31,Body Lotion Botol,4,12000
14-07-2020,Item-31,Body Lotion Botol,10,12000
27-07-2020,Item-31,Body Lotion Botol,20,12000
14-07-2020,Item-31,Body Lotion Botol,2,12000
30-07-2020,Item-31,Body Lotion Botol,16,12000
7-07-2020,Item-31,Body Lotion Botol,12,12000
18-07-2020,Item-31,Body Lotion Botol,12,12000
20-07-2020,Item-31,Body Lotion Botol,7,12000
19-07-2020,Item-31,Body Lotion Botol,9,12000
23-07-2020,Item-31,Body Lotion Botol,5,12000
8-07-2020,Item-31,Body Lotion Botol,8,12000
11-07-2020,Item-31,Body Lotion Botol,13,12000
22-07-2020,Item-31,Body Lotion Botol,10,12000
17-07-2020,Item-31,Body Lotion Botol,4,12000
10-07-2020,Item-31,Body Lotion Botol,9,12000
27-07-2020,Item-31,Body Lotion Botol,14,12000
6-07-2020,Item-31,Body Lotion Botol,3,12000
25-07-2020,Item-31,Body Lotion Botol,8,12000
28-07-2020,Item-31,Body Lotion Botol,18,12000
7-07-2020,Item-31,Body Lotion Botol,20,12000
18-07-2020,Item-31,Body Lotion Botol,8,12000
30-07-2020,Item-31,Body Lotion Botol,14,12000
21-07-2020,Item-31,Body Lotion Botol,6,12000
23-07-2020,Item-32,Biscuit,14,10000
24-07-2020,Item-32,Biscuit,1,10000
21-07-2020,Item-32,Biscuit,11,10000
29-07-2020,Item-32,Biscuit,12,10000
21-07-2020,Item-18,Telur Ayam Negeri,1,1700
8-07-2020,Item-18,Telur Ayam Negeri,2,1700
14-07-2020,Item-18,Telur Ayam Negeri,3,1700
14-07-2020,Item-18,Telur Ayam Negeri,4,1700
24-07-2020,Item-18,Telur Ayam Negeri,5,1700
21-07-2020,Item-18,Telur Ayam Negeri,1,1700
12-07-2020,Item-18,Telur Ayam Negeri,2,1700
6-07-2020,Item-18,Telur Ayam Negeri,3,1700
13-07-2020,Item-18,Telur Ayam Negeri,4,1700
6-07-2020,Item-18,Telur Ayam Negeri,5,1700
20-07-2020,Item-18,Telur Ayam Negeri,6,1700
26-07-2020,Item-14,Teh Celup Melati,4,7800
24-07-2020,Item-14,Teh Celup Melati,5,7800
3-07-2020,Item-14,Teh Celup Melati,10,7800
21-07-2020,Item-14,Teh Celup Melati,7,7800
29-07-2020,Item-14,Teh Celup Melati,5,7800
11-07-2020,Item-33,Es Cream,20,5000
25-07-2020,Item-33,Es Cream,14,5000
21-07-2020,Item-33,Es Cream,17,5000
7-07-2020,Item-33,Es Cream,5,5000
1-07-2020,Item-33,Es Cream,13,5000
7-07-2020,Item-33,Es Cream,1,5000
10-07-2020,Item-33,Es Cream,8,5000
24-07-2020,Item-33,Es Cream,5,5000
9-07-2020,Item-33,Es Cream,12,5000
12-07-2020,Item-33,Es Cream,12,5000
4-07-2020,Item-33,Es Cream,11,5000
7-07-2020,Item-33,Es Cream,2,5000
30-07-2020,Item-33,Es Cream,19,5000
27-07-2020,Item-33,Es Cream,10,5000
15-07-2020,Item-33,Es Cream,10,5000
15-07-2020,Item-33,Es Cream,6,5000
30-07-2020,Item-33,Es Cream,7,5000
1-07-2020,Item-33,Es Cream,13,5000
13-07-2020,Item-33,Es Cream,7,5000
6-07-2020,Item-33,Es Cream,15,5000
20-07-2020,Item-33,Es Cream,12,5000
29-07-2020,Item-33,Es Cream,8,5000
10-07-2020,Item-33,Es Cream,6,5000
14-07-2020,Item-33,Es Cream,9,5000
16-07-2020,Item-34,Sirup Botol,14,12000
15-07-2020,Item-34,Sirup Botol,10,12000
4-07-2020,Item-34,Sirup Botol,6,12000
17-07-2020,Item-34,Sirup Botol,10,12000
24-07-2020,Item-34,Sirup Botol,5,12000
5-07-2020,Item-34,Sirup Botol,8,12000
21-07-2020,Item-34,Sirup Botol,15,12000
25-07-2020,Item-34,Sirup Botol,12,12000
20-07-2020,Item-34,Sirup Botol,17,12000
8-07-2020,Item-34,Sirup Botol,5,12000
16-07-2020,Item-34,Sirup Botol,15,12000
29-07-2020,Item-34,Sirup Botol,6,12000
25-01-2020,Item-21,Shampoo Sachet,3,1000
18-01-2020,Item-21,Shampoo Sachet,2,1000
30-01-2020,Item-04,Kopi Instant,1,5200
29-01-2020,Item-21,Shampoo Sachet,1,1000
30-01-2020,Item-21,Shampoo Sachet,4,1000
30-01-2020,Item-21,Shampoo Sachet,1,1000
22-01-2020,Item-21,Shampoo Sachet,2,1000
10-01-2020,Item-21,Shampoo Sachet,4,1000
27-01-2020,Item-21,Shampoo Sachet,4,1000
29-01-2020,Item-21,Shampoo Sachet,1,1000
18-01-2020,Item-21,Shampoo Sachet,2,1000
16-01-2020,Item-21,Shampoo Sachet,4,1000
11-01-2020,Item-21,Shampoo Sachet,3,1000
15-01-2020,Item-21,Shampoo Sachet,1,1000
30-01-2020,Item-20,Pampers Bayi Size M,1,41000
12-01-2020,Item-20,Pampers Bayi Size M,4,41000
11-01-2020,Item-20,Pampers Bayi Size M,2,41000
28-01-2020,Item-20,Pampers Bayi Size M,3,41000
19-01-2020,Item-20,Pampers Bayi Size M,3,41000
11-01-2020,Item-20,Pampers Bayi Size M,2,41000
23-01-2020,Item-20,Pampers Bayi Size M,2,41000
15-01-2020,Item-20,Pampers Bayi Size M,4,41000
10-01-2020,Item-20,Pampers Bayi Size M,1,41000
25-01-2020,Item-20,Pampers Bayi Size M,4,41000
17-01-2020,Item-20,Pampers Bayi Size M,3,41000
14-01-2020,Item-20,Pampers Bayi Size M,2,41000
13-01-2020,Item-20,Pampers Bayi Size M,2,41000
27-01-2020,Item-20,Pampers Bayi Size M,4,41000
17-01-2020,Item-20,Pampers Bayi Size M,1,41000
18-01-2020,Item-20,Pampers Bayi Size M,1,41000
16-01-2020,Item-20,Pampers Bayi Size M,4,41000
26-01-2020,Item-20,Pampers Bayi Size M,4,41000
21-01-2020,Item-20,Pampers Bayi Size M,1,41000
22-01-2020,Item-20,Pampers Bayi Size M,2,41000
14-01-2020,Item-20,Pampers Bayi Size M,1,41000
19-01-2020,Item-20,Pampers Bayi Size M,1,41000
27-01-2020,Item-20,Pampers Bayi Size M,2,41000
16-01-2020,Item-20,Pampers Bayi Size M,1,41000
23-01-2020,Item-20,Pampers Bayi Size M,1,41000
10-01-2020,Item-20,Pampers Bayi Size M,2,41000
14-01-2020,Item-20,Pampers Bayi Size M,4,41000
23-01-2020,Item-20,Pampers Bayi Size M,3,41000
17-01-2020,Item-20,Pampers Bayi Size M,2,41000
15-01-2020,Item-20,Pampers Bayi Size M,4,41000
25-01-2020,Item-20,Pampers Bayi Size M,3,41000
26-01-2020,Item-20,Pampers Bayi Size M,1,41000
17-01-2020,Item-20,Pampers Bayi Size M,4,41000
19-01-2020,Item-20,Pampers Bayi Size M,2,41000
18-01-2020,Item-20,Pampers Bayi Size M,4,41000
22-01-2020,Item-20,Pampers Bayi Size M,3,41000
11-01-2020,Item-20,Pampers Bayi Size M,3,41000
25-01-2020,Item-20,Pampers Bayi Size M,1,41000
18-01-2020,Item-20,Pampers Bayi Size M,2,41000
11-01-2020,Item-20,Pampers Bayi Size M,2,41000
30-01-2020,Item-20,Pampers Bayi Size M,4,41000
22-01-2020,Item-20,Pampers Bayi Size M,1,41000
21-01-2020,Item-20,Pampers Bayi Size M,2,41000
21-01-2020,Item-20,Pampers Bayi Size M,2,41000
14-01-2020,Item-20,Pampers Bayi Size M,2,41000
23-01-2020,Item-20,Pampers Bayi Size M,2,41000
14-01-2020,Item-20,Pampers Bayi Size M,2,41000
11-01-2020,Item-20,Pampers Bayi Size M,2,41000
18-01-2020,Item-20,Pampers Bayi Size M,1,41000
13-01-2020,Item-20,Pampers Bayi Size M,1,41000
13-01-2020,Item-20,Pampers Bayi Size M,1,41000
24-01-2020,Item-20,Pampers Bayi Size M,2,41000
18-01-2020,Item-20,Pampers Bayi Size M,1,41000
28-01-2020,Item-20,Pampers Bayi Size M,3,41000
27-01-2020,Item-20,Pampers Bayi Size M,4,41000
22-01-2020,Item-20,Pampers Bayi Size M,3,41000
21-01-2020,Item-20,Pampers Bayi Size M,2,41000
30-01-2020,Item-20,Pampers Bayi Size M,3,41000
19-01-2020,Item-20,Pampers Bayi Size M,3,41000
21-01-2020,Item-20,Pampers Bayi Size M,4,41000
27-01-2020,Item-20,Pampers Bayi Size M,4,41000
12-01-2020,Item-20,Pampers Bayi Size M,2,41000
29-01-2020,Item-20,Pampers Bayi Size M,4,41000
25-01-2020,Item-08,Vitamin C,1,2000
21-01-2020,Item-08,Vitamin C,1,2000
15-01-2020,Item-08,Vitamin C,3,2000
12-01-2020,Item-10,Biskuit Waver Kaleng,1,24000
25-01-2020,Item-10,Biskuit Waver Kaleng,3,24000
11-01-2020,Item-11,Sabun Cuci Piring,4,14000
13-01-2020,Item-11,Sabun Cuci Piring,3,14000
14-01-2020,Item-10,Biskuit Waver Kaleng,4,24000
26-01-2020,Item-11,Sabun Cuci Piring,4,14000
27-01-2020,Item-10,Biskuit Waver Kaleng,4,24000
25-01-2020,Item-11,Sabun Cuci Piring,1,14000
22-01-2020,Item-09,Roti Tawar,4,12500
26-01-2020,Item-09,Roti Tawar,1,12500
15-01-2020,Item-10,Biskuit Waver Kaleng,4,24000
21-01-2020,Item-09,Roti Tawar,4,12500
19-01-2020,Item-10,Biskuit Waver Kaleng,3,24000
20-01-2020,Item-10,Biskuit Waver Kaleng,1,24000
19-01-2020,Item-20,Pampers Bayi Size M,2,41000
27-01-2020,Item-20,Pampers Bayi Size M,3,41000
17-01-2020,Item-20,Pampers Bayi Size M,2,41000
11-01-2020,Item-20,Pampers Bayi Size M,3,41000
28-01-2020,Item-20,Pampers Bayi Size M,4,41000
29-01-2020,Item-20,Pampers Bayi Size M,2,41000
23-01-2020,Item-20,Pampers Bayi Size M,3,41000
24-01-2020,Item-20,Pampers Bayi Size M,1,41000
22-01-2020,Item-06,Sabun Mandi Cair 100 ml,4,10500
23-01-2020,Item-01,Batere AA,3,12000
25-01-2020,Item-01,Batere AA,3,12000
24-01-2020,Item-09,Roti Tawar,1,12500
30-01-2020,Item-09,Roti Tawar,4,12500
14-01-2020,Item-09,Roti Tawar,2,12500
12-01-2020,Item-09,Roti Tawar,1,12500
28-01-2020,Item-09,Roti Tawar,3,12500
15-01-2020,Item-09,Roti Tawar,1,12500
18-01-2020,Item-09,Roti Tawar,3,12500
26-01-2020,Item-20,Pampers Bayi Size M,4,41000
17-01-2020,Item-20,Pampers Bayi Size M,4,41000
30-01-2020,Item-20,Pampers Bayi Size M,3,41000
30-01-2020,Item-20,Pampers Bayi Size M,1,41000
21-01-2020,Item-20,Pampers Bayi Size M,2,41000
27-01-2020,Item-20,Pampers Bayi Size M,4,41000
26-01-2020,Item-10,Biskuit Waver Kaleng,4,24000
22-01-2020,Item-10,Biskuit Waver Kaleng,4,24000
16-01-2020,Item-10,Biskuit Waver Kaleng,2,24000
16-01-2020,Item-10,Biskuit Waver Kaleng,2,24000
14-01-2020,Item-10,Biskuit Waver Kaleng,2,24000
29-01-2020,Item-10,Biskuit Waver Kaleng,1,24000
12-01-2020,Item-10,Biskuit Waver Kaleng,1,24000
22-01-2020,Item-10,Biskuit Waver Kaleng,4,24000
29-01-2020,Item-10,Biskuit Waver Kaleng,3,24000
22-01-2020,Item-09,Roti Tawar,1,12500
16-01-2020,Item-09,Roti Tawar,3,12500
10-01-2020,Item-09,Roti Tawar,1,12500
11-01-2020,Item-09,Roti Tawar,4,12500
25-01-2020,Item-09,Roti Tawar,1,12500
30-01-2020,Item-09,Roti Tawar,4,12500
19-01-2020,Item-09,Roti Tawar,4,12500
26-01-2020,Item-09,Roti Tawar,4,12500
18-01-2020,Item-09,Roti Tawar,2,12500
19-01-2020,Item-09,Roti Tawar,1,12500
22-01-2020,Item-09,Roti Tawar,4,12500
26-01-2020,Item-09,Roti Tawar,1,12500
10-01-2020,Item-09,Roti Tawar,4,12500
11-01-2020,Item-09,Roti Tawar,2,12500
11-01-2020,Item-09,Roti Tawar,3,12500
23-01-2020,Item-09,Roti Tawar,1,12500
24-01-2020,Item-20,Pampers Bayi Size M,4,41000
13-01-2020,Item-20,Pampers Bayi Size M,3,41000
12-01-2020,Item-20,Pampers Bayi Size M,2,41000
29-01-2020,Item-06,Sabun Mandi Cair 100 ml,3,10500
30-01-2020,Item-06,Sabun Mandi Cair 100 ml,4,10500
22-01-2020,Item-20,Pampers Bayi Size M,4,41000
30-01-2020,Item-20,Pampers Bayi Size M,1,41000
20-01-2020,Item-20,Pampers Bayi Size M,2,41000
27-01-2020,Item-02,Bawang Putih 200 gram,3,15000
28-01-2020,Item-05,Mi Goreng Instant,2,2600
18-01-2020,Item-05,Mi Goreng Instant,4,2600
11-01-2020,Item-05,Mi Goreng Instant,2,2600
23-01-2020,Item-05,Mi Goreng Instant,3,2600
27-01-2020,Item-05,Mi Goreng Instant,4,2600
11-01-2020,Item-05,Mi Goreng Instant,1,2600
23-01-2020,Item-05,Mi Goreng Instant,4,2600
21-01-2020,Item-05,Mi Goreng Instant,1,2600
29-01-2020,Item-05,Mi Goreng Instant,2,2600
15-01-2020,Item-05,Mi Goreng Instant,2,2600
19-01-2020,Item-05,Mi Goreng Instant,2,2600
30-01-2020,Item-05,Mi Goreng Instant,1,2600
30-01-2020,Item-05,Mi Goreng Instant,1,2600
22-01-2020,Item-06,Sabun Mandi Cair 100 ml,2,10500
26-01-2020,Item-06,Sabun Mandi Cair 100 ml,2,10500
19-01-2020,Item-06,Sabun Mandi Cair 100 ml,1,10500
17-01-2020,Item-06,Sabun Mandi Cair 100 ml,3,10500
15-01-2020,Item-06,Sabun Mandi Cair 100 ml,2,10500
18-01-2020,Item-06,Sabun Mandi Cair 100 ml,2,10500
25-01-2020,Item-06,Sabun Mandi Cair 100 ml,4,10500
16-01-2020,Item-06,Sabun Mandi Cair 100 ml,1,10500
21-01-2020,Item-01,Batere AA,3,12000
11-01-2020,Item-01,Batere AA,2,12000
22-01-2020,Item-01,Batere AA,1,12000
18-01-2020,Item-01,Batere AA,2,12000
24-01-2020,Item-01,Batere AA,3,12000
13-01-2020,Item-01,Batere AA,1,12000
30-01-2020,Item-04,Kopi Instant,4,5200
22-01-2020,Item-04,Kopi Instant,2,5200
12-01-2020,Item-04,Kopi Instant,3,5200
29-01-2020,Item-04,Kopi Instant,3,5200
20-01-2020,Item-04,Kopi Instant,2,5200
22-01-2020,Item-04,Kopi Instant,2,5200
13-01-2020,Item-04,Kopi Instant,4,5200
22-01-2020,Item-04,Kopi Instant,1,5200
23-01-2020,Item-04,Kopi Instant,4,5200
29-01-2020,Item-04,Kopi Instant,3,5200
11-01-2020,Item-04,Kopi Instant,2,5200
15-01-2020,Item-04,Kopi Instant,2,5200
15-01-2020,Item-04,Kopi Instant,4,5200
11-01-2020,Item-04,Kopi Instant,1,5200
30-01-2020,Item-04,Kopi Instant,1,5200
22-01-2020,Item-04,Kopi Instant,4,5200
22-01-2020,Item-03,Gula Pasir Putih 1 kg,4,12500
23-01-2020,Item-03,Gula Pasir Putih 1 kg,4,12500
16-01-2020,Item-03,Gula Pasir Putih 1 kg,1,12500
29-01-2020,Item-03,Gula Pasir Putih 1 kg,1,12500
14-01-2020,Item-08,Vitamin C,4,2000
28-01-2020,Item-08,Vitamin C,2,2000
21-01-2020,Item-03,Gula Pasir Putih 1 kg,3,12500
21-01-2020,Item-08,Vitamin C,1,2000
30-01-2020,Item-03,Gula Pasir Putih 1 kg,1,12500
17-01-2020,Item-08,Vitamin C,4,2000
28-01-2020,Item-08,Vitamin C,3,2000
26-01-2020,Item-03,Gula Pasir Putih 1 kg,1,12500
24-01-2020,Item-08,Vitamin C,1,2000
26-01-2020,Item-03,Gula Pasir Putih 1 kg,3,12500
13-01-2020,Item-08,Vitamin C,4,2000
12-01-2020,Item-03,Gula Pasir Putih 1 kg,3,12500
13-01-2020,Item-08,Vitamin C,3,2000
26-01-2020,Item-08,Vitamin C,1,2000
10-01-2020,Item-03,Gula Pasir Putih 1 kg,3,12500
19-01-2020,Item-20,Pampers Bayi Size M,3,41000
10-01-2020,Item-03,Gula Pasir Putih 1 kg,3,12500
27-01-2020,Item-03,Gula Pasir Putih 1 kg,2,12500
12-01-2020,Item-03,Gula Pasir Putih 1 kg,3,12500
28-01-2020,Item-03,Gula Pasir Putih 1 kg,4,12500
23-01-2020,Item-20,Pampers Bayi Size M,1,41000
19-01-2020,Item-03,Gula Pasir Putih 1 kg,3,12500
29-01-2020,Item-03,Gula Pasir Putih 1 kg,2,12500
11-01-2020,Item-20,Pampers Bayi Size M,2,41000
24-01-2020,Item-03,Gula Pasir Putih 1 kg,2,12500
26-01-2020,Item-03,Gula Pasir Putih 1 kg,4,12500
20-01-2020,Item-20,Pampers Bayi Size M,3,41000
21-01-2020,Item-03,Gula Pasir Putih 1 kg,3,12500
21-01-2020,Item-03,Gula Pasir Putih 1 kg,3,12500
15-01-2020,Item-20,Pampers Bayi Size M,2,41000
22-01-2020,Item-03,Gula Pasir Putih 1 kg,1,12500
28-01-2020,Item-06,Sabun Mandi Cair 100 ml,2,10500
10-01-2020,Item-20,Pampers Bayi Size M,1,41000
14-01-2020,Item-06,Sabun Mandi Cair 100 ml,3,10500
14-01-2020,Item-05,Mi Goreng Instant,1,2600
17-01-2020,Item-05,Mi Goreng Instant,2,2600
11-01-2020,Item-05,Mi Goreng Instant,1,2600
24-01-2020,Item-05,Mi Goreng Instant,1,2600
15-01-2020,Item-05,Mi Goreng Instant,3,2600
15-01-2020,Item-05,Mi Goreng Instant,3,2600
14-01-2020,Item-05,Mi Goreng Instant,2,2600
30-01-2020,Item-05,Mi Goreng Instant,1,2600
21-01-2020,Item-05,Mi Goreng Instant,4,2600
23-01-2020,Item-05,Mi Goreng Instant,1,2600
15-01-2020,Item-05,Mi Goreng Instant,4,2600
12-01-2020,Item-05,Mi Goreng Instant,4,2600
30-01-2020,Item-05,Mi Goreng Instant,2,2600
21-01-2020,Item-05,Mi Goreng Instant,4,2600
30-01-2020,Item-05,Mi Goreng Instant,1,2600
18-01-2020,Item-05,Mi Goreng Instant,3,2600
18-01-2020,Item-05,Mi Goreng Instant,2,2600
24-01-2020,Item-06,Sabun Mandi Cair 100 ml,1,10500
21-01-2020,Item-06,Sabun Mandi Cair 100 ml,4,10500
17-01-2020,Item-06,Sabun Mandi Cair 100 ml,3,10500
30-01-2020,Item-06,Sabun Mandi Cair 100 ml,2,10500
12-01-2020,Item-06,Sabun Mandi Cair 100 ml,1,10500
29-01-2020,Item-06,Sabun Mandi Cair 100 ml,1,10500
23-01-2020,Item-06,Sabun Mandi Cair 100 ml,4,10500
12-01-2020,Item-06,Sabun Mandi Cair 100 ml,2,10500
20-01-2020,Item-06,Sabun Mandi Cair 100 ml,4,10500
21-01-2020,Item-06,Sabun Mandi Cair 100 ml,4,10500
25-01-2020,Item-06,Sabun Mandi Cair 100 ml,1,10500
25-01-2020,Item-06,Sabun Mandi Cair 100 ml,1,10500
26-01-2020,Item-06,Sabun Mandi Cair 100 ml,1,10500
23-01-2020,Item-06,Sabun Mandi Cair 100 ml,4,10500
30-01-2020,Item-01,Batere AA,2,12000
25-01-2020,Item-01,Batere AA,4,12000
25-01-2020,Item-01,Batere AA,2,12000
14-01-2020,Item-01,Batere AA,4,12000
11-01-2020,Item-01,Batere AA,3,12000
11-01-2020,Item-01,Batere AA,1,12000
30-01-2020,Item-01,Batere AA,4,12000
10-01-2020,Item-01,Batere AA,4,12000
19-01-2020,Item-04,Kopi Instant,4,5200
15-01-2020,Item-04,Kopi Instant,1,5200
26-01-2020,Item-04,Kopi Instant,2,5200
18-01-2020,Item-04,Kopi Instant,1,5200
13-01-2020,Item-04,Kopi Instant,1,5200
24-01-2020,Item-04,Kopi Instant,2,5200
21-01-2020,Item-04,Kopi Instant,1,5200
12-01-2020,Item-03,Gula Pasir Putih 1 kg,2,12500
16-01-2020,Item-03,Gula Pasir Putih 1 kg,1,12500
21-01-2020,Item-03,Gula Pasir Putih 1 kg,2,12500
20-01-2020,Item-03,Gula Pasir Putih 1 kg,3,12500
26-01-2020,Item-03,Gula Pasir Putih 1 kg,4,12500
29-01-2020,Item-03,Gula Pasir Putih 1 kg,2,12500
12-01-2020,Item-03,Gula Pasir Putih 1 kg,2,12500
26-01-2020,Item-08,Vitamin C,3,2000
28-01-2020,Item-03,Gula Pasir Putih 1 kg,3,12500
19-01-2020,Item-09,Roti Tawar,2,12500
21-01-2020,Item-09,Roti Tawar,2,12500
29-01-2020,Item-03,Gula Pasir Putih 1 kg,4,12500
30-01-2020,Item-09,Roti Tawar,2,12500
12-01-2020,Item-09,Roti Tawar,1,12500
19-01-2020,Item-03,Gula Pasir Putih 1 kg,1,12500
18-01-2020,Item-09,Roti Tawar,2,12500
21-01-2020,Item-03,Gula Pasir Putih 1 kg,1,12500
27-01-2020,Item-03,Gula Pasir Putih 1 kg,2,12500
24-01-2020,Item-03,Gula Pasir Putih 1 kg,1,12500
23-01-2020,Item-03,Gula Pasir Putih 1 kg,1,12500
16-01-2020,Item-03,Gula Pasir Putih 1 kg,1,12500
26-01-2020,Item-03,Gula Pasir Putih 1 kg,3,12500
10-01-2020,Item-03,Gula Pasir Putih 1 kg,1,12500
11-01-2020,Item-03,Gula Pasir Putih 1 kg,3,12500
28-01-2020,Item-03,Gula Pasir Putih 1 kg,2,12500
19-01-2020,Item-03,Gula Pasir Putih 1 kg,3,12500
25-01-2020,Item-03,Gula Pasir Putih 1 kg,2,12500
15-01-2020,Item-03,Gula Pasir Putih 1 kg,1,12500
17-01-2020,Item-03,Gula Pasir Putih 1 kg,3,12500
30-01-2020,Item-06,Sabun Mandi Cair 100 ml,4,10500
30-01-2020,Item-06,Sabun Mandi Cair 100 ml,2,10500
11-01-2020,Item-21,Shampoo Sachet,3,1000
11-01-2020,Item-21,Shampoo Sachet,2,1000
21-01-2020,Item-05,Mi Goreng Instant,2,2600
16-01-2020,Item-05,Mi Goreng Instant,4,2600
11-01-2020,Item-05,Mi Goreng Instant,1,2600
11-01-2020,Item-05,Mi Goreng Instant,1,2600
29-01-2020,Item-05,Mi Goreng Instant,4,2600
30-01-2020,Item-05,Mi Goreng Instant,1,2600
25-01-2020,Item-05,Mi Goreng Instant,2,2600
28-01-2020,Item-05,Mi Goreng Instant,3,2600
28-01-2020,Item-05,Mi Goreng Instant,3,2600
11-01-2020,Item-05,Mi Goreng Instant,1,2600
26-01-2020,Item-05,Mi Goreng Instant,4,2600
25-01-2020,Item-06,Sabun Mandi Cair 100 ml,3,10500
13-01-2020,Item-06,Sabun Mandi Cair 100 ml,2,10500
28-01-2020,Item-06,Sabun Mandi Cair 100 ml,4,10500
28-01-2020,Item-06,Sabun Mandi Cair 100 ml,2,10500
19-01-2020,Item-06,Sabun Mandi Cair 100 ml,2,10500
20-01-2020,Item-06,Sabun Mandi Cair 100 ml,1,10500
15-01-2020,Item-06,Sabun Mandi Cair 100 ml,3,10500
20-01-2020,Item-06,Sabun Mandi Cair 100 ml,4,10500
15-01-2020,Item-06,Sabun Mandi Cair 100 ml,1,10500
30-01-2020,Item-06,Sabun Mandi Cair 100 ml,2,10500
29-01-2020,Item-06,Sabun Mandi Cair 100 ml,4,10500
12-01-2020,Item-06,Sabun Mandi Cair 100 ml,3,10500
14-01-2020,Item-06,Sabun Mandi Cair 100 ml,2,10500
17-01-2020,Item-06,Sabun Mandi Cair 100 ml,1,10500
24-01-2020,Item-06,Sabun Mandi Cair 100 ml,1,10500
15-01-2020,Item-06,Sabun Mandi Cair 100 ml,4,10500
13-01-2020,Item-06,Sabun Mandi Cair 100 ml,4,10500
30-01-2020,Item-01,Batere AA,1,12000
20-01-2020,Item-01,Batere AA,4,12000
15-01-2020,Item-01,Batere AA,2,12000
16-01-2020,Item-01,Batere AA,2,12000
14-01-2020,Item-01,Batere AA,3,12000
14-01-2020,Item-01,Batere AA,2,12000
29-01-2020,Item-01,Batere AA,3,12000
12-01-2020,Item-01,Batere AA,2,12000
30-01-2020,Item-04,Kopi Instant,1,5200
17-01-2020,Item-04,Kopi Instant,2,5200
14-01-2020,Item-04,Kopi Instant,4,5200
27-01-2020,Item-04,Kopi Instant,3,5200
24-01-2020,Item-04,Kopi Instant,2,5200
28-01-2020,Item-04,Kopi Instant,4,5200
16-01-2020,Item-04,Kopi Instant,3,5200
20-01-2020,Item-21,Shampoo Sachet,3,1000
28-01-2020,Item-03,Gula Pasir Putih 1 kg,3,12500
21-01-2020,Item-03,Gula Pasir Putih 1 kg,3,12500
12-01-2020,Item-03,Gula Pasir Putih 1 kg,2,12500
17-01-2020,Item-03,Gula Pasir Putih 1 kg,2,12500
15-01-2020,Item-03,Gula Pasir Putih 1 kg,4,12500
25-01-2020,Item-03,Gula Pasir Putih 1 kg,2,12500
13-01-2020,Item-03,Gula Pasir Putih 1 kg,3,12500
24-01-2020,Item-03,Gula Pasir Putih 1 kg,3,12500
13-01-2020,Item-03,Gula Pasir Putih 1 kg,3,12500
12-01-2020,Item-03,Gula Pasir Putih 1 kg,2,12500
24-01-2020,Item-03,Gula Pasir Putih 1 kg,2,12500
20-01-2020,Item-03,Gula Pasir Putih 1 kg,1,12500
22-01-2020,Item-03,Gula Pasir Putih 1 kg,3,12500
13-01-2020,Item-03,Gula Pasir Putih 1 kg,2,12500
26-01-2020,Item-03,Gula Pasir Putih 1 kg,1,12500
18-01-2020,Item-03,Gula Pasir Putih 1 kg,2,12500
11-01-2020,Item-03,Gula Pasir Putih 1 kg,2,12500
29-01-2020,Item-03,Gula Pasir Putih 1 kg,4,12500
19-01-2020,Item-03,Gula Pasir Putih 1 kg,3,12500
28-01-2020,Item-03,Gula Pasir Putih 1 kg,1,12500
30-01-2020,Item-08,Vitamin C,3,2000
12-01-2020,Item-03,Gula Pasir Putih 1 kg,1,12500
25-01-2020,Item-03,Gula Pasir Putih 1 kg,4,12500
28-01-2020,Item-08,Vitamin C,3,2000
16-01-2020,Item-03,Gula Pasir Putih 1 kg,1,12500
24-01-2020,Item-08,Vitamin C,3,2000
20-01-2020,Item-03,Gula Pasir Putih 1 kg,2,12500
22-01-2020,Item-08,Vitamin C,1,2000
15-01-2020,Item-03,Gula Pasir Putih 1 kg,3,12500
12-01-2020,Item-03,Gula Pasir Putih 1 kg,1,12500
16-01-2020,Item-03,Gula Pasir Putih 1 kg,3,12500
18-01-2020,Item-06,Sabun Mandi Cair 100 ml,2,10500
10-01-2020,Item-06,Sabun Mandi Cair 100 ml,1,10500
20-01-2020,Item-02,Bawang Putih 200 gram,3,15000
18-01-2020,Item-05,Mi Goreng Instant,2,2600
22-01-2020,Item-05,Mi Goreng Instant,3,2600
18-01-2020,Item-05,Mi Goreng Instant,2,2600
16-01-2020,Item-05,Mi Goreng Instant,4,2600
23-01-2020,Item-05,Mi Goreng Instant,4,2600
16-01-2020,Item-05,Mi Goreng Instant,4,2600
18-01-2020,Item-05,Mi Goreng Instant,2,2600
14-01-2020,Item-05,Mi Goreng Instant,2,2600
18-01-2020,Item-05,Mi Goreng Instant,3,2600
30-01-2020,Item-05,Mi Goreng Instant,4,2600
23-01-2020,Item-05,Mi Goreng Instant,4,2600
11-01-2020,Item-05,Mi Goreng Instant,1,2600
25-01-2020,Item-05,Mi Goreng Instant,1,2600
30-01-2020,Item-05,Mi Goreng Instant,4,2600
27-01-2020,Item-05,Mi Goreng Instant,2,2600
29-01-2020,Item-06,Sabun Mandi Cair 100 ml,2,10500
30-01-2020,Item-06,Sabun Mandi Cair 100 ml,2,10500
24-01-2020,Item-06,Sabun Mandi Cair 100 ml,2,10500
30-01-2020,Item-06,Sabun Mandi Cair 100 ml,3,10500
13-01-2020,Item-06,Sabun Mandi Cair 100 ml,1,10500
23-01-2020,Item-06,Sabun Mandi Cair 100 ml,2,10500
23-01-2020,Item-06,Sabun Mandi Cair 100 ml,4,10500
26-01-2020,Item-01,Batere AA,3,12000
22-01-2020,Item-01,Batere AA,4,12000
30-01-2020,Item-01,Batere AA,1,12000
28-01-2020,Item-01,Batere AA,1,12000
29-01-2020,Item-01,Batere AA,1,12000
29-01-2020,Item-01,Batere AA,3,12000
19-01-2020,Item-01,Batere AA,1,12000
11-01-2020,Item-04,Kopi Instant,1,5200
20-01-2020,Item-04,Kopi Instant,4,5200
30-01-2020,Item-04,Kopi Instant,2,5200
27-01-2020,Item-04,Kopi Instant,4,5200
11-01-2020,Item-04,Kopi Instant,3,5200
14-01-2020,Item-04,Kopi Instant,3,5200
22-01-2020,Item-04,Kopi Instant,1,5200
22-01-2020,Item-04,Kopi Instant,2,5200
19-01-2020,Item-04,Kopi Instant,2,5200
10-01-2020,Item-04,Kopi Instant,4,5200
13-01-2020,Item-04,Kopi Instant,1,5200
19-01-2020,Item-04,Kopi Instant,2,5200
18-01-2020,Item-04,Kopi Instant,2,5200
17-01-2020,Item-04,Kopi Instant,2,5200
25-01-2020,Item-04,Kopi Instant,2,5200
13-01-2020,Item-04,Kopi Instant,2,5200
26-01-2020,Item-04,Kopi Instant,2,5200
10-01-2020,Item-04,Kopi Instant,1,5200
13-01-2020,Item-04,Kopi Instant,1,5200
10-01-2020,Item-03,Gula Pasir Putih 1 kg,1,12500
28-01-2020,Item-03,Gula Pasir Putih 1 kg,4,12500
21-01-2020,Item-03,Gula Pasir Putih 1 kg,1,12500
14-01-2020,Item-03,Gula Pasir Putih 1 kg,1,12500
28-01-2020,Item-03,Gula Pasir Putih 1 kg,1,12500
24-01-2020,Item-03,Gula Pasir Putih 1 kg,3,12500
30-01-2020,Item-03,Gula Pasir Putih 1 kg,2,12500
26-01-2020,Item-03,Gula Pasir Putih 1 kg,2,12500
11-01-2020,Item-03,Gula Pasir Putih 1 kg,2,12500
27-01-2020,Item-03,Gula Pasir Putih 1 kg,3,12500
10-01-2020,Item-03,Gula Pasir Putih 1 kg,4,12500
19-01-2020,Item-03,Gula Pasir Putih 1 kg,1,12500
18-01-2020,Item-03,Gula Pasir Putih 1 kg,3,12500
27-01-2020,Item-03,Gula Pasir Putih 1 kg,4,12500
22-01-2020,Item-03,Gula Pasir Putih 1 kg,3,12500
16-01-2020,Item-04,Kopi Instant,3,5200
23-01-2020,Item-03,Gula Pasir Putih 1 kg,3,12500
22-01-2020,Item-03,Gula Pasir Putih 1 kg,3,12500
10-01-2020,Item-03,Gula Pasir Putih 1 kg,2,12500
22-01-2020,Item-03,Gula Pasir Putih 1 kg,4,12500
21-01-2020,Item-03,Gula Pasir Putih 1 kg,2,12500
24-01-2020,Item-03,Gula Pasir Putih 1 kg,4,12500
18-01-2020,Item-03,Gula Pasir Putih 1 kg,2,12500
25-01-2020,Item-03,Gula Pasir Putih 1 kg,3,12500
29-01-2020,Item-06,Sabun Mandi Cair 100 ml,2,10500
28-01-2020,Item-06,Sabun Mandi Cair 100 ml,4,10500
17-01-2020,Item-06,Sabun Mandi Cair 100 ml,1,10500
26-01-2020,Item-06,Sabun Mandi Cair 100 ml,1,10500
26-01-2020,Item-06,Sabun Mandi Cair 100 ml,1,10500
17-01-2020,Item-06,Sabun Mandi Cair 100 ml,2,10500
20-01-2020,Item-06,Sabun Mandi Cair 100 ml,4,10500
29-01-2020,Item-06,Sabun Mandi Cair 100 ml,3,10500
19-01-2020,Item-02,Bawang Putih 200 gram,2,15000
24-01-2020,Item-05,Mi Goreng Instant,2,2600
30-01-2020,Item-05,Mi Goreng Instant,1,2600
25-01-2020,Item-05,Mi Goreng Instant,1,2600
16-01-2020,Item-05,Mi Goreng Instant,1,2600
11-01-2020,Item-05,Mi Goreng Instant,3,2600
28-01-2020,Item-05,Mi Goreng Instant,2,2600
28-01-2020,Item-05,Mi Goreng Instant,1,2600
23-01-2020,Item-05,Mi Goreng Instant,3,2600
11-01-2020,Item-05,Mi Goreng Instant,3,2600
25-01-2020,Item-05,Mi Goreng Instant,2,2600
15-01-2020,Item-06,Sabun Mandi Cair 100 ml,2,10500
11-01-2020,Item-06,Sabun Mandi Cair 100 ml,2,10500
23-01-2020,Item-06,Sabun Mandi Cair 100 ml,4,10500
19-01-2020,Item-06,Sabun Mandi Cair 100 ml,1,10500
13-01-2020,Item-06,Sabun Mandi Cair 100 ml,3,10500
21-01-2020,Item-06,Sabun Mandi Cair 100 ml,3,10500
14-01-2020,Item-06,Sabun Mandi Cair 100 ml,2,10500
29-01-2020,Item-06,Sabun Mandi Cair 100 ml,2,10500
26-01-2020,Item-06,Sabun Mandi Cair 100 ml,3,10500
12-01-2020,Item-06,Sabun Mandi Cair 100 ml,4,10500
15-01-2020,Item-06,Sabun Mandi Cair 100 ml,4,10500
10-01-2020,Item-06,Sabun Mandi Cair 100 ml,1,10500
16-01-2020,Item-01,Batere AA,3,12000
28-01-2020,Item-01,Batere AA,2,12000
12-01-2020,Item-01,Batere AA,1,12000
19-01-2020,Item-04,Kopi Instant,1,5200
17-01-2020,Item-04,Kopi Instant,2,5200
27-01-2020,Item-04,Kopi Instant,1,5200
18-01-2020,Item-04,Kopi Instant,3,5200
20-01-2020,Item-04,Kopi Instant,4,5200
11-01-2020,Item-04,Kopi Instant,3,5200
23-01-2020,Item-04,Kopi Instant,2,5200
21-01-2020,Item-04,Kopi Instant,3,5200
27-01-2020,Item-04,Kopi Instant,3,5200
10-01-2020,Item-04,Kopi Instant,4,5200
24-01-2020,Item-04,Kopi Instant,4,5200
22-01-2020,Item-04,Kopi Instant,2,5200
24-01-2020,Item-04,Kopi Instant,4,5200
20-01-2020,Item-04,Kopi Instant,2,5200
26-01-2020,Item-04,Kopi Instant,3,5200
23-01-2020,Item-04,Kopi Instant,2,5200
14-01-2020,Item-04,Kopi Instant,3,5200
25-01-2020,Item-04,Kopi Instant,4,5200
26-01-2020,Item-04,Kopi Instant,2,5200
23-01-2020,Item-08,Vitamin C,3,2000
15-01-2020,Item-08,Vitamin C,1,2000
23-01-2020,Item-08,Vitamin C,2,2000
10-01-2020,Item-08,Vitamin C,1,2000
27-01-2020,Item-26,Susu Bubuk 195g,7,45000
16-01-2020,Item-26,Susu Bubuk 195g,11,45000
13-01-2020,Item-26,Susu Bubuk 195g,2,45000
18-01-2020,Item-03,Gula Pasir Putih 1 kg,1,12500
17-01-2020,Item-03,Gula Pasir Putih 1 kg,1,12500
23-01-2020,Item-03,Gula Pasir Putih 1 kg,1,12500
10-01-2020,Item-03,Gula Pasir Putih 1 kg,3,12500
11-01-2020,Item-03,Gula Pasir Putih 1 kg,3,12500
18-01-2020,Item-03,Gula Pasir Putih 1 kg,1,12500
25-01-2020,Item-03,Gula Pasir Putih 1 kg,1,12500
11-01-2020,Item-03,Gula Pasir Putih 1 kg,3,12500
14-01-2020,Item-03,Gula Pasir Putih 1 kg,4,12500
15-01-2020,Item-03,Gula Pasir Putih 1 kg,3,12500
10-01-2020,Item-03,Gula Pasir Putih 1 kg,2,12500
14-01-2020,Item-06,Sabun Mandi Cair 100 ml,1,10500
10-01-2020,Item-06,Sabun Mandi Cair 100 ml,4,10500
24-01-2020,Item-06,Sabun Mandi Cair 100 ml,2,10500
15-01-2020,Item-01,Batere AA,4,12000
28-01-2020,Item-01,Batere AA,4,12000
11-01-2020,Item-01,Batere AA,1,12000
11-01-2020,Item-05,Mi Goreng Instant,1,2600
20-01-2020,Item-05,Mi Goreng Instant,2,2600
14-01-2020,Item-05,Mi Goreng Instant,4,2600
14-01-2020,Item-05,Mi Goreng Instant,2,2600
10-01-2020,Item-05,Mi Goreng Instant,2,2600
15-01-2020,Item-05,Mi Goreng Instant,1,2600
23-01-2020,Item-05,Mi Goreng Instant,2,2600
22-01-2020,Item-05,Mi Goreng Instant,2,2600
11-01-2020,Item-05,Mi Goreng Instant,1,2600
15-01-2020,Item-05,Mi Goreng Instant,1,2600
11-01-2020,Item-05,Mi Goreng Instant,4,2600
24-01-2020,Item-01,Batere AA,1,12000
14-01-2020,Item-01,Batere AA,2,12000
15-01-2020,Item-04,Kopi Instant,3,5200
18-01-2020,Item-04,Kopi Instant,1,5200
18-01-2020,Item-04,Kopi Instant,4,5200
28-01-2020,Item-04,Kopi Instant,4,5200
11-01-2020,Item-04,Kopi Instant,3,5200
11-01-2020,Item-04,Kopi Instant,1,5200
16-01-2020,Item-04,Kopi Instant,2,5200
20-01-2020,Item-04,Kopi Instant,4,5200
21-01-2020,Item-04,Kopi Instant,4,5200
27-01-2020,Item-04,Kopi Instant,2,5200
11-01-2020,Item-04,Kopi Instant,4,5200
30-01-2020,Item-04,Kopi Instant,1,5200
30-01-2020,Item-04,Kopi Instant,2,5200
25-01-2020,Item-21,Shampoo Sachet,2,1000
27-01-2020,Item-21,Shampoo Sachet,2,1000
30-01-2020,Item-21,Shampoo Sachet,3,1000
15-01-2020,Item-21,Shampoo Sachet,3,1000
10-01-2020,Item-21,Shampoo Sachet,1,1000
23-01-2020,Item-21,Shampoo Sachet,2,1000
24-01-2020,Item-21,Shampoo Sachet,3,1000
22-01-2020,Item-21,Shampoo Sachet,4,1000
12-01-2020,Item-21,Shampoo Sachet,4,1000
17-01-2020,Item-21,Shampoo Sachet,4,1000
15-01-2020,Item-21,Shampoo Sachet,2,1000
18-01-2020,Item-21,Shampoo Sachet,1,1000
29-01-2020,Item-21,Shampoo Sachet,4,1000
12-01-2020,Item-21,Shampoo Sachet,4,1000
12-01-2020,Item-21,Shampoo Sachet,1,1000
27-01-2020,Item-06,Sabun Mandi Cair 100 ml,3,10500
21-01-2020,Item-06,Sabun Mandi Cair 100 ml,1,10500
28-01-2020,Item-06,Sabun Mandi Cair 100 ml,1,10500
17-01-2020,Item-06,Sabun Mandi Cair 100 ml,2,10500
29-01-2020,Item-06,Sabun Mandi Cair 100 ml,2,10500
13-01-2020,Item-04,Kopi Instant,3,5200
10-01-2020,Item-04,Kopi Instant,1,5200
16-01-2020,Item-04,Kopi Instant,2,5200
14-01-2020,Item-04,Kopi Instant,3,5200
10-01-2020,Item-04,Kopi Instant,2,5200
29-01-2020,Item-04,Kopi Instant,1,5200
18-01-2020,Item-21,Shampoo Sachet,2,1000
11-01-2020,Item-21,Shampoo Sachet,4,1000
11-01-2020,Item-21,Shampoo Sachet,4,1000
23-01-2020,Item-21,Shampoo Sachet,3,1000
18-01-2020,Item-21,Shampoo Sachet,4,1000
15-01-2020,Item-21,Shampoo Sachet,2,1000
28-01-2020,Item-21,Shampoo Sachet,2,1000
25-01-2020,Item-21,Shampoo Sachet,3,1000
22-01-2020,Item-21,Shampoo Sachet,4,1000
13-01-2020,Item-21,Shampoo Sachet,1,1000
12-01-2020,Item-21,Shampoo Sachet,3,1000
17-01-2020,Item-21,Shampoo Sachet,2,1000
21-01-2020,Item-21,Shampoo Sachet,2,1000
20-01-2020,Item-21,Shampoo Sachet,2,1000
14-01-2020,Item-21,Shampoo Sachet,2,1000
21-01-2020,Item-21,Shampoo Sachet,4,1000
19-01-2020,Item-21,Shampoo Sachet,4,1000
22-01-2020,Item-21,Shampoo Sachet,2,1000
20-01-2020,Item-21,Shampoo Sachet,4,1000
27-01-2020,Item-21,Shampoo Sachet,4,1000
12-01-2020,Item-21,Shampoo Sachet,4,1000
17-01-2020,Item-21,Shampoo Sachet,2,1000
28-01-2020,Item-21,Shampoo Sachet,4,1000
30-01-2020,Item-05,Mi Goreng Instant,2,2600
21-01-2020,Item-05,Mi Goreng Instant,2,2600
12-01-2020,Item-05,Mi Goreng Instant,2,2600
27-01-2020,Item-05,Mi Goreng Instant,1,2600
30-01-2020,Item-05,Mi Goreng Instant,3,2600
18-01-2020,Item-05,Mi Goreng Instant,1,2600
13-01-2020,Item-05,Mi Goreng Instant,1,2600
26-01-2020,Item-21,Shampoo Sachet,2,1000
14-01-2020,Item-21,Shampoo Sachet,4,1000
28-01-2020,Item-21,Shampoo Sachet,4,1000
12-01-2020,Item-21,Shampoo Sachet,1,1000
15-01-2020,Item-21,Shampoo Sachet,2,1000
28-01-2020,Item-21,Shampoo Sachet,2,1000
22-01-2020,Item-21,Shampoo Sachet,4,1000
17-01-2020,Item-21,Shampoo Sachet,3,1000
10-01-2020,Item-21,Shampoo Sachet,3,1000
20-01-2020,Item-21,Shampoo Sachet,1,1000
14-01-2020,Item-21,Shampoo Sachet,4,1000
27-01-2020,Item-21,Shampoo Sachet,2,1000
29-01-2020,Item-21,Shampoo Sachet,4,1000
20-01-2020,Item-21,Shampoo Sachet,2,1000
29-01-2020,Item-21,Shampoo Sachet,1,1000
22-01-2020,Item-21,Shampoo Sachet,2,1000
23-01-2020,Item-21,Shampoo Sachet,2,1000
30-01-2020,Item-21,Shampoo Sachet,4,1000
19-01-2020,Item-21,Shampoo Sachet,3,1000
14-01-2020,Item-21,Shampoo Sachet,2,1000
28-01-2020,Item-21,Shampoo Sachet,1,1000
28-01-2020,Item-21,Shampoo Sachet,4,1000
19-01-2020,Item-21,Shampoo Sachet,1,1000
30-01-2020,Item-21,Shampoo Sachet,2,1000
16-01-2020,Item-21,Shampoo Sachet,4,1000
17-01-2020,Item-21,Shampoo Sachet,4,1000
15-01-2020,Item-21,Shampoo Sachet,1,1000
17-01-2020,Item-21,Shampoo Sachet,2,1000
27-01-2020,Item-21,Shampoo Sachet,4,1000
25-01-2020,Item-21,Shampoo Sachet,3,1000
11-01-2020,Item-21,Shampoo Sachet,1,1000
16-01-2020,Item-21,Shampoo Sachet,2,1000
30-01-2020,Item-21,Shampoo Sachet,1,1000
28-01-2020,Item-21,Shampoo Sachet,4,1000
17-01-2020,Item-21,Shampoo Sachet,4,1000
29-01-2020,Item-21,Shampoo Sachet,2,1000
29-01-2020,Item-09,Roti Tawar,1,12500
26-01-2020,Item-21,Shampoo Sachet,3,1000
25-01-2020,Item-21,Shampoo Sachet,1,1000
14-01-2020,Item-21,Shampoo Sachet,1,1000
16-01-2020,Item-21,Shampoo Sachet,1,1000
19-01-2020,Item-21,Shampoo Sachet,4,1000
17-01-2020,Item-21,Shampoo Sachet,2,1000
20-01-2020,Item-21,Shampoo Sachet,3,1000
23-01-2020,Item-21,Shampoo Sachet,3,1000
30-01-2020,Item-21,Shampoo Sachet,2,1000
19-01-2020,Item-02,Bawang Putih 200 gram,2,15000
16-01-2020,Item-27,Bedak Bayi,13,25000
24-01-2020,Item-02,Bawang Putih 200 gram,2,15000
11-01-2020,Item-02,Bawang Putih 200 gram,3,15000
10-01-2020,Item-02,Bawang Putih 200 gram,3,15000
21-01-2020,Item-02,Bawang Putih 200 gram,1,15000
23-01-2020,Item-02,Bawang Putih 200 gram,2,15000
18-01-2020,Item-02,Bawang Putih 200 gram,3,15000
30-01-2020,Item-02,Bawang Putih 200 gram,4,15000
14-01-2020,Item-02,Bawang Putih 200 gram,4,15000
15-01-2020,Item-02,Bawang Putih 200 gram,4,15000
26-01-2020,Item-02,Bawang Putih 200 gram,2,15000
12-01-2020,Item-02,Bawang Putih 200 gram,1,15000
12-01-2020,Item-02,Bawang Putih 200 gram,4,15000
24-01-2020,Item-02,Bawang Putih 200 gram,4,15000
11-01-2020,Item-02,Bawang Putih 200 gram,1,15000
18-01-2020,Item-02,Bawang Putih 200 gram,2,15000
22-01-2020,Item-02,Bawang Putih 200 gram,4,15000
10-01-2020,Item-02,Bawang Putih 200 gram,4,15000
26-01-2020,Item-02,Bawang Putih 200 gram,3,15000
27-01-2020,Item-02,Bawang Putih 200 gram,4,15000
11-01-2020,Item-02,Bawang Putih 200 gram,2,15000
21-01-2020,Item-02,Bawang Putih 200 gram,2,15000
26-01-2020,Item-02,Bawang Putih 200 gram,3,15000
23-01-2020,Item-02,Bawang Putih 200 gram,4,15000
11-01-2020,Item-02,Bawang Putih 200 gram,1,15000
13-01-2020,Item-02,Bawang Putih 200 gram,3,15000
14-01-2020,Item-02,Bawang Putih 200 gram,2,15000
25-01-2020,Item-02,Bawang Putih 200 gram,2,15000
10-01-2020,Item-02,Bawang Putih 200 gram,2,15000
20-01-2020,Item-02,Bawang Putih 200 gram,2,15000
26-01-2020,Item-02,Bawang Putih 200 gram,4,15000
23-01-2020,Item-02,Bawang Putih 200 gram,4,15000
25-01-2020,Item-02,Bawang Putih 200 gram,2,15000
10-01-2020,Item-02,Bawang Putih 200 gram,4,15000
14-01-2020,Item-02,Bawang Putih 200 gram,4,15000
22-01-2020,Item-02,Bawang Putih 200 gram,4,15000
23-01-2020,Item-02,Bawang Putih 200 gram,2,15000
17-01-2020,Item-02,Bawang Putih 200 gram,4,15000
14-01-2020,Item-02,Bawang Putih 200 gram,2,15000
25-01-2020,Item-02,Bawang Putih 200 gram,4,15000
17-01-2020,Item-02,Bawang Putih 200 gram,4,15000
17-01-2020,Item-02,Bawang Putih 200 gram,1,15000
24-01-2020,Item-02,Bawang Putih 200 gram,2,15000
25-01-2020,Item-02,Bawang Putih 200 gram,2,15000
22-01-2020,Item-02,Bawang Putih 200 gram,4,15000
17-01-2020,Item-02,Bawang Putih 200 gram,3,15000
17-01-2020,Item-02,Bawang Putih 200 gram,3,15000
15-01-2020,Item-02,Bawang Putih 200 gram,1,15000
19-01-2020,Item-02,Bawang Putih 200 gram,4,15000
24-01-2020,Item-02,Bawang Putih 200 gram,2,15000
17-01-2020,Item-02,Bawang Putih 200 gram,4,15000
24-01-2020,Item-02,Bawang Putih 200 gram,2,15000
12-01-2020,Item-02,Bawang Putih 200 gram,1,15000
15-01-2020,Item-02,Bawang Putih 200 gram,2,15000
10-01-2020,Item-02,Bawang Putih 200 gram,2,15000
26-01-2020,Item-02,Bawang Putih 200 gram,4,15000
27-01-2020,Item-02,Bawang Putih 200 gram,3,15000
23-01-2020,Item-02,Bawang Putih 200 gram,2,15000
11-01-2020,Item-02,Bawang Putih 200 gram,1,15000
26-01-2020,Item-02,Bawang Putih 200 gram,4,15000
29-01-2020,Item-02,Bawang Putih 200 gram,1,15000
23-01-2020,Item-02,Bawang Putih 200 gram,2,15000
21-01-2020,Item-02,Bawang Putih 200 gram,4,15000
19-01-2020,Item-02,Bawang Putih 200 gram,4,15000
27-01-2020,Item-02,Bawang Putih 200 gram,1,15000
30-01-2020,Item-02,Bawang Putih 200 gram,2,15000
24-01-2020,Item-02,Bawang Putih 200 gram,4,15000
29-01-2020,Item-02,Bawang Putih 200 gram,3,15000
30-01-2020,Item-02,Bawang Putih 200 gram,1,15000
26-01-2020,Item-02,Bawang Putih 200 gram,2,15000
15-01-2020,Item-02,Bawang Putih 200 gram,1,15000
24-01-2020,Item-02,Bawang Putih 200 gram,4,15000
14-01-2020,Item-02,Bawang Putih 200 gram,4,15000
21-01-2020,Item-02,Bawang Putih 200 gram,2,15000
24-01-2020,Item-02,Bawang Putih 200 gram,3,15000
12-01-2020,Item-02,Bawang Putih 200 gram,1,15000
26-01-2020,Item-02,Bawang Putih 200 gram,1,15000
23-01-2020,Item-02,Bawang Putih 200 gram,1,15000
22-01-2020,Item-02,Bawang Putih 200 gram,4,15000
28-01-2020,Item-02,Bawang Putih 200 gram,2,15000
11-01-2020,Item-05,Mi Goreng Instant,4,2600
28-01-2020,Item-05,Mi Goreng Instant,2,2600
24-01-2020,Item-05,Mi Goreng Instant,1,2600
12-01-2020,Item-05,Mi Goreng Instant,4,2600
15-01-2020,Item-05,Mi Goreng Instant,1,2600
10-01-2020,Item-05,Mi Goreng Instant,2,2600
27-01-2020,Item-05,Mi Goreng Instant,1,2600
18-01-2020,Item-05,Mi Goreng Instant,2,2600
24-01-2020,Item-05,Mi Goreng Instant,1,2600
24-01-2020,Item-05,Mi Goreng Instant,4,2600
24-01-2020,Item-05,Mi Goreng Instant,3,2600
27-01-2020,Item-05,Mi Goreng Instant,1,2600
30-01-2020,Item-05,Mi Goreng Instant,1,2600
20-01-2020,Item-05,Mi Goreng Instant,3,2600
10-01-2020,Item-05,Mi Goreng Instant,2,2600
11-01-2020,Item-05,Mi Goreng Instant,2,2600
12-01-2020,Item-05,Mi Goreng Instant,3,2600
28-01-2020,Item-05,Mi Goreng Instant,1,2600
19-01-2020,Item-05,Mi Goreng Instant,2,2600
29-01-2020,Item-05,Mi Goreng Instant,3,2600
26-01-2020,Item-05,Mi Goreng Instant,1,2600
15-01-2020,Item-05,Mi Goreng Instant,2,2600
18-01-2020,Item-05,Mi Goreng Instant,3,2600
11-01-2020,Item-05,Mi Goreng Instant,3,2600
15-01-2020,Item-05,Mi Goreng Instant,2,2600
16-01-2020,Item-05,Mi Goreng Instant,2,2600
28-01-2020,Item-05,Mi Goreng Instant,1,2600
11-01-2020,Item-05,Mi Goreng Instant,3,2600
25-01-2020,Item-05,Mi Goreng Instant,2,2600
29-01-2020,Item-05,Mi Goreng Instant,3,2600
18-01-2020,Item-05,Mi Goreng Instant,1,2600
19-01-2020,Item-05,Mi Goreng Instant,4,2600
18-01-2020,Item-05,Mi Goreng Instant,4,2600
14-01-2020,Item-05,Mi Goreng Instant,1,2600
12-01-2020,Item-05,Mi Goreng Instant,3,2600
13-01-2020,Item-05,Mi Goreng Instant,3,2600
11-01-2020,Item-05,Mi Goreng Instant,4,2600
25-01-2020,Item-05,Mi Goreng Instant,3,2600
18-01-2020,Item-05,Mi Goreng Instant,4,2600
14-01-2020,Item-05,Mi Goreng Instant,4,2600
24-01-2020,Item-05,Mi Goreng Instant,4,2600
15-01-2020,Item-05,Mi Goreng Instant,1,2600
28-01-2020,Item-05,Mi Goreng Instant,1,2600
10-01-2020,Item-05,Mi Goreng Instant,4,2600
26-01-2020,Item-05,Mi Goreng Instant,4,2600
21-01-2020,Item-05,Mi Goreng Instant,2,2600
13-01-2020,Item-05,Mi Goreng Instant,1,2600
27-01-2020,Item-05,Mi Goreng Instant,3,2600
10-01-2020,Item-05,Mi Goreng Instant,3,2600
20-01-2020,Item-05,Mi Goreng Instant,2,2600
16-01-2020,Item-05,Mi Goreng Instant,3,2600
22-01-2020,Item-05,Mi Goreng Instant,3,2600
24-01-2020,Item-05,Mi Goreng Instant,1,2600
14-01-2020,Item-05,Mi Goreng Instant,2,2600
28-01-2020,Item-05,Mi Goreng Instant,2,2600
11-01-2020,Item-05,Mi Goreng Instant,3,2600
16-01-2020,Item-05,Mi Goreng Instant,1,2600
18-01-2020,Item-05,Mi Goreng Instant,1,2600
26-01-2020,Item-05,Mi Goreng Instant,2,2600
28-01-2020,Item-05,Mi Goreng Instant,1,2600
13-01-2020,Item-05,Mi Goreng Instant,2,2600
29-01-2020,Item-05,Mi Goreng Instant,4,2600
18-01-2020,Item-21,Shampoo Sachet,2,1000
14-01-2020,Item-21,Shampoo Sachet,2,1000
21-01-2020,Item-21,Shampoo Sachet,3,1000
30-01-2020,Item-21,Shampoo Sachet,3,1000
24-01-2020,Item-21,Shampoo Sachet,1,1000
24-01-2020,Item-21,Shampoo Sachet,2,1000
13-01-2020,Item-21,Shampoo Sachet,3,1000
23-01-2020,Item-21,Shampoo Sachet,4,1000
16-01-2020,Item-21,Shampoo Sachet,4,1000
27-01-2020,Item-21,Shampoo Sachet,4,1000
30-01-2020,Item-21,Shampoo Sachet,2,1000
13-01-2020,Item-21,Shampoo Sachet,1,1000
30-01-2020,Item-21,Shampoo Sachet,4,1000
17-01-2020,Item-21,Shampoo Sachet,4,1000
15-01-2020,Item-21,Shampoo Sachet,1,1000
20-01-2020,Item-21,Shampoo Sachet,2,1000
26-01-2020,Item-21,Shampoo Sachet,4,1000
14-01-2020,Item-21,Shampoo Sachet,4,1000
21-01-2020,Item-21,Shampoo Sachet,3,1000
14-01-2020,Item-21,Shampoo Sachet,4,1000
30-01-2020,Item-21,Shampoo Sachet,2,1000
24-01-2020,Item-21,Shampoo Sachet,2,1000
26-01-2020,Item-21,Shampoo Sachet,3,1000
30-01-2020,Item-21,Shampoo Sachet,4,1000
22-01-2020,Item-21,Shampoo Sachet,1,1000
12-01-2020,Item-21,Shampoo Sachet,3,1000
29-01-2020,Item-21,Shampoo Sachet,2,1000
29-01-2020,Item-21,Shampoo Sachet,2,1000
17-01-2020,Item-21,Shampoo Sachet,2,1000
21-01-2020,Item-21,Shampoo Sachet,2,1000
23-01-2020,Item-21,Shampoo Sachet,4,1000
16-01-2020,Item-21,Shampoo Sachet,4,1000
30-01-2020,Item-21,Shampoo Sachet,2,1000
25-01-2020,Item-21,Shampoo Sachet,4,1000
21-01-2020,Item-21,Shampoo Sachet,4,1000
28-01-2020,Item-21,Shampoo Sachet,4,1000
23-01-2020,Item-21,Shampoo Sachet,2,1000
12-01-2020,Item-21,Shampoo Sachet,4,1000
29-01-2020,Item-21,Shampoo Sachet,2,1000
28-01-2020,Item-21,Shampoo Sachet,4,1000
12-01-2020,Item-21,Shampoo Sachet,4,1000
15-01-2020,Item-21,Shampoo Sachet,1,1000
30-01-2020,Item-21,Shampoo Sachet,2,1000
18-01-2020,Item-21,Shampoo Sachet,2,1000
28-01-2020,Item-21,Shampoo Sachet,4,1000
28-01-2020,Item-21,Shampoo Sachet,3,1000
25-01-2020,Item-21,Shampoo Sachet,3,1000
15-01-2020,Item-21,Shampoo Sachet,1,1000
10-01-2020,Item-21,Shampoo Sachet,4,1000
11-01-2020,Item-21,Shampoo Sachet,2,1000
14-01-2020,Item-21,Shampoo Sachet,4,1000
10-01-2020,Item-21,Shampoo Sachet,2,1000
24-01-2020,Item-21,Shampoo Sachet,1,1000
11-01-2020,Item-21,Shampoo Sachet,2,1000
21-01-2020,Item-21,Shampoo Sachet,2,1000
18-01-2020,Item-21,Shampoo Sachet,4,1000
22-01-2020,Item-21,Shampoo Sachet,2,1000
30-01-2020,Item-21,Shampoo Sachet,1,1000
17-01-2020,Item-21,Shampoo Sachet,4,1000
15-01-2020,Item-21,Shampoo Sachet,4,1000
10-01-2020,Item-21,Shampoo Sachet,2,1000
24-01-2020,Item-21,Shampoo Sachet,3,1000
26-01-2020,Item-21,Shampoo Sachet,1,1000
13-01-2020,Item-21,Shampoo Sachet,1,1000
26-01-2020,Item-21,Shampoo Sachet,1,1000
19-01-2020,Item-21,Shampoo Sachet,4,1000
21-01-2020,Item-21,Shampoo Sachet,2,1000
19-01-2020,Item-26,Susu Bubuk 195g,16,45000
14-01-2020,Item-26,Susu Bubuk 195g,13,45000
25-01-2020,Item-26,Susu Bubuk 195g,16,45000
10-01-2020,Item-26,Susu Bubuk 195g,5,45000
24-01-2020,Item-26,Susu Bubuk 195g,15,45000
16-01-2020,Item-26,Susu Bubuk 195g,15,45000
28-01-2020,Item-26,Susu Bubuk 195g,17,45000
18-01-2020,Item-26,Susu Bubuk 195g,16,45000
21-01-2020,Item-26,Susu Bubuk 195g,11,45000
24-01-2020,Item-26,Susu Bubuk 195g,16,45000
11-01-2020,Item-26,Susu Bubuk 195g,20,45000
24-01-2020,Item-26,Susu Bubuk 195g,3,45000
15-01-2020,Item-26,Susu Bubuk 195g,1,45000
10-01-2020,Item-26,Susu Bubuk 195g,5,45000
28-01-2020,Item-26,Susu Bubuk 195g,3,45000
13-01-2020,Item-26,Susu Bubuk 195g,7,45000
15-01-2020,Item-26,Susu Bubuk 195g,8,45000
26-01-2020,Item-26,Susu Bubuk 195g,6,45000
10-01-2020,Item-26,Susu Bubuk 195g,2,45000
23-01-2020,Item-26,Susu Bubuk 195g,9,45000
24-01-2020,Item-26,Susu Bubuk 195g,4,45000
27-01-2020,Item-26,Susu Bubuk 195g,14,45000
19-01-2020,Item-26,Susu Bubuk 195g,1,45000
25-01-2020,Item-26,Susu Bubuk 195g,4,45000
23-01-2020,Item-26,Susu Bubuk 195g,8,45000
27-01-2020,Item-26,Susu Bubuk 195g,14,45000
30-01-2020,Item-26,Susu Bubuk 195g,20,45000
24-01-2020,Item-26,Susu Bubuk 195g,10,45000
11-01-2020,Item-26,Susu Bubuk 195g,10,45000
19-01-2020,Item-26,Susu Bubuk 195g,7,45000
16-01-2020,Item-26,Susu Bubuk 195g,8,45000
29-01-2020,Item-26,Susu Bubuk 195g,17,45000
13-01-2020,Item-26,Susu Bubuk 195g,19,45000
16-01-2020,Item-26,Susu Bubuk 195g,8,45000
17-01-2020,Item-26,Susu Bubuk 195g,17,45000
17-01-2020,Item-26,Susu Bubuk 195g,10,45000
26-01-2020,Item-26,Susu Bubuk 195g,8,45000
10-01-2020,Item-26,Susu Bubuk 195g,11,45000
26-01-2020,Item-26,Susu Bubuk 195g,13,45000
18-01-2020,Item-26,Susu Bubuk 195g,13,45000
11-01-2020,Item-26,Susu Bubuk 195g,20,45000
25-01-2020,Item-26,Susu Bubuk 195g,14,45000
22-01-2020,Item-26,Susu Bubuk 195g,1,45000
17-01-2020,Item-26,Susu Bubuk 195g,13,45000
13-01-2020,Item-26,Susu Bubuk 195g,1,45000
11-01-2020,Item-26,Susu Bubuk 195g,3,45000
29-01-2020,Item-26,Susu Bubuk 195g,5,45000
24-01-2020,Item-26,Susu Bubuk 195g,11,45000
15-01-2020,Item-26,Susu Bubuk 195g,13,45000
28-01-2020,Item-26,Susu Bubuk 195g,16,45000
25-01-2020,Item-26,Susu Bubuk 195g,6,45000
17-01-2020,Item-26,Susu Bubuk 195g,18,45000
15-01-2020,Item-26,Susu Bubuk 195g,18,45000
26-01-2020,Item-26,Susu Bubuk 195g,16,45000
27-01-2020,Item-26,Susu Bubuk 195g,12,45000
22-01-2020,Item-26,Susu Bubuk 195g,12,45000
11-01-2020,Item-26,Susu Bubuk 195g,10,45000
16-01-2020,Item-26,Susu Bubuk 195g,11,45000
17-01-2020,Item-26,Susu Bubuk 195g,7,45000
27-01-2020,Item-26,Susu Bubuk 195g,4,45000
11-01-2020,Item-26,Susu Bubuk 195g,3,45000
20-01-2020,Item-26,Susu Bubuk 195g,14,45000
14-01-2020,Item-26,Susu Bubuk 195g,12,45000
14-01-2020,Item-26,Susu Bubuk 195g,13,45000
29-01-2020,Item-26,Susu Bubuk 195g,12,45000
19-01-2020,Item-26,Susu Bubuk 195g,11,45000
11-01-2020,Item-26,Susu Bubuk 195g,17,45000
15-01-2020,Item-26,Susu Bubuk 195g,4,45000
10-01-2020,Item-26,Susu Bubuk 195g,8,45000
20-01-2020,Item-26,Susu Bubuk 195g,8,45000
21-01-2020,Item-26,Susu Bubuk 195g,17,45000
26-01-2020,Item-26,Susu Bubuk 195g,18,45000
21-01-2020,Item-26,Susu Bubuk 195g,2,45000
20-01-2020,Item-26,Susu Bubuk 195g,4,45000
27-01-2020,Item-26,Susu Bubuk 195g,20,45000
22-01-2020,Item-26,Susu Bubuk 195g,4,45000
15-01-2020,Item-26,Susu Bubuk 195g,6,45000
24-01-2020,Item-26,Susu Bubuk 195g,2,45000
22-01-2020,Item-26,Susu Bubuk 195g,7,45000
16-01-2020,Item-26,Susu Bubuk 195g,20,45000
20-01-2020,Item-26,Susu Bubuk 195g,20,45000
23-01-2020,Item-26,Susu Bubuk 195g,1,45000
23-01-2020,Item-26,Susu Bubuk 195g,20,45000
29-01-2020,Item-26,Susu Bubuk 195g,19,45000
24-01-2020,Item-26,Susu Bubuk 195g,16,45000
10-01-2020,Item-26,Susu Bubuk 195g,9,45000
24-01-2020,Item-26,Susu Bubuk 195g,6,45000
24-01-2020,Item-26,Susu Bubuk 195g,3,45000
25-01-2020,Item-26,Susu Bubuk 195g,9,45000
21-01-2020,Item-26,Susu Bubuk 195g,11,45000
18-01-2020,Item-26,Susu Bubuk 195g,16,45000
10-01-2020,Item-26,Susu Bubuk 195g,6,45000
30-01-2020,Item-26,Susu Bubuk 195g,15,45000
30-01-2020,Item-26,Susu Bubuk 195g,18,45000
29-01-2020,Item-26,Susu Bubuk 195g,19,45000
10-01-2020,Item-26,Susu Bubuk 195g,9,45000
25-01-2020,Item-26,Susu Bubuk 195g,8,45000
10-01-2020,Item-26,Susu Bubuk 195g,18,45000
29-01-2020,Item-26,Susu Bubuk 195g,11,45000
30-01-2020,Item-26,Susu Bubuk 195g,13,45000
20-01-2020,Item-26,Susu Bubuk 195g,5,45000
14-01-2020,Item-26,Susu Bubuk 195g,16,45000
11-01-2020,Item-26,Susu Bubuk 195g,3,45000
22-01-2020,Item-26,Susu Bubuk 195g,17,45000
28-01-2020,Item-26,Susu Bubuk 195g,4,45000
30-01-2020,Item-26,Susu Bubuk 195g,12,45000
28-01-2020,Item-26,Susu Bubuk 195g,10,45000
27-01-2020,Item-26,Susu Bubuk 195g,17,45000
14-01-2020,Item-26,Susu Bubuk 195g,3,45000
26-01-2020,Item-26,Susu Bubuk 195g,10,45000
22-01-2020,Item-26,Susu Bubuk 195g,13,45000
16-01-2020,Item-26,Susu Bubuk 195g,15,45000
26-01-2020,Item-26,Susu Bubuk 195g,19,45000
22-01-2020,Item-07,Pembersih Lantai,2,12000
19-01-2020,Item-07,Pembersih Lantai,2,12000
22-01-2020,Item-07,Pembersih Lantai,4,12000
25-01-2020,Item-07,Pembersih Lantai,3,12000
27-01-2020,Item-07,Pembersih Lantai,3,12000
16-01-2020,Item-07,Pembersih Lantai,2,12000
17-01-2020,Item-07,Pembersih Lantai,2,12000
24-01-2020,Item-07,Pembersih Lantai,2,12000
18-01-2020,Item-07,Pembersih Lantai,3,12000
27-01-2020,Item-07,Pembersih Lantai,3,12000
22-01-2020,Item-07,Pembersih Lantai,1,12000
11-01-2020,Item-07,Pembersih Lantai,2,12000
18-01-2020,Item-07,Pembersih Lantai,3,12000
26-01-2020,Item-07,Pembersih Lantai,4,12000
16-01-2020,Item-07,Pembersih Lantai,4,12000
26-01-2020,Item-07,Pembersih Lantai,4,12000
14-01-2020,Item-07,Pembersih Lantai,2,12000
23-01-2020,Item-07,Pembersih Lantai,1,12000
22-01-2020,Item-07,Pembersih Lantai,4,12000
28-01-2020,Item-07,Pembersih Lantai,4,12000
23-01-2020,Item-07,Pembersih Lantai,1,12000
15-01-2020,Item-07,Pembersih Lantai,2,12000
17-01-2020,Item-07,Pembersih Lantai,4,12000
27-01-2020,Item-07,Pembersih Lantai,4,12000
19-01-2020,Item-07,Pembersih Lantai,3,12000
25-01-2020,Item-07,Pembersih Lantai,4,12000
20-01-2020,Item-07,Pembersih Lantai,2,12000
28-01-2020,Item-07,Pembersih Lantai,2,12000
12-01-2020,Item-07,Pembersih Lantai,3,12000
13-01-2020,Item-07,Pembersih Lantai,4,12000
29-01-2020,Item-07,Pembersih Lantai,1,12000
12-01-2020,Item-07,Pembersih Lantai,3,12000
17-01-2020,Item-07,Pembersih Lantai,2,12000
27-01-2020,Item-07,Pembersih Lantai,2,12000
17-01-2020,Item-07,Pembersih Lantai,2,12000
21-01-2020,Item-07,Pembersih Lantai,2,12000
23-01-2020,Item-07,Pembersih Lantai,4,12000
16-01-2020,Item-07,Pembersih Lantai,4,12000
30-01-2020,Item-07,Pembersih Lantai,2,12000
27-01-2020,Item-07,Pembersih Lantai,4,12000
19-01-2020,Item-07,Pembersih Lantai,4,12000
15-01-2020,Item-07,Pembersih Lantai,4,12000
28-01-2020,Item-07,Pembersih Lantai,2,12000
20-01-2020,Item-07,Pembersih Lantai,4,12000
28-01-2020,Item-07,Pembersih Lantai,2,12000
17-01-2020,Item-07,Pembersih Lantai,4,12000
29-01-2020,Item-07,Pembersih Lantai,4,12000
28-01-2020,Item-07,Pembersih Lantai,1,12000
19-01-2020,Item-07,Pembersih Lantai,2,12000
18-01-2020,Item-07,Pembersih Lantai,2,12000
23-01-2020,Item-07,Pembersih Lantai,4,12000
17-01-2020,Item-07,Pembersih Lantai,3,12000
24-01-2020,Item-07,Pembersih Lantai,3,12000
20-01-2020,Item-07,Pembersih Lantai,1,12000
27-01-2020,Item-07,Pembersih Lantai,4,12000
23-01-2020,Item-07,Pembersih Lantai,2,12000
14-01-2020,Item-07,Pembersih Lantai,4,12000
20-01-2020,Item-07,Pembersih Lantai,2,12000
30-01-2020,Item-07,Pembersih Lantai,1,12000
19-01-2020,Item-07,Pembersih Lantai,2,12000
11-01-2020,Item-07,Pembersih Lantai,2,12000
14-01-2020,Item-07,Pembersih Lantai,4,12000
16-01-2020,Item-07,Pembersih Lantai,3,12000
12-01-2020,Item-07,Pembersih Lantai,2,12000
20-01-2020,Item-07,Pembersih Lantai,1,12000
18-01-2020,Item-07,Pembersih Lantai,4,12000
29-01-2020,Item-07,Pembersih Lantai,1,12000
23-01-2020,Item-07,Pembersih Lantai,2,12000
14-01-2020,Item-07,Pembersih Lantai,4,12000
25-01-2020,Item-07,Pembersih Lantai,4,12000
11-01-2020,Item-07,Pembersih Lantai,1,12000
24-01-2020,Item-07,Pembersih Lantai,2,12000
29-01-2020,Item-07,Pembersih Lantai,4,12000
20-01-2020,Item-07,Pembersih Lantai,3,12000
13-01-2020,Item-07,Pembersih Lantai,1,12000
18-01-2020,Item-07,Pembersih Lantai,2,12000
28-01-2020,Item-07,Pembersih Lantai,1,12000
23-01-2020,Item-07,Pembersih Lantai,4,12000
27-01-2020,Item-07,Pembersih Lantai,4,12000
21-01-2020,Item-07,Pembersih Lantai,2,12000
28-01-2020,Item-07,Pembersih Lantai,3,12000
27-01-2020,Item-07,Pembersih Lantai,1,12000
17-01-2020,Item-07,Pembersih Lantai,1,12000
14-01-2020,Item-07,Pembersih Lantai,1,12000
10-01-2020,Item-07,Pembersih Lantai,4,12000
12-01-2020,Item-07,Pembersih Lantai,2,12000
21-01-2020,Item-07,Pembersih Lantai,3,12000
26-01-2020,Item-07,Pembersih Lantai,3,12000
24-01-2020,Item-07,Pembersih Lantai,2,12000
28-01-2020,Item-07,Pembersih Lantai,2,12000
19-01-2020,Item-07,Pembersih Lantai,2,12000
14-01-2020,Item-07,Pembersih Lantai,3,12000
29-01-2020,Item-07,Pembersih Lantai,3,12000
21-01-2020,Item-07,Pembersih Lantai,1,12000
20-01-2020,Item-07,Pembersih Lantai,2,12000
24-01-2020,Item-07,Pembersih Lantai,3,12000
20-01-2020,Item-07,Pembersih Lantai,4,12000
26-01-2020,Item-07,Pembersih Lantai,4,12000
25-01-2020,Item-07,Pembersih Lantai,4,12000
19-01-2020,Item-07,Pembersih Lantai,2,12000
18-01-2020,Item-07,Pembersih Lantai,1,12000
11-01-2020,Item-07,Pembersih Lantai,4,12000
18-01-2020,Item-07,Pembersih Lantai,4,12000
30-01-2020,Item-07,Pembersih Lantai,1,12000
30-01-2020,Item-07,Pembersih Lantai,2,12000
26-01-2020,Item-07,Pembersih Lantai,4,12000
14-01-2020,Item-07,Pembersih Lantai,4,12000
10-01-2020,Item-07,Pembersih Lantai,3,12000
21-01-2020,Item-07,Pembersih Lantai,4,12000
11-01-2020,Item-07,Pembersih Lantai,2,12000
25-01-2020,Item-07,Pembersih Lantai,2,12000
24-01-2020,Item-07,Pembersih Lantai,3,12000
27-01-2020,Item-07,Pembersih Lantai,4,12000
26-01-2020,Item-07,Pembersih Lantai,1,12000
29-01-2020,Item-07,Pembersih Lantai,3,12000
26-01-2020,Item-07,Pembersih Lantai,2,12000
29-01-2020,Item-07,Pembersih Lantai,2,12000
21-01-2020,Item-07,Pembersih Lantai,2,12000
24-01-2020,Item-07,Pembersih Lantai,2,12000
29-01-2020,Item-07,Pembersih Lantai,4,12000
30-01-2020,Item-07,Pembersih Lantai,4,12000
22-01-2020,Item-07,Pembersih Lantai,2,12000
17-01-2020,Item-07,Pembersih Lantai,4,12000
14-01-2020,Item-07,Pembersih Lantai,4,12000
10-01-2020,Item-07,Pembersih Lantai,4,12000
30-01-2020,Item-07,Pembersih Lantai,2,12000
18-01-2020,Item-07,Pembersih Lantai,4,12000
28-01-2020,Item-07,Pembersih Lantai,2,12000
16-01-2020,Item-07,Pembersih Lantai,4,12000
15-01-2020,Item-07,Pembersih Lantai,4,12000
21-01-2020,Item-07,Pembersih Lantai,1,12000
20-01-2020,Item-07,Pembersih Lantai,2,12000
30-01-2020,Item-07,Pembersih Lantai,2,12000
27-01-2020,Item-07,Pembersih Lantai,4,12000
26-01-2020,Item-07,Pembersih Lantai,3,12000
15-01-2020,Item-07,Pembersih Lantai,3,12000
23-01-2020,Item-07,Pembersih Lantai,1,12000
17-01-2020,Item-07,Pembersih Lantai,4,12000
30-01-2020,Item-07,Pembersih Lantai,2,12000
11-01-2020,Item-07,Pembersih Lantai,4,12000
26-01-2020,Item-07,Pembersih Lantai,2,12000
13-01-2020,Item-07,Pembersih Lantai,1,12000
14-01-2020,Item-07,Pembersih Lantai,2,12000
20-01-2020,Item-07,Pembersih Lantai,2,12000
25-01-2020,Item-07,Pembersih Lantai,4,12000
19-01-2020,Item-07,Pembersih Lantai,3,12000
13-01-2020,Item-07,Pembersih Lantai,2,12000
25-01-2020,Item-07,Pembersih Lantai,1,12000
24-01-2020,Item-07,Pembersih Lantai,4,12000
20-01-2020,Item-07,Pembersih Lantai,1,12000
27-01-2020,Item-07,Pembersih Lantai,2,12000
28-01-2020,Item-07,Pembersih Lantai,4,12000
15-01-2020,Item-07,Pembersih Lantai,4,12000
23-01-2020,Item-07,Pembersih Lantai,1,12000
14-01-2020,Item-07,Pembersih Lantai,2,12000
11-01-2020,Item-07,Pembersih Lantai,4,12000
27-01-2020,Item-07,Pembersih Lantai,3,12000
23-01-2020,Item-07,Pembersih Lantai,1,12000
17-01-2020,Item-07,Pembersih Lantai,2,12000
12-01-2020,Item-07,Pembersih Lantai,1,12000
10-01-2020,Item-07,Pembersih Lantai,4,12000
18-01-2020,Item-07,Pembersih Lantai,4,12000
13-01-2020,Item-07,Pembersih Lantai,2,12000
28-01-2020,Item-07,Pembersih Lantai,3,12000
16-01-2020,Item-07,Pembersih Lantai,1,12000
17-01-2020,Item-07,Pembersih Lantai,1,12000
25-01-2020,Item-07,Pembersih Lantai,1,12000
17-01-2020,Item-07,Pembersih Lantai,4,12000
30-01-2020,Item-07,Pembersih Lantai,2,12000
17-01-2020,Item-22,Minyak Goreng 1 Lt,4,16000
27-01-2020,Item-22,Minyak Goreng 1 Lt,4,16000
10-01-2020,Item-22,Minyak Goreng 1 Lt,1,16000
19-01-2020,Item-22,Minyak Goreng 1 Lt,1,16000
11-01-2020,Item-22,Minyak Goreng 1 Lt,3,16000
15-01-2020,Item-22,Minyak Goreng 1 Lt,1,16000
15-01-2020,Item-22,Minyak Goreng 1 Lt,1,16000
25-01-2020,Item-22,Minyak Goreng 1 Lt,3,16000
14-01-2020,Item-22,Minyak Goreng 1 Lt,3,16000
25-01-2020,Item-22,Minyak Goreng 1 Lt,3,16000
15-01-2020,Item-22,Minyak Goreng 1 Lt,3,16000
12-01-2020,Item-22,Minyak Goreng 1 Lt,2,16000
10-01-2020,Item-22,Minyak Goreng 1 Lt,3,16000
30-01-2020,Item-22,Minyak Goreng 1 Lt,4,16000
10-01-2020,Item-22,Minyak Goreng 1 Lt,3,16000
27-01-2020,Item-22,Minyak Goreng 1 Lt,2,16000
27-01-2020,Item-22,Minyak Goreng 1 Lt,2,16000
27-01-2020,Item-22,Minyak Goreng 1 Lt,4,16000
27-01-2020,Item-22,Minyak Goreng 1 Lt,3,16000
27-01-2020,Item-22,Minyak Goreng 1 Lt,3,16000
29-01-2020,Item-22,Minyak Goreng 1 Lt,1,16000
27-01-2020,Item-22,Minyak Goreng 1 Lt,2,16000
21-01-2020,Item-22,Minyak Goreng 1 Lt,1,16000
15-01-2020,Item-22,Minyak Goreng 1 Lt,2,16000
15-01-2020,Item-22,Minyak Goreng 1 Lt,3,16000
17-01-2020,Item-22,Minyak Goreng 1 Lt,4,16000
27-01-2020,Item-22,Minyak Goreng 1 Lt,2,16000
12-01-2020,Item-22,Minyak Goreng 1 Lt,2,16000
30-01-2020,Item-22,Minyak Goreng 1 Lt,3,16000
16-01-2020,Item-22,Minyak Goreng 1 Lt,4,16000
21-01-2020,Item-22,Minyak Goreng 1 Lt,1,16000
29-01-2020,Item-22,Minyak Goreng 1 Lt,1,16000
13-01-2020,Item-22,Minyak Goreng 1 Lt,2,16000
13-01-2020,Item-22,Minyak Goreng 1 Lt,1,16000
16-01-2020,Item-22,Minyak Goreng 1 Lt,1,16000
24-01-2020,Item-22,Minyak Goreng 1 Lt,1,16000
26-01-2020,Item-22,Minyak Goreng 1 Lt,3,16000
19-01-2020,Item-22,Minyak Goreng 1 Lt,1,16000
18-01-2020,Item-22,Minyak Goreng 1 Lt,3,16000
24-01-2020,Item-22,Minyak Goreng 1 Lt,2,16000
26-01-2020,Item-22,Minyak Goreng 1 Lt,3,16000
26-01-2020,Item-22,Minyak Goreng 1 Lt,2,16000
21-01-2020,Item-22,Minyak Goreng 1 Lt,1,16000
17-01-2020,Item-22,Minyak Goreng 1 Lt,3,16000
13-01-2020,Item-22,Minyak Goreng 1 Lt,3,16000
24-01-2020,Item-22,Minyak Goreng 1 Lt,3,16000
15-01-2020,Item-22,Minyak Goreng 1 Lt,2,16000
11-01-2020,Item-22,Minyak Goreng 1 Lt,2,16000
13-01-2020,Item-22,Minyak Goreng 1 Lt,4,16000
11-01-2020,Item-22,Minyak Goreng 1 Lt,2,16000
17-01-2020,Item-22,Minyak Goreng 1 Lt,3,16000
30-01-2020,Item-22,Minyak Goreng 1 Lt,3,16000
28-01-2020,Item-22,Minyak Goreng 1 Lt,3,16000
30-01-2020,Item-22,Minyak Goreng 1 Lt,2,16000
27-01-2020,Item-22,Minyak Goreng 1 Lt,2,16000
24-01-2020,Item-22,Minyak Goreng 1 Lt,1,16000
28-01-2020,Item-22,Minyak Goreng 1 Lt,3,16000
16-01-2020,Item-22,Minyak Goreng 1 Lt,2,16000
17-01-2020,Item-22,Minyak Goreng 1 Lt,1,16000
28-01-2020,Item-22,Minyak Goreng 1 Lt,2,16000
28-01-2020,Item-22,Minyak Goreng 1 Lt,2,16000
16-01-2020,Item-22,Minyak Goreng 1 Lt,4,16000
11-01-2020,Item-22,Minyak Goreng 1 Lt,3,16000
25-01-2020,Item-22,Minyak Goreng 1 Lt,1,16000
16-01-2020,Item-22,Minyak Goreng 1 Lt,1,16000
18-01-2020,Item-22,Minyak Goreng 1 Lt,4,16000
26-01-2020,Item-22,Minyak Goreng 1 Lt,1,16000
18-01-2020,Item-22,Minyak Goreng 1 Lt,2,16000
30-01-2020,Item-22,Minyak Goreng 1 Lt,3,16000
13-01-2020,Item-22,Minyak Goreng 1 Lt,1,16000
14-01-2020,Item-22,Minyak Goreng 1 Lt,3,16000
19-01-2020,Item-22,Minyak Goreng 1 Lt,1,16000
19-01-2020,Item-22,Minyak Goreng 1 Lt,4,16000
17-01-2020,Item-22,Minyak Goreng 1 Lt,1,16000
17-01-2020,Item-22,Minyak Goreng 1 Lt,1,16000
21-01-2020,Item-22,Minyak Goreng 1 Lt,1,16000
25-01-2020,Item-22,Minyak Goreng 1 Lt,3,16000
11-01-2020,Item-22,Minyak Goreng 1 Lt,2,16000
10-01-2020,Item-22,Minyak Goreng 1 Lt,2,16000
13-01-2020,Item-22,Minyak Goreng 1 Lt,2,16000
11-01-2020,Item-22,Minyak Goreng 1 Lt,3,16000
18-01-2020,Item-22,Minyak Goreng 1 Lt,4,16000
14-01-2020,Item-22,Minyak Goreng 1 Lt,1,16000
17-01-2020,Item-22,Minyak Goreng 1 Lt,3,16000
11-01-2020,Item-22,Minyak Goreng 1 Lt,4,16000
12-01-2020,Item-22,Minyak Goreng 1 Lt,3,16000
12-01-2020,Item-22,Minyak Goreng 1 Lt,3,16000
10-01-2020,Item-22,Minyak Goreng 1 Lt,3,16000
27-01-2020,Item-22,Minyak Goreng 1 Lt,2,16000
16-01-2020,Item-22,Minyak Goreng 1 Lt,4,16000
27-01-2020,Item-22,Minyak Goreng 1 Lt,2,16000
26-01-2020,Item-22,Minyak Goreng 1 Lt,4,16000
21-01-2020,Item-22,Minyak Goreng 1 Lt,2,16000
21-01-2020,Item-22,Minyak Goreng 1 Lt,3,16000
29-01-2020,Item-22,Minyak Goreng 1 Lt,1,16000
24-01-2020,Item-22,Minyak Goreng 1 Lt,1,16000
23-01-2020,Item-22,Minyak Goreng 1 Lt,1,16000
21-01-2020,Item-22,Minyak Goreng 1 Lt,3,16000
17-01-2020,Item-22,Minyak Goreng 1 Lt,3,16000
18-01-2020,Item-22,Minyak Goreng 1 Lt,1,16000
28-01-2020,Item-22,Minyak Goreng 1 Lt,1,16000
10-01-2020,Item-22,Minyak Goreng 1 Lt,3,16000
28-01-2020,Item-22,Minyak Goreng 1 Lt,4,16000
26-01-2020,Item-22,Minyak Goreng 1 Lt,3,16000
28-01-2020,Item-22,Minyak Goreng 1 Lt,2,16000
11-01-2020,Item-22,Minyak Goreng 1 Lt,3,16000
11-01-2020,Item-22,Minyak Goreng 1 Lt,3,16000
13-01-2020,Item-22,Minyak Goreng 1 Lt,3,16000
11-01-2020,Item-22,Minyak Goreng 1 Lt,2,16000
13-01-2020,Item-22,Minyak Goreng 1 Lt,1,16000
18-01-2020,Item-22,Minyak Goreng 1 Lt,2,16000
18-01-2020,Item-22,Minyak Goreng 1 Lt,3,16000
11-01-2020,Item-22,Minyak Goreng 1 Lt,1,16000
19-01-2020,Item-22,Minyak Goreng 1 Lt,2,16000
11-01-2020,Item-22,Minyak Goreng 1 Lt,4,16000
18-01-2020,Item-22,Minyak Goreng 1 Lt,2,16000
26-01-2020,Item-22,Minyak Goreng 1 Lt,4,16000
21-01-2020,Item-22,Minyak Goreng 1 Lt,3,16000
14-01-2020,Item-22,Minyak Goreng 1 Lt,1,16000
15-01-2020,Item-22,Minyak Goreng 1 Lt,4,16000
14-01-2020,Item-22,Minyak Goreng 1 Lt,4,16000
16-01-2020,Item-22,Minyak Goreng 1 Lt,1,16000
27-01-2020,Item-22,Minyak Goreng 1 Lt,4,16000
25-01-2020,Item-22,Minyak Goreng 1 Lt,2,16000
25-01-2020,Item-22,Minyak Goreng 1 Lt,2,16000
10-01-2020,Item-22,Minyak Goreng 1 Lt,3,16000
15-01-2020,Item-22,Minyak Goreng 1 Lt,2,16000
19-01-2020,Item-22,Minyak Goreng 1 Lt,3,16000
11-01-2020,Item-22,Minyak Goreng 1 Lt,2,16000
29-01-2020,Item-22,Minyak Goreng 1 Lt,3,16000
28-01-2020,Item-22,Minyak Goreng 1 Lt,4,16000
13-01-2020,Item-22,Minyak Goreng 1 Lt,1,16000
19-01-2020,Item-22,Minyak Goreng 1 Lt,1,16000
29-01-2020,Item-22,Minyak Goreng 1 Lt,1,16000
18-01-2020,Item-22,Minyak Goreng 1 Lt,3,16000
12-01-2020,Item-22,Minyak Goreng 1 Lt,1,16000
28-01-2020,Item-22,Minyak Goreng 1 Lt,3,16000
23-01-2020,Item-22,Minyak Goreng 1 Lt,2,16000
16-01-2020,Item-22,Minyak Goreng 1 Lt,1,16000
10-01-2020,Item-22,Minyak Goreng 1 Lt,4,16000
13-01-2020,Item-22,Minyak Goreng 1 Lt,4,16000
16-01-2020,Item-22,Minyak Goreng 1 Lt,1,16000
16-01-2020,Item-22,Minyak Goreng 1 Lt,1,16000
13-01-2020,Item-22,Minyak Goreng 1 Lt,2,16000
14-01-2020,Item-23,Air Mineral Botol 500 ml,3,3000
14-01-2020,Item-23,Air Mineral Botol 500 ml,3,3000
18-01-2020,Item-23,Air Mineral Botol 500 ml,3,3000
25-01-2020,Item-23,Air Mineral Botol 500 ml,2,3000
13-01-2020,Item-23,Air Mineral Botol 500 ml,1,3000
23-01-2020,Item-23,Air Mineral Botol 500 ml,2,3000
15-01-2020,Item-23,Air Mineral Botol 500 ml,3,3000
20-01-2020,Item-23,Air Mineral Botol 500 ml,1,3000
14-01-2020,Item-23,Air Mineral Botol 500 ml,2,3000
18-01-2020,Item-23,Air Mineral Botol 500 ml,4,3000
30-01-2020,Item-23,Air Mineral Botol 500 ml,2,3000
13-01-2020,Item-23,Air Mineral Botol 500 ml,4,3000
15-01-2020,Item-23,Air Mineral Botol 500 ml,3,3000
30-01-2020,Item-23,Air Mineral Botol 500 ml,1,3000
27-01-2020,Item-23,Air Mineral Botol 500 ml,4,3000
11-01-2020,Item-23,Air Mineral Botol 500 ml,4,3000
20-01-2020,Item-23,Air Mineral Botol 500 ml,1,3000
20-01-2020,Item-23,Air Mineral Botol 500 ml,4,3000
15-01-2020,Item-23,Air Mineral Botol 500 ml,2,3000
15-01-2020,Item-23,Air Mineral Botol 500 ml,2,3000
24-01-2020,Item-23,Air Mineral Botol 500 ml,3,3000
15-01-2020,Item-23,Air Mineral Botol 500 ml,2,3000
21-01-2020,Item-23,Air Mineral Botol 500 ml,3,3000
21-01-2020,Item-23,Air Mineral Botol 500 ml,2,3000
12-01-2020,Item-23,Air Mineral Botol 500 ml,3,3000
20-01-2020,Item-23,Air Mineral Botol 500 ml,4,3000
13-01-2020,Item-23,Air Mineral Botol 500 ml,1,3000
12-01-2020,Item-23,Air Mineral Botol 500 ml,1,3000
12-01-2020,Item-23,Air Mineral Botol 500 ml,1,3000
19-01-2020,Item-23,Air Mineral Botol 500 ml,3,3000
12-01-2020,Item-23,Air Mineral Botol 500 ml,1,3000
15-01-2020,Item-23,Air Mineral Botol 500 ml,3,3000
15-01-2020,Item-23,Air Mineral Botol 500 ml,2,3000
16-01-2020,Item-23,Air Mineral Botol 500 ml,1,3000
25-01-2020,Item-23,Air Mineral Botol 500 ml,4,3000
23-01-2020,Item-23,Air Mineral Botol 500 ml,4,3000
18-01-2020,Item-23,Air Mineral Botol 500 ml,1,3000
30-01-2020,Item-23,Air Mineral Botol 500 ml,1,3000
15-01-2020,Item-23,Air Mineral Botol 500 ml,2,3000
12-01-2020,Item-23,Air Mineral Botol 500 ml,1,3000
16-01-2020,Item-23,Air Mineral Botol 500 ml,4,3000
16-01-2020,Item-23,Air Mineral Botol 500 ml,2,3000
28-01-2020,Item-23,Air Mineral Botol 500 ml,3,3000
14-01-2020,Item-23,Air Mineral Botol 500 ml,3,3000
17-01-2020,Item-23,Air Mineral Botol 500 ml,2,3000
21-01-2020,Item-23,Air Mineral Botol 500 ml,2,3000
17-01-2020,Item-23,Air Mineral Botol 500 ml,4,3000
10-01-2020,Item-23,Air Mineral Botol 500 ml,1,3000
18-01-2020,Item-23,Air Mineral Botol 500 ml,4,3000
21-01-2020,Item-23,Air Mineral Botol 500 ml,3,3000
24-01-2020,Item-23,Air Mineral Botol 500 ml,2,3000
12-01-2020,Item-23,Air Mineral Botol 500 ml,2,3000
23-01-2020,Item-23,Air Mineral Botol 500 ml,4,3000
16-01-2020,Item-23,Air Mineral Botol 500 ml,1,3000
28-01-2020,Item-23,Air Mineral Botol 500 ml,1,3000
28-01-2020,Item-23,Air Mineral Botol 500 ml,4,3000
27-01-2020,Item-23,Air Mineral Botol 500 ml,4,3000
19-01-2020,Item-23,Air Mineral Botol 500 ml,1,3000
25-01-2020,Item-23,Air Mineral Botol 500 ml,2,3000
26-01-2020,Item-23,Air Mineral Botol 500 ml,1,3000
18-01-2020,Item-23,Air Mineral Botol 500 ml,1,3000
26-01-2020,Item-23,Air Mineral Botol 500 ml,2,3000
12-01-2020,Item-23,Air Mineral Botol 500 ml,1,3000
13-01-2020,Item-23,Air Mineral Botol 500 ml,1,3000
18-01-2020,Item-23,Air Mineral Botol 500 ml,2,3000
21-01-2020,Item-23,Air Mineral Botol 500 ml,4,3000
18-01-2020,Item-23,Air Mineral Botol 500 ml,3,3000
12-01-2020,Item-23,Air Mineral Botol 500 ml,2,3000
21-01-2020,Item-23,Air Mineral Botol 500 ml,4,3000
26-01-2020,Item-23,Air Mineral Botol 500 ml,3,3000
21-01-2020,Item-23,Air Mineral Botol 500 ml,1,3000
13-01-2020,Item-23,Air Mineral Botol 500 ml,4,3000
21-01-2020,Item-23,Air Mineral Botol 500 ml,2,3000
26-01-2020,Item-23,Air Mineral Botol 500 ml,4,3000
11-01-2020,Item-23,Air Mineral Botol 500 ml,3,3000
13-01-2020,Item-23,Air Mineral Botol 500 ml,3,3000
17-01-2020,Item-23,Air Mineral Botol 500 ml,1,3000
18-01-2020,Item-23,Air Mineral Botol 500 ml,2,3000
24-01-2020,Item-23,Air Mineral Botol 500 ml,2,3000
16-01-2020,Item-23,Air Mineral Botol 500 ml,4,3000
29-01-2020,Item-23,Air Mineral Botol 500 ml,1,3000
23-01-2020,Item-23,Air Mineral Botol 500 ml,2,3000
12-01-2020,Item-23,Air Mineral Botol 500 ml,2,3000
20-01-2020,Item-23,Air Mineral Botol 500 ml,2,3000
24-01-2020,Item-23,Air Mineral Botol 500 ml,2,3000
10-01-2020,Item-23,Air Mineral Botol 500 ml,2,3000
26-01-2020,Item-23,Air Mineral Botol 500 ml,2,3000
10-01-2020,Item-23,Air Mineral Botol 500 ml,1,3000
30-01-2020,Item-23,Air Mineral Botol 500 ml,1,3000
21-01-2020,Item-23,Air Mineral Botol 500 ml,1,3000
13-01-2020,Item-23,Air Mineral Botol 500 ml,2,3000
13-01-2020,Item-23,Air Mineral Botol 500 ml,1,3000
22-01-2020,Item-23,Air Mineral Botol 500 ml,3,3000
20-01-2020,Item-23,Air Mineral Botol 500 ml,4,3000
12-01-2020,Item-23,Air Mineral Botol 500 ml,3,3000
22-01-2020,Item-23,Air Mineral Botol 500 ml,2,3000
24-01-2020,Item-23,Air Mineral Botol 500 ml,3,3000
17-01-2020,Item-23,Air Mineral Botol 500 ml,3,3000
24-01-2020,Item-23,Air Mineral Botol 500 ml,4,3000
29-01-2020,Item-23,Air Mineral Botol 500 ml,4,3000
27-01-2020,Item-23,Air Mineral Botol 500 ml,2,3000
28-01-2020,Item-23,Air Mineral Botol 500 ml,4,3000
22-01-2020,Item-23,Air Mineral Botol 500 ml,2,3000
13-01-2020,Item-23,Air Mineral Botol 500 ml,3,3000
21-01-2020,Item-23,Air Mineral Botol 500 ml,2,3000
30-01-2020,Item-23,Air Mineral Botol 500 ml,3,3000
17-01-2020,Item-23,Air Mineral Botol 500 ml,4,3000
20-01-2020,Item-23,Air Mineral Botol 500 ml,2,3000
17-01-2020,Item-23,Air Mineral Botol 500 ml,3,3000
22-01-2020,Item-23,Air Mineral Botol 500 ml,1,3000
28-01-2020,Item-23,Air Mineral Botol 500 ml,4,3000
23-01-2020,Item-23,Air Mineral Botol 500 ml,4,3000
29-01-2020,Item-23,Air Mineral Botol 500 ml,3,3000
16-01-2020,Item-23,Air Mineral Botol 500 ml,1,3000
12-01-2020,Item-23,Air Mineral Botol 500 ml,2,3000
20-01-2020,Item-23,Air Mineral Botol 500 ml,4,3000
15-01-2020,Item-23,Air Mineral Botol 500 ml,4,3000
17-01-2020,Item-23,Air Mineral Botol 500 ml,3,3000
17-01-2020,Item-23,Air Mineral Botol 500 ml,2,3000
14-01-2020,Item-23,Air Mineral Botol 500 ml,4,3000
26-01-2020,Item-23,Air Mineral Botol 500 ml,1,3000
21-01-2020,Item-23,Air Mineral Botol 500 ml,2,3000
21-01-2020,Item-23,Air Mineral Botol 500 ml,3,3000
21-01-2020,Item-23,Air Mineral Botol 500 ml,1,3000
21-01-2020,Item-23,Air Mineral Botol 500 ml,2,3000
17-01-2020,Item-23,Air Mineral Botol 500 ml,3,3000
20-01-2020,Item-23,Air Mineral Botol 500 ml,2,3000
24-01-2020,Item-23,Air Mineral Botol 500 ml,1,3000
15-01-2020,Item-24,Pengharum Ruangan,18,7000
24-01-2020,Item-24,Pengharum Ruangan,10,7000
18-01-2020,Item-24,Pengharum Ruangan,1,7000
24-01-2020,Item-24,Pengharum Ruangan,20,7000
21-01-2020,Item-24,Pengharum Ruangan,5,7000
13-01-2020,Item-24,Pengharum Ruangan,17,7000
11-01-2020,Item-24,Pengharum Ruangan,3,7000
21-01-2020,Item-24,Pengharum Ruangan,17,7000
13-01-2020,Item-24,Pengharum Ruangan,13,7000
24-01-2020,Item-24,Pengharum Ruangan,2,7000
21-01-2020,Item-24,Pengharum Ruangan,12,7000
20-01-2020,Item-24,Pengharum Ruangan,6,7000
16-01-2020,Item-24,Pengharum Ruangan,3,7000
16-01-2020,Item-24,Pengharum Ruangan,20,7000
14-01-2020,Item-24,Pengharum Ruangan,11,7000
19-01-2020,Item-24,Pengharum Ruangan,19,7000
10-01-2020,Item-24,Pengharum Ruangan,19,7000
27-01-2020,Item-24,Pengharum Ruangan,3,7000
19-01-2020,Item-24,Pengharum Ruangan,7,7000
12-01-2020,Item-24,Pengharum Ruangan,17,7000
28-01-2020,Item-24,Pengharum Ruangan,5,7000
16-01-2020,Item-24,Pengharum Ruangan,11,7000
21-01-2020,Item-24,Pengharum Ruangan,1,7000
23-01-2020,Item-24,Pengharum Ruangan,19,7000
13-01-2020,Item-24,Pengharum Ruangan,8,7000
27-01-2020,Item-24,Pengharum Ruangan,8,7000
26-01-2020,Item-24,Pengharum Ruangan,6,7000
16-01-2020,Item-24,Pengharum Ruangan,6,7000
10-01-2020,Item-24,Pengharum Ruangan,2,7000
21-01-2020,Item-24,Pengharum Ruangan,9,7000
13-01-2020,Item-24,Pengharum Ruangan,16,7000
29-01-2020,Item-24,Pengharum Ruangan,3,7000
10-01-2020,Item-24,Pengharum Ruangan,8,7000
26-01-2020,Item-24,Pengharum Ruangan,6,7000
30-01-2020,Item-24,Pengharum Ruangan,12,7000
14-01-2020,Item-24,Pengharum Ruangan,18,7000
14-01-2020,Item-24,Pengharum Ruangan,15,7000
14-01-2020,Item-24,Pengharum Ruangan,3,7000
19-01-2020,Item-24,Pengharum Ruangan,18,7000
11-01-2020,Item-24,Pengharum Ruangan,8,7000
10-01-2020,Item-24,Pengharum Ruangan,15,7000
26-01-2020,Item-24,Pengharum Ruangan,10,7000
16-01-2020,Item-24,Pengharum Ruangan,19,7000
28-01-2020,Item-24,Pengharum Ruangan,14,7000
27-01-2020,Item-24,Pengharum Ruangan,5,7000
25-01-2020,Item-24,Pengharum Ruangan,11,7000
11-01-2020,Item-24,Pengharum Ruangan,7,7000
12-01-2020,Item-24,Pengharum Ruangan,10,7000
26-01-2020,Item-24,Pengharum Ruangan,4,7000
21-01-2020,Item-24,Pengharum Ruangan,9,7000
24-01-2020,Item-24,Pengharum Ruangan,16,7000
19-01-2020,Item-24,Pengharum Ruangan,15,7000
24-01-2020,Item-24,Pengharum Ruangan,18,7000
30-01-2020,Item-24,Pengharum Ruangan,14,7000
16-01-2020,Item-24,Pengharum Ruangan,7,7000
26-01-2020,Item-24,Pengharum Ruangan,8,7000
16-01-2020,Item-24,Pengharum Ruangan,4,7000
15-01-2020,Item-24,Pengharum Ruangan,2,7000
12-01-2020,Item-24,Pengharum Ruangan,18,7000
26-01-2020,Item-24,Pengharum Ruangan,6,7000
16-01-2020,Item-24,Pengharum Ruangan,8,7000
25-01-2020,Item-24,Pengharum Ruangan,11,7000
21-01-2020,Item-24,Pengharum Ruangan,3,7000
25-01-2020,Item-24,Pengharum Ruangan,3,7000
17-01-2020,Item-24,Pengharum Ruangan,3,7000
19-01-2020,Item-24,Pengharum Ruangan,11,7000
29-01-2020,Item-24,Pengharum Ruangan,15,7000
16-01-2020,Item-24,Pengharum Ruangan,5,7000
20-01-2020,Item-24,Pengharum Ruangan,11,7000
13-01-2020,Item-24,Pengharum Ruangan,18,7000
16-01-2020,Item-24,Pengharum Ruangan,8,7000
30-01-2020,Item-24,Pengharum Ruangan,3,7000
10-01-2020,Item-24,Pengharum Ruangan,16,7000
16-01-2020,Item-24,Pengharum Ruangan,9,7000
30-01-2020,Item-24,Pengharum Ruangan,9,7000
17-01-2020,Item-24,Pengharum Ruangan,14,7000
19-01-2020,Item-24,Pengharum Ruangan,3,7000
22-01-2020,Item-24,Pengharum Ruangan,14,7000
26-01-2020,Item-24,Pengharum Ruangan,19,7000
30-01-2020,Item-24,Pengharum Ruangan,9,7000
15-01-2020,Item-24,Pengharum Ruangan,1,7000
22-01-2020,Item-24,Pengharum Ruangan,14,7000
30-01-2020,Item-24,Pengharum Ruangan,7,7000
17-01-2020,Item-24,Pengharum Ruangan,2,7000
22-01-2020,Item-24,Pengharum Ruangan,10,7000
20-01-2020,Item-24,Pengharum Ruangan,12,7000
20-01-2020,Item-24,Pengharum Ruangan,18,7000
23-01-2020,Item-24,Pengharum Ruangan,17,7000
10-01-2020,Item-24,Pengharum Ruangan,2,7000
29-01-2020,Item-24,Pengharum Ruangan,1,7000
24-01-2020,Item-24,Pengharum Ruangan,13,7000
14-01-2020,Item-24,Pengharum Ruangan,5,7000
21-01-2020,Item-24,Pengharum Ruangan,7,7000
11-01-2020,Item-24,Pengharum Ruangan,1,7000
11-01-2020,Item-24,Pengharum Ruangan,9,7000
11-01-2020,Item-24,Pengharum Ruangan,13,7000
12-01-2020,Item-24,Pengharum Ruangan,6,7000
10-01-2020,Item-24,Pengharum Ruangan,19,7000
11-01-2020,Item-24,Pengharum Ruangan,10,7000
26-01-2020,Item-24,Pengharum Ruangan,19,7000
17-01-2020,Item-27,Bedak Bayi,5,25000
24-01-2020,Item-24,Pengharum Ruangan,6,7000
19-01-2020,Item-24,Pengharum Ruangan,7,7000
15-01-2020,Item-24,Pengharum Ruangan,4,7000
17-01-2020,Item-24,Pengharum Ruangan,16,7000
21-01-2020,Item-24,Pengharum Ruangan,12,7000
15-01-2020,Item-24,Pengharum Ruangan,10,7000
14-01-2020,Item-24,Pengharum Ruangan,1,7000
24-01-2020,Item-24,Pengharum Ruangan,9,7000
17-01-2020,Item-24,Pengharum Ruangan,4,7000
12-01-2020,Item-24,Pengharum Ruangan,15,7000
19-01-2020,Item-24,Pengharum Ruangan,3,7000
10-01-2020,Item-24,Pengharum Ruangan,9,7000
12-01-2020,Item-24,Pengharum Ruangan,6,7000
29-01-2020,Item-24,Pengharum Ruangan,5,7000
25-01-2020,Item-24,Pengharum Ruangan,13,7000
12-01-2020,Item-24,Pengharum Ruangan,3,7000
16-01-2020,Item-24,Pengharum Ruangan,4,7000
13-01-2020,Item-24,Pengharum Ruangan,12,7000
13-01-2020,Item-24,Pengharum Ruangan,18,7000
26-01-2020,Item-24,Pengharum Ruangan,6,7000
30-01-2020,Item-24,Pengharum Ruangan,15,7000
26-01-2020,Item-24,Pengharum Ruangan,13,7000
17-01-2020,Item-25,Pembalut Wanita Size L,13,15000
19-01-2020,Item-25,Pembalut Wanita Size L,16,15000
14-01-2020,Item-25,Pembalut Wanita Size L,2,15000
21-01-2020,Item-25,Pembalut Wanita Size L,3,15000
16-01-2020,Item-25,Pembalut Wanita Size L,19,15000
19-01-2020,Item-25,Pembalut Wanita Size L,14,15000
12-01-2020,Item-25,Pembalut Wanita Size L,8,15000
23-01-2020,Item-25,Pembalut Wanita Size L,3,15000
28-01-2020,Item-25,Pembalut Wanita Size L,14,15000
29-01-2020,Item-25,Pembalut Wanita Size L,14,15000
21-01-2020,Item-25,Pembalut Wanita Size L,3,15000
30-01-2020,Item-25,Pembalut Wanita Size L,8,15000
20-01-2020,Item-25,Pembalut Wanita Size L,8,15000
20-01-2020,Item-25,Pembalut Wanita Size L,17,15000
19-01-2020,Item-25,Pembalut Wanita Size L,20,15000
24-01-2020,Item-25,Pembalut Wanita Size L,9,15000
24-01-2020,Item-25,Pembalut Wanita Size L,9,15000
20-01-2020,Item-25,Pembalut Wanita Size L,17,15000
26-01-2020,Item-25,Pembalut Wanita Size L,12,15000
12-01-2020,Item-25,Pembalut Wanita Size L,7,15000
12-01-2020,Item-25,Pembalut Wanita Size L,2,15000
27-01-2020,Item-25,Pembalut Wanita Size L,17,15000
23-01-2020,Item-25,Pembalut Wanita Size L,15,15000
15-01-2020,Item-25,Pembalut Wanita Size L,19,15000
18-01-2020,Item-25,Pembalut Wanita Size L,10,15000
24-01-2020,Item-25,Pembalut Wanita Size L,1,15000
25-01-2020,Item-25,Pembalut Wanita Size L,10,15000
18-01-2020,Item-25,Pembalut Wanita Size L,9,15000
21-01-2020,Item-25,Pembalut Wanita Size L,15,15000
29-01-2020,Item-25,Pembalut Wanita Size L,9,15000
26-01-2020,Item-25,Pembalut Wanita Size L,11,15000
28-01-2020,Item-25,Pembalut Wanita Size L,19,15000
24-01-2020,Item-25,Pembalut Wanita Size L,3,15000
11-01-2020,Item-25,Pembalut Wanita Size L,11,15000
24-01-2020,Item-25,Pembalut Wanita Size L,15,15000
24-01-2020,Item-25,Pembalut Wanita Size L,1,15000
19-01-2020,Item-25,Pembalut Wanita Size L,15,15000
18-01-2020,Item-25,Pembalut Wanita Size L,1,15000
29-01-2020,Item-25,Pembalut Wanita Size L,20,15000
19-01-2020,Item-25,Pembalut Wanita Size L,14,15000
29-01-2020,Item-25,Pembalut Wanita Size L,1,15000
22-01-2020,Item-25,Pembalut Wanita Size L,3,15000
26-01-2020,Item-25,Pembalut Wanita Size L,1,15000
28-01-2020,Item-25,Pembalut Wanita Size L,5,15000
10-01-2020,Item-25,Pembalut Wanita Size L,2,15000
12-01-2020,Item-25,Pembalut Wanita Size L,19,15000
20-01-2020,Item-25,Pembalut Wanita Size L,20,15000
16-01-2020,Item-25,Pembalut Wanita Size L,1,15000
22-01-2020,Item-25,Pembalut Wanita Size L,9,15000
22-01-2020,Item-25,Pembalut Wanita Size L,5,15000
23-01-2020,Item-25,Pembalut Wanita Size L,2,15000
17-01-2020,Item-25,Pembalut Wanita Size L,8,15000
10-01-2020,Item-25,Pembalut Wanita Size L,4,15000
19-01-2020,Item-25,Pembalut Wanita Size L,18,15000
14-01-2020,Item-25,Pembalut Wanita Size L,19,15000
25-01-2020,Item-25,Pembalut Wanita Size L,12,15000
20-01-2020,Item-25,Pembalut Wanita Size L,12,15000
18-01-2020,Item-25,Pembalut Wanita Size L,20,15000
15-01-2020,Item-25,Pembalut Wanita Size L,10,15000
29-01-2020,Item-25,Pembalut Wanita Size L,16,15000
13-01-2020,Item-25,Pembalut Wanita Size L,12,15000
26-01-2020,Item-25,Pembalut Wanita Size L,3,15000
21-01-2020,Item-25,Pembalut Wanita Size L,7,15000
21-01-2020,Item-25,Pembalut Wanita Size L,11,15000
16-01-2020,Item-25,Pembalut Wanita Size L,12,15000
13-01-2020,Item-25,Pembalut Wanita Size L,19,15000
13-01-2020,Item-25,Pembalut Wanita Size L,1,15000
29-01-2020,Item-25,Pembalut Wanita Size L,4,15000
26-01-2020,Item-25,Pembalut Wanita Size L,5,15000
12-01-2020,Item-25,Pembalut Wanita Size L,20,15000
10-01-2020,Item-25,Pembalut Wanita Size L,6,15000
12-01-2020,Item-25,Pembalut Wanita Size L,5,15000
17-01-2020,Item-25,Pembalut Wanita Size L,13,15000
29-01-2020,Item-25,Pembalut Wanita Size L,5,15000
25-01-2020,Item-25,Pembalut Wanita Size L,4,15000
21-01-2020,Item-25,Pembalut Wanita Size L,13,15000
16-01-2020,Item-25,Pembalut Wanita Size L,2,15000
18-01-2020,Item-25,Pembalut Wanita Size L,10,15000
21-01-2020,Item-25,Pembalut Wanita Size L,19,15000
11-01-2020,Item-25,Pembalut Wanita Size L,4,15000
17-01-2020,Item-25,Pembalut Wanita Size L,10,15000
14-01-2020,Item-25,Pembalut Wanita Size L,7,15000
12-01-2020,Item-25,Pembalut Wanita Size L,20,15000
18-01-2020,Item-25,Pembalut Wanita Size L,13,15000
23-01-2020,Item-25,Pembalut Wanita Size L,7,15000
28-01-2020,Item-25,Pembalut Wanita Size L,20,15000
23-01-2020,Item-25,Pembalut Wanita Size L,8,15000
15-01-2020,Item-25,Pembalut Wanita Size L,8,15000
17-01-2020,Item-25,Pembalut Wanita Size L,13,15000
20-01-2020,Item-25,Pembalut Wanita Size L,15,15000
16-01-2020,Item-25,Pembalut Wanita Size L,9,15000
25-01-2020,Item-25,Pembalut Wanita Size L,19,15000
11-01-2020,Item-25,Pembalut Wanita Size L,7,15000
13-01-2020,Item-25,Pembalut Wanita Size L,16,15000
20-01-2020,Item-25,Pembalut Wanita Size L,18,15000
21-01-2020,Item-25,Pembalut Wanita Size L,17,15000
26-01-2020,Item-25,Pembalut Wanita Size L,1,15000
30-01-2020,Item-25,Pembalut Wanita Size L,19,15000
27-01-2020,Item-25,Pembalut Wanita Size L,2,15000
15-01-2020,Item-25,Pembalut Wanita Size L,6,15000
13-01-2020,Item-25,Pembalut Wanita Size L,3,15000
23-01-2020,Item-25,Pembalut Wanita Size L,4,15000
13-01-2020,Item-25,Pembalut Wanita Size L,12,15000
28-01-2020,Item-25,Pembalut Wanita Size L,16,15000
29-01-2020,Item-25,Pembalut Wanita Size L,20,15000
26-01-2020,Item-25,Pembalut Wanita Size L,9,15000
27-01-2020,Item-25,Pembalut Wanita Size L,16,15000
10-01-2020,Item-25,Pembalut Wanita Size L,8,15000
30-01-2020,Item-25,Pembalut Wanita Size L,9,15000
23-01-2020,Item-25,Pembalut Wanita Size L,7,15000
16-01-2020,Item-25,Pembalut Wanita Size L,6,15000
30-01-2020,Item-25,Pembalut Wanita Size L,19,15000
22-01-2020,Item-25,Pembalut Wanita Size L,5,15000
21-01-2020,Item-25,Pembalut Wanita Size L,13,15000
13-01-2020,Item-25,Pembalut Wanita Size L,3,15000
10-01-2020,Item-25,Pembalut Wanita Size L,5,15000
10-01-2020,Item-25,Pembalut Wanita Size L,12,15000
19-01-2020,Item-25,Pembalut Wanita Size L,11,15000
16-01-2020,Item-25,Pembalut Wanita Size L,13,15000
16-01-2020,Item-25,Pembalut Wanita Size L,14,15000
13-01-2020,Item-25,Pembalut Wanita Size L,12,15000
25-01-2020,Item-25,Pembalut Wanita Size L,20,15000
12-01-2020,Item-25,Pembalut Wanita Size L,6,15000
25-01-2020,Item-25,Pembalut Wanita Size L,15,15000
14-01-2020,Item-25,Pembalut Wanita Size L,10,15000
18-01-2020,Item-25,Pembalut Wanita Size L,15,15000
27-01-2020,Item-25,Pembalut Wanita Size L,16,15000
10-01-2020,Item-25,Pembalut Wanita Size L,10,15000
10-01-2020,Item-26,Susu Bubuk 195g,11,45000
12-01-2020,Item-26,Susu Bubuk 195g,19,45000
12-01-2020,Item-26,Susu Bubuk 195g,9,45000
11-01-2020,Item-26,Susu Bubuk 195g,11,45000
16-01-2020,Item-26,Susu Bubuk 195g,10,45000
20-01-2020,Item-26,Susu Bubuk 195g,2,45000
23-01-2020,Item-26,Susu Bubuk 195g,13,45000
28-01-2020,Item-26,Susu Bubuk 195g,6,45000
22-01-2020,Item-26,Susu Bubuk 195g,11,45000
10-01-2020,Item-26,Susu Bubuk 195g,15,45000
29-01-2020,Item-26,Susu Bubuk 195g,7,45000
26-01-2020,Item-26,Susu Bubuk 195g,18,45000
11-01-2020,Item-26,Susu Bubuk 195g,14,45000
13-01-2020,Item-26,Susu Bubuk 195g,15,45000
28-01-2020,Item-26,Susu Bubuk 195g,8,45000
22-01-2020,Item-26,Susu Bubuk 195g,7,45000
13-01-2020,Item-26,Susu Bubuk 195g,17,45000
24-01-2020,Item-26,Susu Bubuk 195g,16,45000
18-01-2020,Item-26,Susu Bubuk 195g,5,45000
17-01-2020,Item-26,Susu Bubuk 195g,8,45000
30-01-2020,Item-26,Susu Bubuk 195g,14,45000
22-01-2020,Item-26,Susu Bubuk 195g,7,45000
17-01-2020,Item-26,Susu Bubuk 195g,8,45000
19-01-2020,Item-26,Susu Bubuk 195g,19,45000
13-01-2020,Item-26,Susu Bubuk 195g,19,45000
19-01-2020,Item-26,Susu Bubuk 195g,19,45000
24-01-2020,Item-26,Susu Bubuk 195g,14,45000
21-01-2020,Item-26,Susu Bubuk 195g,9,45000
10-01-2020,Item-26,Susu Bubuk 195g,15,45000
10-01-2020,Item-26,Susu Bubuk 195g,4,45000
28-01-2020,Item-26,Susu Bubuk 195g,18,45000
13-01-2020,Item-26,Susu Bubuk 195g,2,45000
29-01-2020,Item-26,Susu Bubuk 195g,20,45000
13-01-2020,Item-26,Susu Bubuk 195g,7,45000
10-01-2020,Item-26,Susu Bubuk 195g,18,45000
23-01-2020,Item-26,Susu Bubuk 195g,14,45000
27-01-2020,Item-26,Susu Bubuk 195g,5,45000
29-01-2020,Item-26,Susu Bubuk 195g,7,45000
28-01-2020,Item-26,Susu Bubuk 195g,13,45000
10-01-2020,Item-26,Susu Bubuk 195g,18,45000
14-01-2020,Item-26,Susu Bubuk 195g,1,45000
23-01-2020,Item-26,Susu Bubuk 195g,2,45000
20-01-2020,Item-26,Susu Bubuk 195g,13,45000
30-01-2020,Item-26,Susu Bubuk 195g,18,45000
21-01-2020,Item-26,Susu Bubuk 195g,4,45000
22-01-2020,Item-26,Susu Bubuk 195g,5,45000
24-01-2020,Item-26,Susu Bubuk 195g,20,45000
12-01-2020,Item-26,Susu Bubuk 195g,8,45000
17-01-2020,Item-26,Susu Bubuk 195g,4,45000
20-01-2020,Item-26,Susu Bubuk 195g,8,45000
20-01-2020,Item-26,Susu Bubuk 195g,8,45000
30-01-2020,Item-33,Es Cream,2,5000
14-01-2020,Item-33,Es Cream,14,5000
25-01-2020,Item-33,Es Cream,9,5000
16-01-2020,Item-33,Es Cream,9,5000
12-01-2020,Item-33,Es Cream,7,5000
10-01-2020,Item-33,Es Cream,7,5000
10-01-2020,Item-33,Es Cream,12,5000
19-01-2020,Item-33,Es Cream,19,5000
11-01-2020,Item-33,Es Cream,16,5000
10-01-2020,Item-33,Es Cream,20,5000
29-01-2020,Item-33,Es Cream,12,5000
30-01-2020,Item-27,Bedak Bayi,19,25000
20-01-2020,Item-27,Bedak Bayi,11,25000
18-01-2020,Item-27,Bedak Bayi,8,25000
12-01-2020,Item-27,Bedak Bayi,15,25000
12-01-2020,Item-27,Bedak Bayi,9,25000
14-01-2020,Item-27,Bedak Bayi,3,25000
25-01-2020,Item-27,Bedak Bayi,4,25000
24-01-2020,Item-27,Bedak Bayi,12,25000
22-01-2020,Item-27,Bedak Bayi,3,25000
29-01-2020,Item-27,Bedak Bayi,16,25000
30-01-2020,Item-27,Bedak Bayi,2,25000
24-01-2020,Item-27,Bedak Bayi,2,25000
20-01-2020,Item-27,Bedak Bayi,13,25000
18-01-2020,Item-27,Bedak Bayi,6,25000
23-01-2020,Item-27,Bedak Bayi,7,25000
18-01-2020,Item-27,Bedak Bayi,12,25000
17-01-2020,Item-27,Bedak Bayi,11,25000
16-01-2020,Item-27,Bedak Bayi,2,25000
12-01-2020,Item-27,Bedak Bayi,13,25000
21-01-2020,Item-27,Bedak Bayi,19,25000
20-01-2020,Item-27,Bedak Bayi,13,25000
25-01-2020,Item-27,Bedak Bayi,4,25000
18-01-2020,Item-27,Bedak Bayi,20,25000
17-01-2020,Item-27,Bedak Bayi,3,25000
29-01-2020,Item-27,Bedak Bayi,18,25000
22-01-2020,Item-27,Bedak Bayi,1,25000
17-01-2020,Item-27,Bedak Bayi,3,25000
26-01-2020,Item-27,Bedak Bayi,2,25000
17-01-2020,Item-27,Bedak Bayi,11,25000
20-01-2020,Item-27,Bedak Bayi,14,25000
27-01-2020,Item-27,Bedak Bayi,6,25000
11-01-2020,Item-27,Bedak Bayi,17,25000
25-01-2020,Item-27,Bedak Bayi,19,25000
29-01-2020,Item-27,Bedak Bayi,15,25000
17-01-2020,Item-27,Bedak Bayi,16,25000
30-01-2020,Item-27,Bedak Bayi,15,25000
12-01-2020,Item-27,Bedak Bayi,15,25000
21-01-2020,Item-27,Bedak Bayi,2,25000
13-01-2020,Item-27,Bedak Bayi,12,25000
25-01-2020,Item-27,Bedak Bayi,10,25000
20-01-2020,Item-27,Bedak Bayi,4,25000
26-01-2020,Item-27,Bedak Bayi,8,25000
30-01-2020,Item-27,Bedak Bayi,13,25000
14-01-2020,Item-27,Bedak Bayi,8,25000
14-01-2020,Item-27,Bedak Bayi,7,25000
18-01-2020,Item-27,Bedak Bayi,17,25000
28-01-2020,Item-27,Bedak Bayi,4,25000
20-01-2020,Item-27,Bedak Bayi,7,25000
25-01-2020,Item-27,Bedak Bayi,4,25000
26-01-2020,Item-27,Bedak Bayi,10,25000
11-01-2020,Item-27,Bedak Bayi,13,25000
18-01-2020,Item-27,Bedak Bayi,10,25000
12-01-2020,Item-27,Bedak Bayi,9,25000
27-01-2020,Item-27,Bedak Bayi,2,25000
19-01-2020,Item-27,Bedak Bayi,4,25000
17-01-2020,Item-27,Bedak Bayi,1,25000
28-01-2020,Item-27,Bedak Bayi,9,25000
14-01-2020,Item-27,Bedak Bayi,16,25000
18-01-2020,Item-27,Bedak Bayi,3,25000
28-01-2020,Item-27,Bedak Bayi,2,25000
18-01-2020,Item-27,Bedak Bayi,18,25000
25-01-2020,Item-27,Bedak Bayi,20,25000
22-01-2020,Item-27,Bedak Bayi,8,25000
27-01-2020,Item-27,Bedak Bayi,1,25000
16-01-2020,Item-27,Bedak Bayi,11,25000
24-01-2020,Item-27,Bedak Bayi,20,25000
19-01-2020,Item-27,Bedak Bayi,20,25000
26-01-2020,Item-27,Bedak Bayi,1,25000
30-01-2020,Item-27,Bedak Bayi,6,25000
16-01-2020,Item-27,Bedak Bayi,20,25000
14-01-2020,Item-27,Bedak Bayi,4,25000
21-01-2020,Item-27,Bedak Bayi,20,25000
22-01-2020,Item-27,Bedak Bayi,1,25000
14-01-2020,Item-27,Bedak Bayi,18,25000
30-01-2020,Item-27,Bedak Bayi,10,25000
11-01-2020,Item-27,Bedak Bayi,2,25000
11-01-2020,Item-27,Bedak Bayi,4,25000
14-01-2020,Item-27,Bedak Bayi,14,25000
24-01-2020,Item-27,Bedak Bayi,11,25000
10-01-2020,Item-27,Bedak Bayi,6,25000
27-01-2020,Item-27,Bedak Bayi,7,25000
17-01-2020,Item-27,Bedak Bayi,14,25000
24-01-2020,Item-27,Bedak Bayi,11,25000
22-01-2020,Item-27,Bedak Bayi,10,25000
13-01-2020,Item-27,Bedak Bayi,13,25000
21-01-2020,Item-27,Bedak Bayi,18,25000
28-01-2020,Item-27,Bedak Bayi,12,25000
17-01-2020,Item-27,Bedak Bayi,9,25000
24-01-2020,Item-27,Bedak Bayi,6,25000
19-01-2020,Item-27,Bedak Bayi,3,25000
22-01-2020,Item-27,Bedak Bayi,14,25000
19-01-2020,Item-27,Bedak Bayi,4,25000
19-01-2020,Item-27,Bedak Bayi,15,25000
25-01-2020,Item-27,Bedak Bayi,15,25000
27-01-2020,Item-27,Bedak Bayi,16,25000
15-01-2020,Item-27,Bedak Bayi,1,25000
11-01-2020,Item-27,Bedak Bayi,12,25000
30-01-2020,Item-27,Bedak Bayi,9,25000
27-01-2020,Item-27,Bedak Bayi,11,25000
27-01-2020,Item-27,Bedak Bayi,16,25000
13-01-2020,Item-27,Bedak Bayi,18,25000
17-01-2020,Item-27,Bedak Bayi,12,25000
24-01-2020,Item-27,Bedak Bayi,17,25000
25-01-2020,Item-27,Bedak Bayi,19,25000
12-01-2020,Item-27,Bedak Bayi,5,25000
26-01-2020,Item-27,Bedak Bayi,7,25000
27-01-2020,Item-27,Bedak Bayi,13,25000
16-01-2020,Item-27,Bedak Bayi,9,25000
30-01-2020,Item-27,Bedak Bayi,9,25000
30-01-2020,Item-27,Bedak Bayi,5,25000
25-01-2020,Item-27,Bedak Bayi,3,25000
14-01-2020,Item-27,Bedak Bayi,14,25000
10-01-2020,Item-27,Bedak Bayi,3,25000
27-01-2020,Item-27,Bedak Bayi,5,25000
20-01-2020,Item-27,Bedak Bayi,13,25000
23-01-2020,Item-28,Tisu,8,7000
16-01-2020,Item-28,Tisu,20,7000
19-01-2020,Item-28,Tisu,20,7000
28-01-2020,Item-28,Tisu,7,7000
19-01-2020,Item-28,Tisu,6,7000
27-01-2020,Item-28,Tisu,6,7000
26-01-2020,Item-28,Tisu,14,7000
22-01-2020,Item-28,Tisu,15,7000
12-01-2020,Item-28,Tisu,10,7000
24-01-2020,Item-28,Tisu,3,7000
17-01-2020,Item-28,Tisu,16,7000
12-01-2020,Item-28,Tisu,16,7000
11-01-2020,Item-28,Tisu,20,7000
12-01-2020,Item-28,Tisu,2,7000
15-01-2020,Item-28,Tisu,19,7000
22-01-2020,Item-28,Tisu,17,7000
13-01-2020,Item-28,Tisu,18,7000
16-01-2020,Item-28,Tisu,9,7000
26-01-2020,Item-28,Tisu,20,7000
29-01-2020,Item-28,Tisu,6,7000
26-01-2020,Item-28,Tisu,14,7000
19-01-2020,Item-28,Tisu,7,7000
26-01-2020,Item-28,Tisu,20,7000
28-01-2020,Item-28,Tisu,10,7000
15-01-2020,Item-28,Tisu,19,7000
26-01-2020,Item-28,Tisu,17,7000
20-01-2020,Item-28,Tisu,7,7000
19-01-2020,Item-28,Tisu,1,7000
13-01-2020,Item-28,Tisu,19,7000
13-01-2020,Item-28,Tisu,11,7000
25-01-2020,Item-28,Tisu,17,7000
28-01-2020,Item-28,Tisu,19,7000
15-01-2020,Item-28,Tisu,18,7000
27-01-2020,Item-28,Tisu,4,7000
17-01-2020,Item-28,Tisu,4,7000
22-01-2020,Item-28,Tisu,9,7000
21-01-2020,Item-28,Tisu,9,7000
12-01-2020,Item-28,Tisu,2,7000
11-01-2020,Item-28,Tisu,17,7000
30-01-2020,Item-28,Tisu,1,7000
12-01-2020,Item-28,Tisu,8,7000
29-01-2020,Item-28,Tisu,20,7000
13-01-2020,Item-28,Tisu,11,7000
18-01-2020,Item-28,Tisu,8,7000
16-01-2020,Item-28,Tisu,1,7000
30-01-2020,Item-28,Tisu,18,7000
30-01-2020,Item-28,Tisu,5,7000
22-01-2020,Item-28,Tisu,19,7000
28-01-2020,Item-28,Tisu,5,7000
25-01-2020,Item-28,Tisu,12,7000
11-01-2020,Item-28,Tisu,9,7000
10-01-2020,Item-28,Tisu,13,7000
17-01-2020,Item-28,Tisu,16,7000
28-01-2020,Item-28,Tisu,11,7000
24-01-2020,Item-28,Tisu,8,7000
10-01-2020,Item-28,Tisu,7,7000
12-01-2020,Item-28,Tisu,10,7000
20-01-2020,Item-28,Tisu,7,7000
10-01-2020,Item-28,Tisu,11,7000
18-01-2020,Item-28,Tisu,2,7000
18-01-2020,Item-28,Tisu,11,7000
13-01-2020,Item-28,Tisu,9,7000
24-01-2020,Item-28,Tisu,11,7000
19-01-2020,Item-28,Tisu,5,7000
13-01-2020,Item-28,Tisu,5,7000
27-01-2020,Item-28,Tisu,19,7000
20-01-2020,Item-28,Tisu,16,7000
11-01-2020,Item-28,Tisu,6,7000
25-01-2020,Item-28,Tisu,16,7000
11-01-2020,Item-28,Tisu,12,7000
22-01-2020,Item-28,Tisu,13,7000
27-01-2020,Item-28,Tisu,12,7000
18-01-2020,Item-28,Tisu,10,7000
19-01-2020,Item-28,Tisu,1,7000
20-01-2020,Item-28,Tisu,8,7000
17-01-2020,Item-28,Tisu,4,7000
30-01-2020,Item-28,Tisu,2,7000
15-01-2020,Item-28,Tisu,1,7000
27-01-2020,Item-28,Tisu,1,7000
12-01-2020,Item-28,Tisu,11,7000
26-01-2020,Item-28,Tisu,9,7000
14-01-2020,Item-28,Tisu,2,7000
18-01-2020,Item-28,Tisu,20,7000
10-01-2020,Item-28,Tisu,13,7000
29-01-2020,Item-28,Tisu,9,7000
19-01-2020,Item-28,Tisu,3,7000
25-01-2020,Item-28,Tisu,14,7000
19-01-2020,Item-28,Tisu,7,7000
11-01-2020,Item-28,Tisu,17,7000
11-01-2020,Item-28,Tisu,1,7000
12-01-2020,Item-28,Tisu,20,7000
19-01-2020,Item-28,Tisu,5,7000
25-01-2020,Item-28,Tisu,6,7000
10-01-2020,Item-28,Tisu,1,7000
13-01-2020,Item-28,Tisu,19,7000
11-01-2020,Item-28,Tisu,5,7000
16-01-2020,Item-28,Tisu,19,7000
11-01-2020,Item-28,Tisu,17,7000
27-01-2020,Item-28,Tisu,8,7000
15-01-2020,Item-28,Tisu,5,7000
11-01-2020,Item-28,Tisu,12,7000
10-01-2020,Item-28,Tisu,18,7000
29-01-2020,Item-28,Tisu,15,7000
23-01-2020,Item-28,Tisu,12,7000
18-01-2020,Item-28,Tisu,2,7000
29-01-2020,Item-28,Tisu,4,7000
12-01-2020,Item-28,Tisu,8,7000
25-01-2020,Item-28,Tisu,11,7000
24-01-2020,Item-28,Tisu,13,7000
30-01-2020,Item-28,Tisu,20,7000
16-01-2020,Item-28,Tisu,4,7000
24-01-2020,Item-28,Tisu,6,7000
27-01-2020,Item-28,Tisu,10,7000
27-01-2020,Item-28,Tisu,19,7000
19-01-2020,Item-28,Tisu,4,7000
23-01-2020,Item-28,Tisu,8,7000
18-01-2020,Item-28,Tisu,15,7000
16-01-2020,Item-28,Tisu,10,7000
14-01-2020,Item-28,Tisu,4,7000
26-01-2020,Item-28,Tisu,5,7000
14-01-2020,Item-28,Tisu,4,7000
29-01-2020,Item-28,Tisu,11,7000
13-01-2020,Item-28,Tisu,19,7000
13-01-2020,Item-28,Tisu,18,7000
23-01-2020,Item-28,Tisu,19,7000
28-01-2020,Item-28,Tisu,18,7000
24-01-2020,Item-28,Tisu,13,7000
20-01-2020,Item-28,Tisu,16,7000
11-01-2020,Item-28,Tisu,14,7000
17-01-2020,Item-28,Tisu,6,7000
24-01-2020,Item-28,Tisu,9,7000
23-01-2020,Item-28,Tisu,11,7000
17-01-2020,Item-28,Tisu,12,7000
10-01-2020,Item-28,Tisu,7,7000
26-01-2020,Item-28,Tisu,20,7000
24-01-2020,Item-28,Tisu,17,7000
27-01-2020,Item-28,Tisu,12,7000
19-01-2020,Item-28,Tisu,16,7000
26-01-2020,Item-28,Tisu,13,7000
28-01-2020,Item-28,Tisu,14,7000
14-01-2020,Item-28,Tisu,14,7000
24-01-2020,Item-28,Tisu,19,7000
24-01-2020,Item-28,Tisu,6,7000
23-01-2020,Item-28,Tisu,5,7000
26-01-2020,Item-28,Tisu,4,7000
14-01-2020,Item-28,Tisu,5,7000
14-01-2020,Item-28,Tisu,13,7000
27-01-2020,Item-28,Tisu,12,7000
21-01-2020,Item-28,Tisu,20,7000
14-01-2020,Item-28,Tisu,6,7000
17-01-2020,Item-28,Tisu,12,7000
22-01-2020,Item-28,Tisu,14,7000
16-01-2020,Item-28,Tisu,6,7000
15-01-2020,Item-28,Tisu,16,7000
21-01-2020,Item-28,Tisu,7,7000
30-01-2020,Item-28,Tisu,15,7000
23-01-2020,Item-28,Tisu,1,7000
16-01-2020,Item-28,Tisu,2,7000
29-01-2020,Item-28,Tisu,7,7000
21-01-2020,Item-28,Tisu,7,7000
17-01-2020,Item-28,Tisu,4,7000
20-01-2020,Item-28,Tisu,15,7000
20-01-2020,Item-28,Tisu,5,7000
12-01-2020,Item-28,Tisu,14,7000
23-01-2020,Item-28,Tisu,11,7000
10-01-2020,Item-28,Tisu,5,7000
16-01-2020,Item-28,Tisu,2,7000
21-01-2020,Item-29,Bubur Bayi,20,8000
15-01-2020,Item-29,Bubur Bayi,16,8000
14-01-2020,Item-29,Bubur Bayi,2,8000
12-01-2020,Item-29,Bubur Bayi,15,8000
27-01-2020,Item-29,Bubur Bayi,17,8000
28-01-2020,Item-29,Bubur Bayi,4,8000
10-01-2020,Item-29,Bubur Bayi,7,8000
13-01-2020,Item-29,Bubur Bayi,2,8000
14-01-2020,Item-29,Bubur Bayi,3,8000
22-01-2020,Item-29,Bubur Bayi,12,8000
16-01-2020,Item-29,Bubur Bayi,2,8000
19-01-2020,Item-29,Bubur Bayi,11,8000
19-01-2020,Item-29,Bubur Bayi,11,8000
14-01-2020,Item-29,Bubur Bayi,13,8000
11-01-2020,Item-29,Bubur Bayi,20,8000
13-01-2020,Item-29,Bubur Bayi,9,8000
18-01-2020,Item-29,Bubur Bayi,1,8000
13-01-2020,Item-29,Bubur Bayi,13,8000
29-01-2020,Item-29,Bubur Bayi,13,8000
11-01-2020,Item-29,Bubur Bayi,12,8000
15-01-2020,Item-29,Bubur Bayi,19,8000
11-01-2020,Item-29,Bubur Bayi,1,8000
16-01-2020,Item-29,Bubur Bayi,1,8000
24-01-2020,Item-29,Bubur Bayi,20,8000
30-01-2020,Item-29,Bubur Bayi,7,8000
24-01-2020,Item-29,Bubur Bayi,18,8000
17-01-2020,Item-29,Bubur Bayi,6,8000
17-01-2020,Item-29,Bubur Bayi,1,8000
15-01-2020,Item-29,Bubur Bayi,17,8000
28-01-2020,Item-29,Bubur Bayi,15,8000
12-01-2020,Item-29,Bubur Bayi,13,8000
30-01-2020,Item-29,Bubur Bayi,7,8000
14-01-2020,Item-29,Bubur Bayi,16,8000
25-01-2020,Item-29,Bubur Bayi,8,8000
27-01-2020,Item-29,Bubur Bayi,6,8000
19-01-2020,Item-29,Bubur Bayi,20,8000
15-01-2020,Item-29,Bubur Bayi,2,8000
27-01-2020,Item-29,Bubur Bayi,20,8000
20-01-2020,Item-29,Bubur Bayi,18,8000
14-01-2020,Item-29,Bubur Bayi,17,8000
28-01-2020,Item-29,Bubur Bayi,18,8000
17-01-2020,Item-29,Bubur Bayi,5,8000
11-01-2020,Item-29,Bubur Bayi,18,8000
28-01-2020,Item-29,Bubur Bayi,5,8000
12-01-2020,Item-29,Bubur Bayi,17,8000
25-01-2020,Item-29,Bubur Bayi,7,8000
23-01-2020,Item-29,Bubur Bayi,8,8000
13-01-2020,Item-29,Bubur Bayi,13,8000
21-01-2020,Item-29,Bubur Bayi,15,8000
21-01-2020,Item-29,Bubur Bayi,9,8000
15-01-2020,Item-29,Bubur Bayi,2,8000
27-01-2020,Item-29,Bubur Bayi,19,8000
27-01-2020,Item-29,Bubur Bayi,2,8000
27-01-2020,Item-29,Bubur Bayi,4,8000
29-01-2020,Item-29,Bubur Bayi,3,8000
13-01-2020,Item-29,Bubur Bayi,11,8000
23-01-2020,Item-29,Bubur Bayi,13,8000
30-01-2020,Item-29,Bubur Bayi,1,8000
28-01-2020,Item-29,Bubur Bayi,2,8000
28-01-2020,Item-29,Bubur Bayi,17,8000
20-01-2020,Item-29,Bubur Bayi,11,8000
26-01-2020,Item-29,Bubur Bayi,12,8000
13-01-2020,Item-29,Bubur Bayi,12,8000
26-01-2020,Item-29,Bubur Bayi,14,8000
29-01-2020,Item-29,Bubur Bayi,5,8000
12-01-2020,Item-29,Bubur Bayi,18,8000
23-01-2020,Item-29,Bubur Bayi,2,8000
12-01-2020,Item-29,Bubur Bayi,13,8000
17-01-2020,Item-29,Bubur Bayi,12,8000
23-01-2020,Item-29,Bubur Bayi,14,8000
27-01-2020,Item-29,Bubur Bayi,6,8000
16-01-2020,Item-29,Bubur Bayi,3,8000
14-01-2020,Item-29,Bubur Bayi,2,8000
29-01-2020,Item-29,Bubur Bayi,14,8000
16-01-2020,Item-29,Bubur Bayi,6,8000
18-01-2020,Item-29,Bubur Bayi,20,8000
21-01-2020,Item-29,Bubur Bayi,18,8000
22-01-2020,Item-29,Bubur Bayi,13,8000
23-01-2020,Item-29,Bubur Bayi,7,8000
10-01-2020,Item-29,Bubur Bayi,3,8000
28-01-2020,Item-29,Bubur Bayi,17,8000
18-01-2020,Item-29,Bubur Bayi,18,8000
20-01-2020,Item-29,Bubur Bayi,20,8000
17-01-2020,Item-29,Bubur Bayi,11,8000
30-01-2020,Item-29,Bubur Bayi,20,8000
14-01-2020,Item-29,Bubur Bayi,8,8000
18-01-2020,Item-29,Bubur Bayi,18,8000
26-01-2020,Item-29,Bubur Bayi,10,8000
27-01-2020,Item-29,Bubur Bayi,15,8000
28-01-2020,Item-29,Bubur Bayi,15,8000
19-01-2020,Item-29,Bubur Bayi,15,8000
23-01-2020,Item-29,Bubur Bayi,5,8000
28-01-2020,Item-29,Bubur Bayi,9,8000
25-01-2020,Item-29,Bubur Bayi,8,8000
20-01-2020,Item-29,Bubur Bayi,19,8000
22-01-2020,Item-29,Bubur Bayi,4,8000
27-01-2020,Item-29,Bubur Bayi,18,8000
27-01-2020,Item-29,Bubur Bayi,3,8000
19-01-2020,Item-29,Bubur Bayi,10,8000
17-01-2020,Item-29,Bubur Bayi,9,8000
27-01-2020,Item-29,Bubur Bayi,7,8000
28-01-2020,Item-29,Bubur Bayi,4,8000
12-01-2020,Item-29,Bubur Bayi,10,8000
21-01-2020,Item-29,Bubur Bayi,15,8000
30-01-2020,Item-29,Bubur Bayi,3,8000
27-01-2020,Item-29,Bubur Bayi,17,8000
26-01-2020,Item-29,Bubur Bayi,1,8000
20-01-2020,Item-29,Bubur Bayi,3,8000
20-01-2020,Item-29,Bubur Bayi,17,8000
16-01-2020,Item-29,Bubur Bayi,10,8000
19-01-2020,Item-29,Bubur Bayi,8,8000
21-01-2020,Item-29,Bubur Bayi,1,8000
23-01-2020,Item-29,Bubur Bayi,3,8000
29-01-2020,Item-29,Bubur Bayi,14,8000
13-01-2020,Item-29,Bubur Bayi,7,8000
14-01-2020,Item-29,Bubur Bayi,11,8000
17-01-2020,Item-29,Bubur Bayi,1,8000
10-01-2020,Item-29,Bubur Bayi,1,8000
27-01-2020,Item-29,Bubur Bayi,18,8000
12-01-2020,Item-29,Bubur Bayi,12,8000
22-01-2020,Item-29,Bubur Bayi,12,8000
28-01-2020,Item-29,Bubur Bayi,1,8000
11-01-2020,Item-29,Bubur Bayi,6,8000
15-01-2020,Item-29,Bubur Bayi,15,8000
11-01-2020,Item-29,Bubur Bayi,4,8000
18-01-2020,Item-29,Bubur Bayi,9,8000
30-01-2020,Item-29,Bubur Bayi,16,8000
12-01-2020,Item-29,Bubur Bayi,15,8000
19-01-2020,Item-29,Bubur Bayi,18,8000
12-01-2020,Item-29,Bubur Bayi,15,8000
24-01-2020,Item-29,Bubur Bayi,8,8000
30-01-2020,Item-29,Bubur Bayi,16,8000
17-01-2020,Item-29,Bubur Bayi,18,8000
19-01-2020,Item-29,Bubur Bayi,10,8000
12-01-2020,Item-29,Bubur Bayi,7,8000
20-01-2020,Item-29,Bubur Bayi,18,8000
20-01-2020,Item-29,Bubur Bayi,3,8000
18-01-2020,Item-29,Bubur Bayi,10,8000
19-01-2020,Item-29,Bubur Bayi,19,8000
10-01-2020,Item-29,Bubur Bayi,11,8000
18-01-2020,Item-29,Bubur Bayi,17,8000
14-01-2020,Item-29,Bubur Bayi,9,8000
20-01-2020,Item-29,Bubur Bayi,1,8000
13-01-2020,Item-29,Bubur Bayi,3,8000
15-01-2020,Item-29,Bubur Bayi,2,8000
17-01-2020,Item-29,Bubur Bayi,14,8000
29-01-2020,Item-29,Bubur Bayi,8,8000
27-01-2020,Item-29,Bubur Bayi,16,8000
19-01-2020,Item-29,Bubur Bayi,15,8000
23-01-2020,Item-29,Bubur Bayi,7,8000
21-01-2020,Item-29,Bubur Bayi,20,8000
23-01-2020,Item-29,Bubur Bayi,18,8000
11-01-2020,Item-29,Bubur Bayi,3,8000
10-01-2020,Item-29,Bubur Bayi,18,8000
23-01-2020,Item-29,Bubur Bayi,14,8000
21-01-2020,Item-29,Bubur Bayi,16,8000
14-01-2020,Item-29,Bubur Bayi,20,8000
13-01-2020,Item-29,Bubur Bayi,13,8000
30-01-2020,Item-29,Bubur Bayi,4,8000
24-01-2020,Item-29,Bubur Bayi,2,8000
19-01-2020,Item-29,Bubur Bayi,1,8000
26-01-2020,Item-29,Bubur Bayi,1,8000
13-01-2020,Item-29,Bubur Bayi,13,8000
18-01-2020,Item-29,Bubur Bayi,6,8000
11-01-2020,Item-29,Bubur Bayi,12,8000
18-01-2020,Item-29,Bubur Bayi,20,8000
10-01-2020,Item-29,Bubur Bayi,14,8000
23-01-2020,Item-30,Kosmetik Wanita,3,8000
24-01-2020,Item-14,Teh Celup Melati,4,7800
23-01-2020,Item-14,Teh Celup Melati,5,7800
21-01-2020,Item-14,Teh Celup Melati,10,7800
16-01-2020,Item-14,Teh Celup Melati,7,7800
26-01-2020,Item-30,Kosmetik Wanita,15,8000
23-01-2020,Item-30,Kosmetik Wanita,20,8000
16-01-2020,Item-30,Kosmetik Wanita,15,8000
22-01-2020,Item-30,Kosmetik Wanita,5,8000
30-01-2020,Item-30,Kosmetik Wanita,18,8000
20-01-2020,Item-30,Kosmetik Wanita,15,8000
25-01-2020,Item-30,Kosmetik Wanita,12,8000
12-01-2020,Item-30,Kosmetik Wanita,5,8000
18-01-2020,Item-30,Kosmetik Wanita,10,8000
12-01-2020,Item-30,Kosmetik Wanita,19,8000
11-01-2020,Item-30,Kosmetik Wanita,19,8000
27-01-2020,Item-30,Kosmetik Wanita,6,8000
17-01-2020,Item-30,Kosmetik Wanita,12,8000
23-01-2020,Item-30,Kosmetik Wanita,4,8000
17-01-2020,Item-30,Kosmetik Wanita,14,8000
25-01-2020,Item-30,Kosmetik Wanita,8,8000
23-01-2020,Item-30,Kosmetik Wanita,8,8000
30-01-2020,Item-30,Kosmetik Wanita,19,8000
30-01-2020,Item-30,Kosmetik Wanita,19,8000
17-01-2020,Item-30,Kosmetik Wanita,17,8000
28-01-2020,Item-30,Kosmetik Wanita,3,8000
14-01-2020,Item-30,Kosmetik Wanita,7,8000
17-01-2020,Item-30,Kosmetik Wanita,5,8000
28-01-2020,Item-30,Kosmetik Wanita,13,8000
19-01-2020,Item-30,Kosmetik Wanita,14,8000
17-01-2020,Item-30,Kosmetik Wanita,13,8000
16-01-2020,Item-30,Kosmetik Wanita,5,8000
16-01-2020,Item-30,Kosmetik Wanita,1,8000
16-01-2020,Item-30,Kosmetik Wanita,18,8000
21-01-2020,Item-30,Kosmetik Wanita,16,8000
18-01-2020,Item-30,Kosmetik Wanita,11,8000
15-01-2020,Item-30,Kosmetik Wanita,15,8000
16-01-2020,Item-30,Kosmetik Wanita,9,8000
12-01-2020,Item-30,Kosmetik Wanita,18,8000
12-01-2020,Item-30,Kosmetik Wanita,15,8000
29-01-2020,Item-30,Kosmetik Wanita,17,8000
26-01-2020,Item-30,Kosmetik Wanita,17,8000
28-01-2020,Item-30,Kosmetik Wanita,20,8000
30-01-2020,Item-30,Kosmetik Wanita,4,8000
30-01-2020,Item-30,Kosmetik Wanita,13,8000
12-01-2020,Item-30,Kosmetik Wanita,14,8000
27-01-2020,Item-30,Kosmetik Wanita,3,8000
20-01-2020,Item-30,Kosmetik Wanita,3,8000
20-01-2020,Item-30,Kosmetik Wanita,7,8000
12-01-2020,Item-30,Kosmetik Wanita,7,8000
30-01-2020,Item-30,Kosmetik Wanita,7,8000
17-01-2020,Item-30,Kosmetik Wanita,15,8000
26-01-2020,Item-30,Kosmetik Wanita,10,8000
21-01-2020,Item-30,Kosmetik Wanita,18,8000
17-01-2020,Item-30,Kosmetik Wanita,3,8000
29-01-2020,Item-30,Kosmetik Wanita,17,8000
20-01-2020,Item-30,Kosmetik Wanita,14,8000
17-01-2020,Item-30,Kosmetik Wanita,11,8000
15-01-2020,Item-30,Kosmetik Wanita,4,8000
15-01-2020,Item-30,Kosmetik Wanita,8,8000
17-01-2020,Item-30,Kosmetik Wanita,2,8000
10-01-2020,Item-30,Kosmetik Wanita,6,8000
16-01-2020,Item-30,Kosmetik Wanita,19,8000
15-01-2020,Item-30,Kosmetik Wanita,10,8000
23-01-2020,Item-30,Kosmetik Wanita,6,8000
14-01-2020,Item-30,Kosmetik Wanita,6,8000
17-01-2020,Item-30,Kosmetik Wanita,14,8000
26-01-2020,Item-30,Kosmetik Wanita,8,8000
11-01-2020,Item-32,Biscuit,13,10000
20-01-2020,Item-30,Kosmetik Wanita,15,8000
29-01-2020,Item-30,Kosmetik Wanita,3,8000
29-01-2020,Item-30,Kosmetik Wanita,12,8000
27-01-2020,Item-30,Kosmetik Wanita,17,8000
12-01-2020,Item-30,Kosmetik Wanita,10,8000
27-01-2020,Item-30,Kosmetik Wanita,3,8000
15-01-2020,Item-30,Kosmetik Wanita,1,8000
19-01-2020,Item-30,Kosmetik Wanita,3,8000
15-01-2020,Item-30,Kosmetik Wanita,14,8000
28-01-2020,Item-30,Kosmetik Wanita,10,8000
23-01-2020,Item-30,Kosmetik Wanita,3,8000
28-01-2020,Item-30,Kosmetik Wanita,9,8000
17-01-2020,Item-30,Kosmetik Wanita,12,8000
18-01-2020,Item-30,Kosmetik Wanita,13,8000
24-01-2020,Item-30,Kosmetik Wanita,19,8000
19-01-2020,Item-30,Kosmetik Wanita,20,8000
24-01-2020,Item-30,Kosmetik Wanita,1,8000
30-01-2020,Item-30,Kosmetik Wanita,4,8000
16-01-2020,Item-30,Kosmetik Wanita,4,8000
16-01-2020,Item-30,Kosmetik Wanita,3,8000
23-01-2020,Item-30,Kosmetik Wanita,19,8000
13-01-2020,Item-30,Kosmetik Wanita,17,8000
19-01-2020,Item-30,Kosmetik Wanita,4,8000
14-01-2020,Item-30,Kosmetik Wanita,11,8000
12-01-2020,Item-30,Kosmetik Wanita,5,8000
13-01-2020,Item-30,Kosmetik Wanita,3,8000
16-01-2020,Item-30,Kosmetik Wanita,14,8000
27-01-2020,Item-30,Kosmetik Wanita,3,8000
24-01-2020,Item-30,Kosmetik Wanita,5,8000
30-01-2020,Item-30,Kosmetik Wanita,13,8000
27-01-2020,Item-30,Kosmetik Wanita,4,8000
26-01-2020,Item-30,Kosmetik Wanita,2,8000
11-01-2020,Item-30,Kosmetik Wanita,2,8000
23-01-2020,Item-30,Kosmetik Wanita,20,8000
27-01-2020,Item-30,Kosmetik Wanita,6,8000
15-01-2020,Item-30,Kosmetik Wanita,12,8000
22-01-2020,Item-30,Kosmetik Wanita,11,8000
29-01-2020,Item-30,Kosmetik Wanita,20,8000
15-01-2020,Item-30,Kosmetik Wanita,13,8000
12-01-2020,Item-30,Kosmetik Wanita,20,8000
15-01-2020,Item-30,Kosmetik Wanita,7,8000
16-01-2020,Item-30,Kosmetik Wanita,9,8000
22-01-2020,Item-30,Kosmetik Wanita,20,8000
27-01-2020,Item-30,Kosmetik Wanita,15,8000
16-01-2020,Item-30,Kosmetik Wanita,9,8000
28-01-2020,Item-30,Kosmetik Wanita,12,8000
21-01-2020,Item-30,Kosmetik Wanita,6,8000
22-01-2020,Item-30,Kosmetik Wanita,14,8000
26-01-2020,Item-30,Kosmetik Wanita,10,8000
25-01-2020,Item-30,Kosmetik Wanita,4,8000
26-01-2020,Item-30,Kosmetik Wanita,18,8000
22-01-2020,Item-30,Kosmetik Wanita,3,8000
23-01-2020,Item-30,Kosmetik Wanita,6,8000
13-01-2020,Item-30,Kosmetik Wanita,3,8000
14-01-2020,Item-30,Kosmetik Wanita,9,8000
21-01-2020,Item-30,Kosmetik Wanita,8,8000
24-01-2020,Item-30,Kosmetik Wanita,4,8000
21-01-2020,Item-30,Kosmetik Wanita,9,8000
21-01-2020,Item-30,Kosmetik Wanita,3,8000
18-01-2020,Item-30,Kosmetik Wanita,13,8000
22-01-2020,Item-30,Kosmetik Wanita,20,8000
19-01-2020,Item-30,Kosmetik Wanita,8,8000
24-01-2020,Item-30,Kosmetik Wanita,13,8000
20-01-2020,Item-30,Kosmetik Wanita,8,8000
29-01-2020,Item-30,Kosmetik Wanita,8,8000
25-01-2020,Item-30,Kosmetik Wanita,8,8000
10-01-2020,Item-30,Kosmetik Wanita,4,8000
20-01-2020,Item-30,Kosmetik Wanita,15,8000
23-01-2020,Item-30,Kosmetik Wanita,4,8000
23-01-2020,Item-30,Kosmetik Wanita,1,8000
25-01-2020,Item-30,Kosmetik Wanita,20,8000
13-01-2020,Item-30,Kosmetik Wanita,3,8000
30-01-2020,Item-30,Kosmetik Wanita,3,8000
18-01-2020,Item-30,Kosmetik Wanita,9,8000
10-01-2020,Item-30,Kosmetik Wanita,1,8000
27-01-2020,Item-30,Kosmetik Wanita,14,8000
25-01-2020,Item-30,Kosmetik Wanita,12,8000
27-01-2020,Item-30,Kosmetik Wanita,6,8000
20-01-2020,Item-30,Kosmetik Wanita,20,8000
14-01-2020,Item-30,Kosmetik Wanita,17,8000
11-01-2020,Item-30,Kosmetik Wanita,2,8000
13-01-2020,Item-30,Kosmetik Wanita,5,8000
25-01-2020,Item-30,Kosmetik Wanita,16,8000
13-01-2020,Item-30,Kosmetik Wanita,19,8000
10-01-2020,Item-30,Kosmetik Wanita,19,8000
26-01-2020,Item-30,Kosmetik Wanita,4,8000
24-01-2020,Item-30,Kosmetik Wanita,10,8000
24-01-2020,Item-30,Kosmetik Wanita,17,8000
15-01-2020,Item-30,Kosmetik Wanita,1,8000
24-01-2020,Item-30,Kosmetik Wanita,3,8000
20-01-2020,Item-30,Kosmetik Wanita,1,8000
13-01-2020,Item-31,Body Lotion Botol,5,12000
28-01-2020,Item-32,Biscuit,6,10000
17-01-2020,Item-31,Body Lotion Botol,9,12000
10-01-2020,Item-31,Body Lotion Botol,16,12000
19-01-2020,Item-31,Body Lotion Botol,11,12000
11-01-2020,Item-31,Body Lotion Botol,5,12000
22-01-2020,Item-31,Body Lotion Botol,17,12000
11-01-2020,Item-31,Body Lotion Botol,19,12000
16-01-2020,Item-31,Body Lotion Botol,15,12000
18-01-2020,Item-31,Body Lotion Botol,6,12000
15-01-2020,Item-31,Body Lotion Botol,18,12000
10-01-2020,Item-31,Body Lotion Botol,8,12000
16-01-2020,Item-31,Body Lotion Botol,8,12000
13-01-2020,Item-31,Body Lotion Botol,12,12000
13-01-2020,Item-31,Body Lotion Botol,6,12000
29-01-2020,Item-31,Body Lotion Botol,6,12000
10-01-2020,Item-31,Body Lotion Botol,14,12000
24-01-2020,Item-31,Body Lotion Botol,9,12000
17-01-2020,Item-31,Body Lotion Botol,16,12000
10-01-2020,Item-31,Body Lotion Botol,3,12000
29-01-2020,Item-31,Body Lotion Botol,8,12000
25-01-2020,Item-31,Body Lotion Botol,8,12000
10-01-2020,Item-31,Body Lotion Botol,13,12000
19-01-2020,Item-31,Body Lotion Botol,6,12000
30-01-2020,Item-31,Body Lotion Botol,9,12000
29-01-2020,Item-31,Body Lotion Botol,5,12000
10-01-2020,Item-31,Body Lotion Botol,14,12000
25-01-2020,Item-31,Body Lotion Botol,19,12000
13-01-2020,Item-31,Body Lotion Botol,15,12000
28-01-2020,Item-31,Body Lotion Botol,19,12000
26-01-2020,Item-31,Body Lotion Botol,3,12000
16-01-2020,Item-31,Body Lotion Botol,6,12000
18-01-2020,Item-31,Body Lotion Botol,15,12000
29-01-2020,Item-31,Body Lotion Botol,16,12000
26-01-2020,Item-31,Body Lotion Botol,18,12000
25-01-2020,Item-31,Body Lotion Botol,9,12000
28-01-2020,Item-31,Body Lotion Botol,14,12000
28-01-2020,Item-31,Body Lotion Botol,6,12000
24-01-2020,Item-31,Body Lotion Botol,2,12000
29-01-2020,Item-31,Body Lotion Botol,12,12000
22-01-2020,Item-31,Body Lotion Botol,14,12000
13-01-2020,Item-31,Body Lotion Botol,10,12000
28-01-2020,Item-31,Body Lotion Botol,11,12000
28-01-2020,Item-31,Body Lotion Botol,7,12000
24-01-2020,Item-31,Body Lotion Botol,3,12000
25-01-2020,Item-31,Body Lotion Botol,7,12000
17-01-2020,Item-31,Body Lotion Botol,9,12000
13-01-2020,Item-31,Body Lotion Botol,2,12000
12-01-2020,Item-31,Body Lotion Botol,8,12000
15-01-2020,Item-31,Body Lotion Botol,16,12000
23-01-2020,Item-31,Body Lotion Botol,15,12000
25-01-2020,Item-31,Body Lotion Botol,16,12000
11-01-2020,Item-31,Body Lotion Botol,20,12000
10-01-2020,Item-31,Body Lotion Botol,11,12000
24-01-2020,Item-31,Body Lotion Botol,16,12000
25-01-2020,Item-31,Body Lotion Botol,14,12000
20-01-2020,Item-31,Body Lotion Botol,1,12000
12-01-2020,Item-31,Body Lotion Botol,14,12000
23-01-2020,Item-31,Body Lotion Botol,8,12000
20-01-2020,Item-31,Body Lotion Botol,9,12000
18-01-2020,Item-31,Body Lotion Botol,18,12000
10-01-2020,Item-31,Body Lotion Botol,2,12000
18-01-2020,Item-31,Body Lotion Botol,19,12000
14-01-2020,Item-31,Body Lotion Botol,12,12000
20-01-2020,Item-31,Body Lotion Botol,6,12000
25-01-2020,Item-31,Body Lotion Botol,16,12000
28-01-2020,Item-31,Body Lotion Botol,11,12000
22-01-2020,Item-31,Body Lotion Botol,12,12000
18-01-2020,Item-31,Body Lotion Botol,1,12000
16-01-2020,Item-31,Body Lotion Botol,9,12000
23-01-2020,Item-31,Body Lotion Botol,4,12000
28-01-2020,Item-31,Body Lotion Botol,9,12000
17-01-2020,Item-31,Body Lotion Botol,15,12000
19-01-2020,Item-31,Body Lotion Botol,20,12000
26-01-2020,Item-31,Body Lotion Botol,15,12000
11-01-2020,Item-31,Body Lotion Botol,2,12000
24-01-2020,Item-31,Body Lotion Botol,16,12000
27-01-2020,Item-31,Body Lotion Botol,9,12000
20-01-2020,Item-31,Body Lotion Botol,11,12000
14-01-2020,Item-31,Body Lotion Botol,11,12000
18-01-2020,Item-31,Body Lotion Botol,6,12000
22-01-2020,Item-31,Body Lotion Botol,15,12000
30-01-2020,Item-31,Body Lotion Botol,11,12000
28-01-2020,Item-31,Body Lotion Botol,14,12000
27-01-2020,Item-31,Body Lotion Botol,5,12000
24-01-2020,Item-31,Body Lotion Botol,2,12000
25-01-2020,Item-31,Body Lotion Botol,13,12000
30-01-2020,Item-31,Body Lotion Botol,13,12000
10-01-2020,Item-31,Body Lotion Botol,16,12000
10-01-2020,Item-31,Body Lotion Botol,14,12000
21-01-2020,Item-31,Body Lotion Botol,5,12000
10-01-2020,Item-31,Body Lotion Botol,17,12000
25-01-2020,Item-31,Body Lotion Botol,18,12000
25-01-2020,Item-31,Body Lotion Botol,8,12000
27-01-2020,Item-31,Body Lotion Botol,7,12000
17-01-2020,Item-31,Body Lotion Botol,18,12000
21-01-2020,Item-31,Body Lotion Botol,9,12000
24-01-2020,Item-31,Body Lotion Botol,20,12000
27-01-2020,Item-31,Body Lotion Botol,6,12000
23-01-2020,Item-31,Body Lotion Botol,16,12000
15-01-2020,Item-31,Body Lotion Botol,5,12000
20-01-2020,Item-31,Body Lotion Botol,16,12000
20-01-2020,Item-31,Body Lotion Botol,4,12000
26-01-2020,Item-31,Body Lotion Botol,20,12000
29-01-2020,Item-31,Body Lotion Botol,1,12000
16-01-2020,Item-31,Body Lotion Botol,17,12000
30-01-2020,Item-31,Body Lotion Botol,13,12000
30-01-2020,Item-31,Body Lotion Botol,15,12000
19-01-2020,Item-31,Body Lotion Botol,3,12000
27-01-2020,Item-31,Body Lotion Botol,20,12000
17-01-2020,Item-31,Body Lotion Botol,9,12000
28-01-2020,Item-31,Body Lotion Botol,9,12000
16-01-2020,Item-31,Body Lotion Botol,3,12000
21-01-2020,Item-31,Body Lotion Botol,7,12000
28-01-2020,Item-31,Body Lotion Botol,11,12000
10-01-2020,Item-31,Body Lotion Botol,6,12000
22-01-2020,Item-31,Body Lotion Botol,11,12000
11-01-2020,Item-31,Body Lotion Botol,14,12000
29-01-2020,Item-31,Body Lotion Botol,13,12000
28-01-2020,Item-31,Body Lotion Botol,8,12000
16-01-2020,Item-31,Body Lotion Botol,10,12000
21-01-2020,Item-31,Body Lotion Botol,2,12000
27-01-2020,Item-31,Body Lotion Botol,4,12000
28-01-2020,Item-31,Body Lotion Botol,13,12000
23-01-2020,Item-31,Body Lotion Botol,8,12000
25-01-2020,Item-31,Body Lotion Botol,11,12000
16-01-2020,Item-31,Body Lotion Botol,12,12000
12-01-2020,Item-31,Body Lotion Botol,2,12000
15-01-2020,Item-31,Body Lotion Botol,16,12000
26-01-2020,Item-31,Body Lotion Botol,3,12000
24-01-2020,Item-31,Body Lotion Botol,5,12000
27-01-2020,Item-31,Body Lotion Botol,14,12000
24-01-2020,Item-31,Body Lotion Botol,19,12000
15-01-2020,Item-31,Body Lotion Botol,1,12000
25-01-2020,Item-31,Body Lotion Botol,6,12000
22-01-2020,Item-31,Body Lotion Botol,7,12000
16-01-2020,Item-31,Body Lotion Botol,14,12000
13-01-2020,Item-31,Body Lotion Botol,4,12000
28-01-2020,Item-31,Body Lotion Botol,9,12000
27-01-2020,Item-31,Body Lotion Botol,7,12000
16-01-2020,Item-31,Body Lotion Botol,2,12000
27-01-2020,Item-31,Body Lotion Botol,19,12000
24-01-2020,Item-31,Body Lotion Botol,13,12000
19-01-2020,Item-31,Body Lotion Botol,2,12000
21-01-2020,Item-31,Body Lotion Botol,8,12000
17-01-2020,Item-31,Body Lotion Botol,7,12000
27-01-2020,Item-31,Body Lotion Botol,15,12000
21-01-2020,Item-31,Body Lotion Botol,2,12000
13-01-2020,Item-31,Body Lotion Botol,18,12000
11-01-2020,Item-31,Body Lotion Botol,19,12000
25-01-2020,Item-31,Body Lotion Botol,15,12000
28-01-2020,Item-31,Body Lotion Botol,8,12000
26-01-2020,Item-31,Body Lotion Botol,13,12000
16-01-2020,Item-31,Body Lotion Botol,19,12000
30-01-2020,Item-31,Body Lotion Botol,18,12000
12-01-2020,Item-31,Body Lotion Botol,16,12000
27-01-2020,Item-31,Body Lotion Botol,18,12000
20-01-2020,Item-31,Body Lotion Botol,3,12000
25-01-2020,Item-31,Body Lotion Botol,2,12000
15-01-2020,Item-31,Body Lotion Botol,5,12000
28-01-2020,Item-31,Body Lotion Botol,16,12000
11-01-2020,Item-31,Body Lotion Botol,1,12000
23-01-2020,Item-31,Body Lotion Botol,17,12000
23-01-2020,Item-31,Body Lotion Botol,17,12000
18-01-2020,Item-31,Body Lotion Botol,6,12000
17-01-2020,Item-31,Body Lotion Botol,3,12000
18-01-2020,Item-31,Body Lotion Botol,19,12000
27-01-2020,Item-31,Body Lotion Botol,18,12000
17-01-2020,Item-32,Biscuit,17,10000
20-01-2020,Item-32,Biscuit,14,10000
18-01-2020,Item-32,Biscuit,11,10000
21-01-2020,Item-32,Biscuit,1,10000
18-01-2020,Item-32,Biscuit,14,10000
17-01-2020,Item-32,Biscuit,7,10000
14-01-2020,Item-32,Biscuit,3,10000
16-01-2020,Item-32,Biscuit,10,10000
18-01-2020,Item-32,Biscuit,3,10000
15-01-2020,Item-32,Biscuit,17,10000
30-01-2020,Item-32,Biscuit,17,10000
12-01-2020,Item-32,Biscuit,7,10000
30-01-2020,Item-32,Biscuit,12,10000
21-01-2020,Item-32,Biscuit,18,10000
10-01-2020,Item-32,Biscuit,5,10000
21-01-2020,Item-32,Biscuit,17,10000
21-01-2020,Item-32,Biscuit,17,10000
12-01-2020,Item-32,Biscuit,18,10000
10-01-2020,Item-32,Biscuit,7,10000
20-01-2020,Item-32,Biscuit,10,10000
24-01-2020,Item-32,Biscuit,1,10000
20-01-2020,Item-32,Biscuit,11,10000
28-01-2020,Item-32,Biscuit,5,10000
14-01-2020,Item-32,Biscuit,8,10000
22-01-2020,Item-32,Biscuit,3,10000
19-01-2020,Item-32,Biscuit,6,10000
10-01-2020,Item-32,Biscuit,4,10000
17-01-2020,Item-32,Biscuit,2,10000
14-01-2020,Item-32,Biscuit,14,10000
11-01-2020,Item-32,Biscuit,17,10000
16-01-2020,Item-32,Biscuit,6,10000
28-01-2020,Item-32,Biscuit,7,10000
26-01-2020,Item-32,Biscuit,3,10000
17-01-2020,Item-32,Biscuit,18,10000
10-01-2020,Item-32,Biscuit,5,10000
28-01-2020,Item-32,Biscuit,18,10000
26-01-2020,Item-32,Biscuit,19,10000
18-01-2020,Item-32,Biscuit,19,10000
30-01-2020,Item-32,Biscuit,6,10000
16-01-2020,Item-32,Biscuit,17,10000
25-01-2020,Item-32,Biscuit,16,10000
17-01-2020,Item-32,Biscuit,5,10000
21-01-2020,Item-32,Biscuit,14,10000
27-01-2020,Item-32,Biscuit,17,10000
16-01-2020,Item-32,Biscuit,6,10000
24-01-2020,Item-32,Biscuit,14,10000
19-01-2020,Item-32,Biscuit,5,10000
14-01-2020,Item-32,Biscuit,17,10000
20-01-2020,Item-32,Biscuit,8,10000
26-01-2020,Item-32,Biscuit,12,10000
27-01-2020,Item-32,Biscuit,14,10000
26-01-2020,Item-32,Biscuit,9,10000
26-01-2020,Item-32,Biscuit,17,10000
18-01-2020,Item-32,Biscuit,9,10000
12-01-2020,Item-32,Biscuit,8,10000
24-01-2020,Item-32,Biscuit,18,10000
27-01-2020,Item-32,Biscuit,11,10000
29-01-2020,Item-32,Biscuit,2,10000
23-01-2020,Item-32,Biscuit,18,10000
24-01-2020,Item-32,Biscuit,11,10000
17-01-2020,Item-32,Biscuit,20,10000
25-01-2020,Item-32,Biscuit,3,10000
12-01-2020,Item-32,Biscuit,6,10000
14-01-2020,Item-32,Biscuit,4,10000
23-01-2020,Item-32,Biscuit,17,10000
12-01-2020,Item-32,Biscuit,10,10000
17-01-2020,Item-32,Biscuit,11,10000
20-01-2020,Item-32,Biscuit,13,10000
18-01-2020,Item-32,Biscuit,5,10000
28-01-2020,Item-32,Biscuit,13,10000
28-01-2020,Item-32,Biscuit,1,10000
23-01-2020,Item-32,Biscuit,19,10000
17-01-2020,Item-32,Biscuit,6,10000
24-01-2020,Item-32,Biscuit,20,10000
20-01-2020,Item-32,Biscuit,13,10000
23-01-2020,Item-32,Biscuit,5,10000
21-01-2020,Item-32,Biscuit,2,10000
18-01-2020,Item-32,Biscuit,14,10000
12-01-2020,Item-32,Biscuit,8,10000
29-01-2020,Item-32,Biscuit,2,10000
24-01-2020,Item-32,Biscuit,2,10000
27-01-2020,Item-32,Biscuit,11,10000
29-01-2020,Item-32,Biscuit,14,10000
10-01-2020,Item-32,Biscuit,18,10000
21-01-2020,Item-32,Biscuit,17,10000
19-01-2020,Item-32,Biscuit,16,10000
24-01-2020,Item-32,Biscuit,19,10000
27-01-2020,Item-32,Biscuit,14,10000
10-01-2020,Item-32,Biscuit,12,10000
14-01-2020,Item-32,Biscuit,4,10000
10-01-2020,Item-32,Biscuit,17,10000
18-01-2020,Item-32,Biscuit,11,10000
24-01-2020,Item-32,Biscuit,3,10000
10-01-2020,Item-32,Biscuit,4,10000
14-01-2020,Item-32,Biscuit,14,10000
28-01-2020,Item-32,Biscuit,2,10000
14-01-2020,Item-32,Biscuit,6,10000
11-01-2020,Item-32,Biscuit,11,10000
24-01-2020,Item-32,Biscuit,16,10000
24-01-2020,Item-32,Biscuit,20,10000
20-01-2020,Item-32,Biscuit,7,10000
30-01-2020,Item-32,Biscuit,11,10000
22-01-2020,Item-32,Biscuit,19,10000
16-01-2020,Item-33,Es Cream,12,5000
24-01-2020,Item-33,Es Cream,2,5000
12-01-2020,Item-33,Es Cream,9,5000
19-01-2020,Item-33,Es Cream,18,5000
13-01-2020,Item-33,Es Cream,12,5000
21-01-2020,Item-33,Es Cream,16,5000
25-01-2020,Item-33,Es Cream,18,5000
23-01-2020,Item-33,Es Cream,11,5000
16-01-2020,Item-33,Es Cream,2,5000
18-01-2020,Item-33,Es Cream,11,5000
30-01-2020,Item-33,Es Cream,20,5000
26-01-2020,Item-33,Es Cream,6,5000
22-01-2020,Item-33,Es Cream,2,5000
11-01-2020,Item-33,Es Cream,12,5000
27-01-2020,Item-33,Es Cream,9,5000
21-01-2020,Item-33,Es Cream,14,5000
16-01-2020,Item-33,Es Cream,2,5000
15-01-2020,Item-33,Es Cream,6,5000
23-01-2020,Item-33,Es Cream,12,5000
12-01-2020,Item-33,Es Cream,8,5000
15-01-2020,Item-33,Es Cream,15,5000
15-01-2020,Item-33,Es Cream,2,5000
20-01-2020,Item-33,Es Cream,18,5000
16-01-2020,Item-33,Es Cream,19,5000
21-01-2020,Item-33,Es Cream,9,5000
11-01-2020,Item-33,Es Cream,12,5000
10-01-2020,Item-33,Es Cream,12,5000
28-01-2020,Item-33,Es Cream,12,5000
14-01-2020,Item-33,Es Cream,19,5000
11-01-2020,Item-33,Es Cream,6,5000
18-01-2020,Item-33,Es Cream,11,5000
21-01-2020,Item-33,Es Cream,8,5000
13-01-2020,Item-33,Es Cream,2,5000
13-01-2020,Item-33,Es Cream,8,5000
24-01-2020,Item-33,Es Cream,19,5000
27-01-2020,Item-33,Es Cream,6,5000
30-01-2020,Item-33,Es Cream,2,5000
24-01-2020,Item-33,Es Cream,1,5000
29-01-2020,Item-33,Es Cream,7,5000
21-01-2020,Item-33,Es Cream,17,5000
11-01-2020,Item-33,Es Cream,6,5000
25-01-2020,Item-33,Es Cream,12,5000
12-01-2020,Item-33,Es Cream,10,5000
24-01-2020,Item-33,Es Cream,5,5000
26-01-2020,Item-33,Es Cream,5,5000
26-01-2020,Item-33,Es Cream,8,5000
28-01-2020,Item-33,Es Cream,5,5000
23-01-2020,Item-33,Es Cream,10,5000
10-01-2020,Item-33,Es Cream,11,5000
18-01-2020,Item-33,Es Cream,18,5000
20-01-2020,Item-33,Es Cream,16,5000
19-01-2020,Item-33,Es Cream,6,5000
28-01-2020,Item-33,Es Cream,15,5000
10-01-2020,Item-33,Es Cream,3,5000
17-01-2020,Item-33,Es Cream,17,5000
30-01-2020,Item-33,Es Cream,12,5000
27-01-2020,Item-33,Es Cream,8,5000
21-01-2020,Item-33,Es Cream,13,5000
29-01-2020,Item-33,Es Cream,18,5000
20-01-2020,Item-33,Es Cream,17,5000
18-01-2020,Item-33,Es Cream,6,5000
30-01-2020,Item-33,Es Cream,2,5000
20-01-2020,Item-33,Es Cream,15,5000
24-01-2020,Item-33,Es Cream,12,5000
22-01-2020,Item-33,Es Cream,1,5000
25-01-2020,Item-33,Es Cream,14,5000
25-01-2020,Item-33,Es Cream,12,5000
28-01-2020,Item-33,Es Cream,19,5000
15-01-2020,Item-33,Es Cream,12,5000
16-01-2020,Item-33,Es Cream,8,5000
23-01-2020,Item-33,Es Cream,13,5000
16-01-2020,Item-33,Es Cream,20,5000
16-01-2020,Item-33,Es Cream,9,5000
26-01-2020,Item-33,Es Cream,11,5000
21-01-2020,Item-33,Es Cream,14,5000
29-01-2020,Item-33,Es Cream,1,5000
28-01-2020,Item-33,Es Cream,3,5000
25-01-2020,Item-33,Es Cream,11,5000
26-01-2020,Item-33,Es Cream,4,5000
12-01-2020,Item-33,Es Cream,1,5000
16-01-2020,Item-33,Es Cream,18,5000
15-01-2020,Item-33,Es Cream,11,5000
22-01-2020,Item-33,Es Cream,19,5000
14-01-2020,Item-33,Es Cream,2,5000
12-01-2020,Item-33,Es Cream,17,5000
12-01-2020,Item-33,Es Cream,10,5000
18-01-2020,Item-33,Es Cream,1,5000
11-01-2020,Item-33,Es Cream,20,5000
15-01-2020,Item-33,Es Cream,12,5000
23-01-2020,Item-33,Es Cream,5,5000
15-01-2020,Item-33,Es Cream,15,5000
11-01-2020,Item-33,Es Cream,12,5000
19-01-2020,Item-33,Es Cream,18,5000
19-01-2020,Item-33,Es Cream,10,5000
25-01-2020,Item-33,Es Cream,4,5000
27-01-2020,Item-33,Es Cream,18,5000
22-01-2020,Item-33,Es Cream,11,5000
29-01-2020,Item-33,Es Cream,6,5000
22-01-2020,Item-33,Es Cream,6,5000
18-01-2020,Item-33,Es Cream,20,5000
24-01-2020,Item-33,Es Cream,3,5000
25-01-2020,Item-33,Es Cream,2,5000
30-01-2020,Item-33,Es Cream,20,5000
22-01-2020,Item-33,Es Cream,20,5000
16-01-2020,Item-33,Es Cream,15,5000
16-01-2020,Item-33,Es Cream,12,5000
16-01-2020,Item-33,Es Cream,15,5000
25-01-2020,Item-33,Es Cream,9,5000
24-01-2020,Item-33,Es Cream,12,5000
21-01-2020,Item-33,Es Cream,13,5000
30-01-2020,Item-33,Es Cream,13,5000
13-01-2020,Item-33,Es Cream,14,5000
10-01-2020,Item-33,Es Cream,2,5000
11-01-2020,Item-33,Es Cream,12,5000
19-01-2020,Item-33,Es Cream,8,5000
25-01-2020,Item-33,Es Cream,6,5000
11-01-2020,Item-33,Es Cream,12,5000
30-01-2020,Item-12,Beras Pulen 5 kg,3,63000
11-01-2020,Item-12,Beras Pulen 5 kg,4,63000
25-01-2020,Item-12,Beras Pulen 5 kg,3,63000
23-01-2020,Item-12,Beras Pulen 5 kg,4,63000
24-01-2020,Item-12,Beras Pulen 5 kg,3,63000
10-01-2020,Item-12,Beras Pulen 5 kg,4,63000
22-01-2020,Item-12,Beras Pulen 5 kg,3,63000
13-01-2020,Item-12,Beras Pulen 5 kg,4,63000
21-01-2020,Item-12,Beras Pulen 5 kg,3,63000
23-01-2020,Item-12,Beras Pulen 5 kg,4,63000
30-01-2020,Item-34,Sirup Botol,7,12000
25-01-2020,Item-34,Sirup Botol,1,12000
25-01-2020,Item-34,Sirup Botol,10,12000
25-01-2020,Item-34,Sirup Botol,10,12000
12-01-2020,Item-34,Sirup Botol,3,12000
30-01-2020,Item-34,Sirup Botol,15,12000
29-01-2020,Item-34,Sirup Botol,6,12000
22-01-2020,Item-34,Sirup Botol,10,12000
30-01-2020,Item-34,Sirup Botol,7,12000
18-01-2020,Item-34,Sirup Botol,6,12000
14-01-2020,Item-34,Sirup Botol,10,12000
24-01-2020,Item-34,Sirup Botol,9,12000
14-01-2020,Item-34,Sirup Botol,2,12000
21-01-2020,Item-34,Sirup Botol,1,12000
29-01-2020,Item-34,Sirup Botol,5,12000
24-01-2020,Item-34,Sirup Botol,19,12000
23-01-2020,Item-34,Sirup Botol,5,12000
13-01-2020,Item-34,Sirup Botol,9,12000
28-01-2020,Item-34,Sirup Botol,9,12000
20-01-2020,Item-34,Sirup Botol,17,12000
18-01-2020,Item-34,Sirup Botol,15,12000
23-01-2020,Item-34,Sirup Botol,8,12000
13-01-2020,Item-34,Sirup Botol,20,12000
28-01-2020,Item-34,Sirup Botol,9,12000
18-01-2020,Item-34,Sirup Botol,18,12000
27-01-2020,Item-34,Sirup Botol,20,12000
17-01-2020,Item-34,Sirup Botol,2,12000
27-01-2020,Item-34,Sirup Botol,12,12000
19-01-2020,Item-34,Sirup Botol,7,12000
28-01-2020,Item-34,Sirup Botol,8,12000
25-01-2020,Item-34,Sirup Botol,10,12000
29-01-2020,Item-34,Sirup Botol,18,12000
16-01-2020,Item-34,Sirup Botol,14,12000
18-01-2020,Item-34,Sirup Botol,8,12000
13-01-2020,Item-34,Sirup Botol,20,12000
25-01-2020,Item-34,Sirup Botol,18,12000
21-01-2020,Item-34,Sirup Botol,15,12000
24-01-2020,Item-34,Sirup Botol,17,12000
15-01-2020,Item-34,Sirup Botol,15,12000
18-01-2020,Item-34,Sirup Botol,3,12000
10-01-2020,Item-34,Sirup Botol,15,12000
11-01-2020,Item-34,Sirup Botol,5,12000
12-01-2020,Item-34,Sirup Botol,8,12000
18-01-2020,Item-34,Sirup Botol,9,12000
12-01-2020,Item-34,Sirup Botol,13,12000
14-01-2020,Item-34,Sirup Botol,16,12000
26-01-2020,Item-34,Sirup Botol,12,12000
19-01-2020,Item-34,Sirup Botol,6,12000
11-01-2020,Item-34,Sirup Botol,20,12000
12-01-2020,Item-34,Sirup Botol,13,12000
19-01-2020,Item-34,Sirup Botol,17,12000
10-01-2020,Item-34,Sirup Botol,1,12000
22-01-2020,Item-34,Sirup Botol,1,12000
13-01-2020,Item-34,Sirup Botol,9,12000
27-01-2020,Item-34,Sirup Botol,6,12000
19-01-2020,Item-34,Sirup Botol,6,12000
28-01-2020,Item-34,Sirup Botol,3,12000
10-01-2020,Item-34,Sirup Botol,18,12000
27-01-2020,Item-34,Sirup Botol,10,12000
26-01-2020,Item-34,Sirup Botol,17,12000
15-01-2020,Item-34,Sirup Botol,7,12000
21-01-2020,Item-34,Sirup Botol,13,12000
12-01-2020,Item-34,Sirup Botol,7,12000
28-01-2020,Item-34,Sirup Botol,7,12000
12-01-2020,Item-34,Sirup Botol,16,12000
28-01-2020,Item-34,Sirup Botol,8,12000
30-01-2020,Item-34,Sirup Botol,19,12000
27-01-2020,Item-34,Sirup Botol,17,12000
29-01-2020,Item-34,Sirup Botol,2,12000
17-01-2020,Item-34,Sirup Botol,9,12000
17-01-2020,Item-34,Sirup Botol,5,12000
24-01-2020,Item-34,Sirup Botol,14,12000
30-01-2020,Item-34,Sirup Botol,1,12000
13-01-2020,Item-34,Sirup Botol,16,12000
14-01-2020,Item-34,Sirup Botol,11,12000
15-01-2020,Item-34,Sirup Botol,4,12000
13-01-2020,Item-34,Sirup Botol,15,12000
23-01-2020,Item-34,Sirup Botol,3,12000
10-01-2020,Item-18,Telur Ayam Negeri,1,1700
11-01-2020,Item-18,Telur Ayam Negeri,2,1700
28-01-2020,Item-18,Telur Ayam Negeri,3,1700
23-01-2020,Item-18,Telur Ayam Negeri,4,1700
15-01-2020,Item-18,Telur Ayam Negeri,5,1700
13-01-2020,Item-18,Telur Ayam Negeri,1,1700
24-01-2020,Item-18,Telur Ayam Negeri,2,1700
12-01-2020,Item-18,Telur Ayam Negeri,3,1700
14-01-2020,Item-18,Telur Ayam Negeri,4,1700
24-01-2020,Item-18,Telur Ayam Negeri,5,1700
22-01-2020,Item-18,Telur Ayam Negeri,6,1700
19-01-2020,Item-34,Sirup Botol,4,12000
11-01-2020,Item-34,Sirup Botol,18,12000
28-01-2020,Item-34,Sirup Botol,12,12000
12-01-2020,Item-34,Sirup Botol,5,12000
15-01-2020,Item-34,Sirup Botol,8,12000
18-01-2020,Item-34,Sirup Botol,6,12000
11-01-2020,Item-34,Sirup Botol,11,12000
15-01-2020,Item-34,Sirup Botol,9,12000
26-01-2020,Item-34,Sirup Botol,10,12000
20-01-2020,Item-34,Sirup Botol,6,12000
29-01-2020,Item-34,Sirup Botol,3,12000
23-01-2020,Item-34,Sirup Botol,17,12000
14-01-2020,Item-34,Sirup Botol,17,12000
25-01-2020,Item-34,Sirup Botol,9,12000
24-01-2020,Item-34,Sirup Botol,1,12000
21-01-2020,Item-34,Sirup Botol,15,12000
21-01-2020,Item-34,Sirup Botol,6,12000
23-01-2020,Item-34,Sirup Botol,6,12000
30-01-2020,Item-34,Sirup Botol,1,12000
20-01-2020,Item-34,Sirup Botol,5,12000
29-01-2020,Item-34,Sirup Botol,16,12000
30-01-2020,Item-34,Sirup Botol,7,12000
28-01-2020,Item-34,Sirup Botol,10,12000
29-01-2020,Item-34,Sirup Botol,7,12000
26-01-2020,Item-34,Sirup Botol,14,12000
21-01-2020,Item-34,Sirup Botol,14,12000
20-01-2020,Item-34,Sirup Botol,6,12000
16-01-2020,Item-34,Sirup Botol,14,12000
24-01-2020,Item-34,Sirup Botol,1,12000
24-01-2020,Item-34,Sirup Botol,10,12000
12-01-2020,Item-34,Sirup Botol,4,12000
14-01-2020,Item-34,Sirup Botol,10,12000
22-01-2020,Item-34,Sirup Botol,3,12000
13-01-2020,Item-34,Sirup Botol,14,12000
23-01-2020,Item-34,Sirup Botol,12,12000
30-01-2020,Item-34,Sirup Botol,6,12000
10-01-2020,Item-34,Sirup Botol,6,12000
15-01-2020,Item-34,Sirup Botol,5,12000
21-01-2020,Item-34,Sirup Botol,6,12000
26-02-2020,Item-20,Pampers Bayi Size M,4,41000
14-02-2020,Item-20,Pampers Bayi Size M,3,41000
25-02-2020,Item-20,Pampers Bayi Size M,3,41000
18-02-2020,Item-20,Pampers Bayi Size M,1,41000
11-02-2020,Item-20,Pampers Bayi Size M,2,41000
10-02-2020,Item-20,Pampers Bayi Size M,1,41000
23-02-2020,Item-20,Pampers Bayi Size M,1,41000
17-02-2020,Item-20,Pampers Bayi Size M,2,41000
16-02-2020,Item-20,Pampers Bayi Size M,1,41000
27-02-2020,Item-20,Pampers Bayi Size M,2,41000
27-02-2020,Item-20,Pampers Bayi Size M,1,41000
18-02-2020,Item-20,Pampers Bayi Size M,1,41000
26-02-2020,Item-20,Pampers Bayi Size M,4,41000
16-02-2020,Item-20,Pampers Bayi Size M,1,41000
21-02-2020,Item-20,Pampers Bayi Size M,1,41000
10-02-2020,Item-20,Pampers Bayi Size M,3,41000
25-02-2020,Item-20,Pampers Bayi Size M,3,41000
24-02-2020,Item-20,Pampers Bayi Size M,3,41000
25-02-2020,Item-20,Pampers Bayi Size M,4,41000
25-02-2020,Item-20,Pampers Bayi Size M,3,41000
20-02-2020,Item-03,Gula Pasir Putih 1 kg,3,12500
16-02-2020,Item-03,Gula Pasir Putih 1 kg,2,12500
20-02-2020,Item-03,Gula Pasir Putih 1 kg,3,12500
14-02-2020,Item-03,Gula Pasir Putih 1 kg,1,12500
12-02-2020,Item-03,Gula Pasir Putih 1 kg,2,12500
27-02-2020,Item-03,Gula Pasir Putih 1 kg,4,12500
30-02-2020,Item-03,Gula Pasir Putih 1 kg,2,12500
17-02-2020,Item-03,Gula Pasir Putih 1 kg,1,12500
17-02-2020,Item-03,Gula Pasir Putih 1 kg,2,12500
24-02-2020,Item-03,Gula Pasir Putih 1 kg,3,12500
12-02-2020,Item-03,Gula Pasir Putih 1 kg,2,12500
12-02-2020,Item-01,Batere AA,4,12000
28-02-2020,Item-01,Batere AA,4,12000
21-02-2020,Item-01,Batere AA,2,12000
20-02-2020,Item-01,Batere AA,2,12000
16-02-2020,Item-04,Kopi Instant,4,5200
19-02-2020,Item-04,Kopi Instant,3,5200
23-02-2020,Item-04,Kopi Instant,3,5200
10-02-2020,Item-03,Gula Pasir Putih 1 kg,1,12500
28-02-2020,Item-03,Gula Pasir Putih 1 kg,3,12500
21-02-2020,Item-04,Kopi Instant,1,5200
13-02-2020,Item-04,Kopi Instant,2,5200
28-02-2020,Item-04,Kopi Instant,1,5200
22-02-2020,Item-04,Kopi Instant,1,5200
28-02-2020,Item-04,Kopi Instant,2,5200
10-02-2020,Item-04,Kopi Instant,1,5200
26-02-2020,Item-04,Kopi Instant,2,5200
24-02-2020,Item-04,Kopi Instant,1,5200
27-02-2020,Item-04,Kopi Instant,1,5200
29-02-2020,Item-04,Kopi Instant,4,5200
10-02-2020,Item-04,Kopi Instant,1,5200
11-02-2020,Item-04,Kopi Instant,1,5200
30-02-2020,Item-04,Kopi Instant,3,5200
16-02-2020,Item-04,Kopi Instant,3,5200
20-02-2020,Item-04,Kopi Instant,3,5200
12-02-2020,Item-04,Kopi Instant,4,5200
18-02-2020,Item-04,Kopi Instant,3,5200
19-02-2020,Item-05,Mi Goreng Instant,3,2600
10-02-2020,Item-05,Mi Goreng Instant,1,2600
10-02-2020,Item-05,Mi Goreng Instant,3,2600
15-02-2020,Item-05,Mi Goreng Instant,1,2600
14-02-2020,Item-05,Mi Goreng Instant,3,2600
27-02-2020,Item-05,Mi Goreng Instant,3,2600
29-02-2020,Item-05,Mi Goreng Instant,3,2600
29-02-2020,Item-05,Mi Goreng Instant,4,2600
21-02-2020,Item-21,Shampoo Sachet,2,1000
15-02-2020,Item-21,Shampoo Sachet,1,1000
22-02-2020,Item-21,Shampoo Sachet,1,1000
21-02-2020,Item-21,Shampoo Sachet,1,1000
24-02-2020,Item-21,Shampoo Sachet,1,1000
29-02-2020,Item-21,Shampoo Sachet,4,1000
21-02-2020,Item-21,Shampoo Sachet,1,1000
17-02-2020,Item-21,Shampoo Sachet,2,1000
19-02-2020,Item-02,Bawang Putih 200 gram,2,15000
29-02-2020,Item-02,Bawang Putih 200 gram,1,15000
22-02-2020,Item-02,Bawang Putih 200 gram,1,15000
28-02-2020,Item-02,Bawang Putih 200 gram,1,15000
15-02-2020,Item-02,Bawang Putih 200 gram,1,15000
10-02-2020,Item-02,Bawang Putih 200 gram,4,15000
20-02-2020,Item-02,Bawang Putih 200 gram,1,15000
15-02-2020,Item-02,Bawang Putih 200 gram,2,15000
17-02-2020,Item-05,Mi Goreng Instant,4,2600
28-02-2020,Item-05,Mi Goreng Instant,3,2600
24-02-2020,Item-05,Mi Goreng Instant,2,2600
23-02-2020,Item-05,Mi Goreng Instant,4,2600
22-02-2020,Item-05,Mi Goreng Instant,3,2600
20-02-2020,Item-05,Mi Goreng Instant,4,2600
22-02-2020,Item-05,Mi Goreng Instant,1,2600
19-02-2020,Item-05,Mi Goreng Instant,4,2600
16-02-2020,Item-05,Mi Goreng Instant,2,2600
29-02-2020,Item-05,Mi Goreng Instant,4,2600
18-02-2020,Item-05,Mi Goreng Instant,4,2600
13-02-2020,Item-05,Mi Goreng Instant,1,2600
15-02-2020,Item-05,Mi Goreng Instant,4,2600
21-02-2020,Item-05,Mi Goreng Instant,1,2600
20-02-2020,Item-05,Mi Goreng Instant,4,2600
16-02-2020,Item-05,Mi Goreng Instant,1,2600
18-02-2020,Item-05,Mi Goreng Instant,3,2600
30-02-2020,Item-05,Mi Goreng Instant,2,2600
18-02-2020,Item-21,Shampoo Sachet,2,1000
18-02-2020,Item-21,Shampoo Sachet,1,1000
26-02-2020,Item-21,Shampoo Sachet,1,1000
24-02-2020,Item-21,Shampoo Sachet,1,1000
25-02-2020,Item-21,Shampoo Sachet,1,1000
16-02-2020,Item-21,Shampoo Sachet,4,1000
25-02-2020,Item-21,Shampoo Sachet,1,1000
26-02-2020,Item-21,Shampoo Sachet,2,1000
11-02-2020,Item-26,Susu Bubuk 195g,17,45000
20-02-2020,Item-26,Susu Bubuk 195g,1,45000
13-02-2020,Item-26,Susu Bubuk 195g,20,45000
13-02-2020,Item-26,Susu Bubuk 195g,17,45000
11-02-2020,Item-07,Pembersih Lantai,2,12000
10-02-2020,Item-07,Pembersih Lantai,1,12000
22-02-2020,Item-07,Pembersih Lantai,1,12000
16-02-2020,Item-07,Pembersih Lantai,1,12000
26-02-2020,Item-07,Pembersih Lantai,1,12000
13-02-2020,Item-07,Pembersih Lantai,4,12000
26-02-2020,Item-07,Pembersih Lantai,1,12000
14-02-2020,Item-07,Pembersih Lantai,2,12000
25-02-2020,Item-07,Pembersih Lantai,2,12000
20-02-2020,Item-07,Pembersih Lantai,1,12000
27-02-2020,Item-07,Pembersih Lantai,1,12000
29-02-2020,Item-07,Pembersih Lantai,1,12000
27-02-2020,Item-07,Pembersih Lantai,1,12000
17-02-2020,Item-07,Pembersih Lantai,4,12000
28-02-2020,Item-07,Pembersih Lantai,1,12000
14-02-2020,Item-07,Pembersih Lantai,2,12000
27-02-2020,Item-22,Minyak Goreng 1 Lt,3,16000
28-02-2020,Item-22,Minyak Goreng 1 Lt,2,16000
11-02-2020,Item-22,Minyak Goreng 1 Lt,3,16000
12-02-2020,Item-22,Minyak Goreng 1 Lt,1,16000
18-02-2020,Item-22,Minyak Goreng 1 Lt,2,16000
18-02-2020,Item-22,Minyak Goreng 1 Lt,4,16000
12-02-2020,Item-22,Minyak Goreng 1 Lt,2,16000
19-02-2020,Item-22,Minyak Goreng 1 Lt,1,16000
27-02-2020,Item-22,Minyak Goreng 1 Lt,2,16000
17-02-2020,Item-22,Minyak Goreng 1 Lt,3,16000
24-02-2020,Item-22,Minyak Goreng 1 Lt,2,16000
16-02-2020,Item-22,Minyak Goreng 1 Lt,1,16000
21-02-2020,Item-22,Minyak Goreng 1 Lt,3,16000
15-02-2020,Item-22,Minyak Goreng 1 Lt,4,16000
10-02-2020,Item-22,Minyak Goreng 1 Lt,4,16000
12-02-2020,Item-22,Minyak Goreng 1 Lt,2,16000
11-02-2020,Item-22,Minyak Goreng 1 Lt,2,16000
20-02-2020,Item-23,Air Mineral Botol 500 ml,4,3000
30-02-2020,Item-23,Air Mineral Botol 500 ml,4,3000
24-02-2020,Item-23,Air Mineral Botol 500 ml,2,3000
23-02-2020,Item-23,Air Mineral Botol 500 ml,2,3000
20-02-2020,Item-23,Air Mineral Botol 500 ml,4,3000
30-02-2020,Item-23,Air Mineral Botol 500 ml,3,3000
15-02-2020,Item-23,Air Mineral Botol 500 ml,3,3000
20-02-2020,Item-23,Air Mineral Botol 500 ml,1,3000
21-02-2020,Item-23,Air Mineral Botol 500 ml,2,3000
16-02-2020,Item-23,Air Mineral Botol 500 ml,1,3000
26-02-2020,Item-23,Air Mineral Botol 500 ml,1,3000
20-02-2020,Item-23,Air Mineral Botol 500 ml,2,3000
22-02-2020,Item-23,Air Mineral Botol 500 ml,1,3000
26-02-2020,Item-23,Air Mineral Botol 500 ml,2,3000
30-02-2020,Item-23,Air Mineral Botol 500 ml,1,3000
14-02-2020,Item-23,Air Mineral Botol 500 ml,1,3000
18-02-2020,Item-23,Air Mineral Botol 500 ml,4,3000
19-02-2020,Item-23,Air Mineral Botol 500 ml,1,3000
13-02-2020,Item-23,Air Mineral Botol 500 ml,1,3000
21-02-2020,Item-23,Air Mineral Botol 500 ml,3,3000
26-02-2020,Item-23,Air Mineral Botol 500 ml,3,3000
16-02-2020,Item-23,Air Mineral Botol 500 ml,3,3000
13-02-2020,Item-23,Air Mineral Botol 500 ml,4,3000
12-02-2020,Item-23,Air Mineral Botol 500 ml,3,3000
15-02-2020,Item-24,Pengharum Ruangan,1,7000
16-02-2020,Item-24,Pengharum Ruangan,11,7000
18-02-2020,Item-24,Pengharum Ruangan,4,7000
19-02-2020,Item-24,Pengharum Ruangan,18,7000
26-02-2020,Item-24,Pengharum Ruangan,16,7000
27-02-2020,Item-24,Pengharum Ruangan,1,7000
25-02-2020,Item-24,Pengharum Ruangan,16,7000
17-02-2020,Item-24,Pengharum Ruangan,18,7000
12-02-2020,Item-24,Pengharum Ruangan,8,7000
22-02-2020,Item-24,Pengharum Ruangan,8,7000
14-02-2020,Item-24,Pengharum Ruangan,12,7000
22-02-2020,Item-24,Pengharum Ruangan,13,7000
24-02-2020,Item-24,Pengharum Ruangan,14,7000
18-02-2020,Item-24,Pengharum Ruangan,17,7000
27-02-2020,Item-24,Pengharum Ruangan,7,7000
25-02-2020,Item-24,Pengharum Ruangan,1,7000
10-02-2020,Item-24,Pengharum Ruangan,1,7000
11-02-2020,Item-24,Pengharum Ruangan,14,7000
13-02-2020,Item-24,Pengharum Ruangan,17,7000
28-02-2020,Item-24,Pengharum Ruangan,9,7000
24-02-2020,Item-25,Pembalut Wanita Size L,14,15000
17-02-2020,Item-25,Pembalut Wanita Size L,15,15000
21-02-2020,Item-25,Pembalut Wanita Size L,17,15000
27-02-2020,Item-25,Pembalut Wanita Size L,1,15000
17-02-2020,Item-25,Pembalut Wanita Size L,11,15000
26-02-2020,Item-25,Pembalut Wanita Size L,11,15000
22-02-2020,Item-25,Pembalut Wanita Size L,13,15000
18-02-2020,Item-25,Pembalut Wanita Size L,11,15000
19-02-2020,Item-25,Pembalut Wanita Size L,7,15000
11-02-2020,Item-25,Pembalut Wanita Size L,11,15000
13-02-2020,Item-25,Pembalut Wanita Size L,12,15000
17-02-2020,Item-25,Pembalut Wanita Size L,6,15000
21-02-2020,Item-25,Pembalut Wanita Size L,12,15000
11-02-2020,Item-25,Pembalut Wanita Size L,20,15000
16-02-2020,Item-25,Pembalut Wanita Size L,14,15000
25-02-2020,Item-25,Pembalut Wanita Size L,9,15000
28-02-2020,Item-25,Pembalut Wanita Size L,14,15000
27-02-2020,Item-25,Pembalut Wanita Size L,16,15000
30-02-2020,Item-25,Pembalut Wanita Size L,17,15000
29-08-2020,Item-01,Batere AA,1,12000
27-02-2020,Item-25,Pembalut Wanita Size L,11,15000
25-02-2020,Item-25,Pembalut Wanita Size L,12,15000
23-02-2020,Item-25,Pembalut Wanita Size L,9,15000
16-02-2020,Item-25,Pembalut Wanita Size L,18,15000
26-02-2020,Item-25,Pembalut Wanita Size L,5,15000
23-02-2020,Item-26,Susu Bubuk 195g,2,45000
18-02-2020,Item-26,Susu Bubuk 195g,15,45000
27-02-2020,Item-26,Susu Bubuk 195g,11,45000
28-02-2020,Item-26,Susu Bubuk 195g,7,45000
11-02-2020,Item-26,Susu Bubuk 195g,13,45000
25-02-2020,Item-26,Susu Bubuk 195g,11,45000
10-02-2020,Item-26,Susu Bubuk 195g,6,45000
18-02-2020,Item-26,Susu Bubuk 195g,13,45000
23-02-2020,Item-26,Susu Bubuk 195g,12,45000
26-02-2020,Item-26,Susu Bubuk 195g,18,45000
17-02-2020,Item-26,Susu Bubuk 195g,6,45000
30-02-2020,Item-26,Susu Bubuk 195g,4,45000
16-02-2020,Item-26,Susu Bubuk 195g,5,45000
11-02-2020,Item-26,Susu Bubuk 195g,17,45000
18-02-2020,Item-26,Susu Bubuk 195g,2,45000
15-02-2020,Item-26,Susu Bubuk 195g,12,45000
17-02-2020,Item-26,Susu Bubuk 195g,12,45000
20-02-2020,Item-26,Susu Bubuk 195g,4,45000
15-02-2020,Item-26,Susu Bubuk 195g,10,45000
24-02-2020,Item-26,Susu Bubuk 195g,14,45000
21-02-2020,Item-26,Susu Bubuk 195g,16,45000
29-02-2020,Item-26,Susu Bubuk 195g,1,45000
26-02-2020,Item-26,Susu Bubuk 195g,2,45000
25-02-2020,Item-26,Susu Bubuk 195g,5,45000
26-02-2020,Item-12,Beras Pulen 5 kg,3,63000
15-02-2020,Item-12,Beras Pulen 5 kg,4,63000
14-02-2020,Item-12,Beras Pulen 5 kg,3,63000
24-02-2020,Item-12,Beras Pulen 5 kg,4,63000
19-02-2020,Item-12,Beras Pulen 5 kg,3,63000
23-02-2020,Item-12,Beras Pulen 5 kg,4,63000
18-02-2020,Item-12,Beras Pulen 5 kg,3,63000
26-02-2020,Item-12,Beras Pulen 5 kg,4,63000
30-02-2020,Item-12,Beras Pulen 5 kg,3,63000
14-02-2020,Item-12,Beras Pulen 5 kg,4,63000
15-02-2020,Item-27,Bedak Bayi,16,25000
26-02-2020,Item-27,Bedak Bayi,5,25000
25-02-2020,Item-27,Bedak Bayi,4,25000
11-02-2020,Item-27,Bedak Bayi,7,25000
20-02-2020,Item-27,Bedak Bayi,14,25000
24-02-2020,Item-27,Bedak Bayi,9,25000
27-02-2020,Item-27,Bedak Bayi,19,25000
17-02-2020,Item-27,Bedak Bayi,2,25000
23-02-2020,Item-27,Bedak Bayi,7,25000
21-02-2020,Item-27,Bedak Bayi,19,25000
11-02-2020,Item-27,Bedak Bayi,4,25000
23-02-2020,Item-27,Bedak Bayi,15,25000
23-02-2020,Item-28,Tisu,3,7000
28-02-2020,Item-28,Tisu,1,7000
23-02-2020,Item-28,Tisu,15,7000
25-02-2020,Item-28,Tisu,3,7000
15-02-2020,Item-28,Tisu,8,7000
10-02-2020,Item-28,Tisu,13,7000
13-02-2020,Item-28,Tisu,14,7000
26-02-2020,Item-28,Tisu,2,7000
22-02-2020,Item-28,Tisu,1,7000
30-02-2020,Item-28,Tisu,7,7000
14-02-2020,Item-28,Tisu,8,7000
22-02-2020,Item-28,Tisu,3,7000
16-02-2020,Item-28,Tisu,18,7000
21-02-2020,Item-28,Tisu,4,7000
30-02-2020,Item-28,Tisu,13,7000
30-02-2020,Item-28,Tisu,8,7000
25-02-2020,Item-28,Tisu,1,7000
13-02-2020,Item-28,Tisu,2,7000
16-02-2020,Item-28,Tisu,4,7000
21-02-2020,Item-28,Tisu,2,7000
28-02-2020,Item-28,Tisu,12,7000
14-02-2020,Item-28,Tisu,4,7000
19-02-2020,Item-28,Tisu,20,7000
13-02-2020,Item-28,Tisu,18,7000
18-02-2020,Item-28,Tisu,4,7000
28-02-2020,Item-28,Tisu,16,7000
16-02-2020,Item-28,Tisu,13,7000
10-02-2020,Item-28,Tisu,8,7000
17-02-2020,Item-29,Bubur Bayi,10,8000
27-02-2020,Item-29,Bubur Bayi,14,8000
23-02-2020,Item-29,Bubur Bayi,18,8000
25-02-2020,Item-29,Bubur Bayi,2,8000
12-02-2020,Item-29,Bubur Bayi,10,8000
19-02-2020,Item-29,Bubur Bayi,5,8000
30-02-2020,Item-29,Bubur Bayi,14,8000
11-02-2020,Item-29,Bubur Bayi,19,8000
29-02-2020,Item-29,Bubur Bayi,1,8000
26-02-2020,Item-29,Bubur Bayi,2,8000
26-02-2020,Item-29,Bubur Bayi,8,8000
10-02-2020,Item-29,Bubur Bayi,18,8000
24-02-2020,Item-29,Bubur Bayi,18,8000
19-02-2020,Item-29,Bubur Bayi,16,8000
23-02-2020,Item-29,Bubur Bayi,18,8000
20-02-2020,Item-29,Bubur Bayi,12,8000
15-02-2020,Item-29,Bubur Bayi,19,8000
23-02-2020,Item-29,Bubur Bayi,20,8000
21-02-2020,Item-29,Bubur Bayi,12,8000
29-02-2020,Item-29,Bubur Bayi,2,8000
19-02-2020,Item-29,Bubur Bayi,8,8000
25-02-2020,Item-29,Bubur Bayi,5,8000
30-02-2020,Item-29,Bubur Bayi,20,8000
17-02-2020,Item-29,Bubur Bayi,4,8000
30-02-2020,Item-29,Bubur Bayi,3,8000
16-02-2020,Item-29,Bubur Bayi,2,8000
18-02-2020,Item-29,Bubur Bayi,11,8000
18-02-2020,Item-29,Bubur Bayi,19,8000
13-02-2020,Item-30,Kosmetik Wanita,19,8000
19-02-2020,Item-30,Kosmetik Wanita,19,8000
22-02-2020,Item-30,Kosmetik Wanita,9,8000
24-02-2020,Item-30,Kosmetik Wanita,15,8000
15-02-2020,Item-30,Kosmetik Wanita,9,8000
19-02-2020,Item-30,Kosmetik Wanita,9,8000
10-02-2020,Item-30,Kosmetik Wanita,8,8000
15-02-2020,Item-30,Kosmetik Wanita,9,8000
24-02-2020,Item-30,Kosmetik Wanita,15,8000
23-02-2020,Item-30,Kosmetik Wanita,8,8000
18-02-2020,Item-30,Kosmetik Wanita,9,8000
16-02-2020,Item-30,Kosmetik Wanita,16,8000
28-02-2020,Item-30,Kosmetik Wanita,15,8000
13-02-2020,Item-30,Kosmetik Wanita,17,8000
10-02-2020,Item-30,Kosmetik Wanita,8,8000
15-02-2020,Item-30,Kosmetik Wanita,10,8000
12-02-2020,Item-30,Kosmetik Wanita,19,8000
13-02-2020,Item-30,Kosmetik Wanita,8,8000
11-02-2020,Item-30,Kosmetik Wanita,12,8000
12-02-2020,Item-30,Kosmetik Wanita,9,8000
25-02-2020,Item-31,Body Lotion Botol,13,12000
14-02-2020,Item-31,Body Lotion Botol,11,12000
21-02-2020,Item-31,Body Lotion Botol,14,12000
29-02-2020,Item-31,Body Lotion Botol,16,12000
30-02-2020,Item-31,Body Lotion Botol,18,12000
29-02-2020,Item-31,Body Lotion Botol,4,12000
23-02-2020,Item-31,Body Lotion Botol,10,12000
25-02-2020,Item-31,Body Lotion Botol,20,12000
25-02-2020,Item-31,Body Lotion Botol,2,12000
22-02-2020,Item-31,Body Lotion Botol,16,12000
21-02-2020,Item-31,Body Lotion Botol,12,12000
21-02-2020,Item-31,Body Lotion Botol,12,12000
16-02-2020,Item-31,Body Lotion Botol,7,12000
13-02-2020,Item-31,Body Lotion Botol,9,12000
22-02-2020,Item-31,Body Lotion Botol,5,12000
29-02-2020,Item-31,Body Lotion Botol,8,12000
13-02-2020,Item-31,Body Lotion Botol,13,12000
25-02-2020,Item-31,Body Lotion Botol,10,12000
24-02-2020,Item-31,Body Lotion Botol,4,12000
19-02-2020,Item-31,Body Lotion Botol,9,12000
27-02-2020,Item-31,Body Lotion Botol,14,12000
10-02-2020,Item-31,Body Lotion Botol,3,12000
12-02-2020,Item-31,Body Lotion Botol,8,12000
24-02-2020,Item-31,Body Lotion Botol,18,12000
16-02-2020,Item-31,Body Lotion Botol,20,12000
24-02-2020,Item-31,Body Lotion Botol,8,12000
14-02-2020,Item-31,Body Lotion Botol,14,12000
21-02-2020,Item-31,Body Lotion Botol,6,12000
30-02-2020,Item-32,Biscuit,14,10000
25-02-2020,Item-32,Biscuit,1,10000
20-02-2020,Item-32,Biscuit,11,10000
11-02-2020,Item-32,Biscuit,12,10000
25-02-2020,Item-18,Telur Ayam Negeri,1,1700
21-02-2020,Item-18,Telur Ayam Negeri,2,1700
13-02-2020,Item-18,Telur Ayam Negeri,3,1700
15-02-2020,Item-18,Telur Ayam Negeri,4,1700
12-02-2020,Item-18,Telur Ayam Negeri,5,1700
24-02-2020,Item-18,Telur Ayam Negeri,1,1700
16-02-2020,Item-18,Telur Ayam Negeri,2,1700
16-02-2020,Item-18,Telur Ayam Negeri,3,1700
16-02-2020,Item-18,Telur Ayam Negeri,4,1700
18-02-2020,Item-18,Telur Ayam Negeri,5,1700
13-02-2020,Item-18,Telur Ayam Negeri,6,1700
17-02-2020,Item-14,Teh Celup Melati,4,7800
11-02-2020,Item-14,Teh Celup Melati,5,7800
24-02-2020,Item-14,Teh Celup Melati,10,7800
21-02-2020,Item-14,Teh Celup Melati,7,7800
26-02-2020,Item-14,Teh Celup Melati,5,7800
10-02-2020,Item-33,Es Cream,20,5000
21-02-2020,Item-33,Es Cream,14,5000
10-02-2020,Item-33,Es Cream,17,5000
28-02-2020,Item-33,Es Cream,5,5000
29-02-2020,Item-33,Es Cream,13,5000
16-02-2020,Item-33,Es Cream,1,5000
15-02-2020,Item-33,Es Cream,8,5000
29-02-2020,Item-33,Es Cream,5,5000
25-02-2020,Item-33,Es Cream,12,5000
16-02-2020,Item-33,Es Cream,12,5000
10-02-2020,Item-33,Es Cream,11,5000
16-02-2020,Item-33,Es Cream,2,5000
21-02-2020,Item-33,Es Cream,19,5000
21-02-2020,Item-33,Es Cream,10,5000
20-02-2020,Item-33,Es Cream,10,5000
24-02-2020,Item-33,Es Cream,6,5000
20-02-2020,Item-33,Es Cream,7,5000
23-02-2020,Item-33,Es Cream,13,5000
15-02-2020,Item-33,Es Cream,7,5000
30-02-2020,Item-33,Es Cream,15,5000
15-02-2020,Item-33,Es Cream,12,5000
24-02-2020,Item-33,Es Cream,8,5000
29-02-2020,Item-33,Es Cream,6,5000
10-02-2020,Item-33,Es Cream,9,5000
25-02-2020,Item-34,Sirup Botol,14,12000
20-02-2020,Item-34,Sirup Botol,10,12000
16-02-2020,Item-34,Sirup Botol,6,12000
27-02-2020,Item-34,Sirup Botol,10,12000
11-02-2020,Item-34,Sirup Botol,5,12000
28-02-2020,Item-34,Sirup Botol,8,12000
18-02-2020,Item-34,Sirup Botol,15,12000
16-02-2020,Item-34,Sirup Botol,12,12000
30-02-2020,Item-34,Sirup Botol,17,12000
30-02-2020,Item-34,Sirup Botol,5,12000
12-02-2020,Item-34,Sirup Botol,15,12000
13-02-2020,Item-34,Sirup Botol,6,12000
23-03-2020,Item-14,Teh Celup Melati,4,7800
24-03-2020,Item-14,Teh Celup Melati,5,7800
18-03-2020,Item-14,Teh Celup Melati,10,7800
12-03-2020,Item-14,Teh Celup Melati,7,7800
10-03-2020,Item-14,Teh Celup Melati,5,7800
27-03-2020,Item-20,Pampers Bayi Size M,4,41000
30-03-2020,Item-20,Pampers Bayi Size M,3,41000
29-03-2020,Item-20,Pampers Bayi Size M,3,41000
24-03-2020,Item-20,Pampers Bayi Size M,1,41000
20-03-2020,Item-20,Pampers Bayi Size M,2,41000
22-03-2020,Item-20,Pampers Bayi Size M,1,41000
12-03-2020,Item-20,Pampers Bayi Size M,2,41000
20-03-2020,Item-20,Pampers Bayi Size M,1,41000
19-03-2020,Item-20,Pampers Bayi Size M,2,41000
13-03-2020,Item-20,Pampers Bayi Size M,1,41000
14-03-2020,Item-20,Pampers Bayi Size M,1,41000
23-03-2020,Item-20,Pampers Bayi Size M,1,41000
28-03-2020,Item-20,Pampers Bayi Size M,3,41000
23-03-2020,Item-20,Pampers Bayi Size M,3,41000
30-03-2020,Item-20,Pampers Bayi Size M,3,41000
22-03-2020,Item-03,Gula Pasir Putih 1 kg,3,12500
29-03-2020,Item-03,Gula Pasir Putih 1 kg,2,12500
20-03-2020,Item-03,Gula Pasir Putih 1 kg,3,12500
26-03-2020,Item-03,Gula Pasir Putih 1 kg,1,12500
13-03-2020,Item-03,Gula Pasir Putih 1 kg,2,12500
16-03-2020,Item-03,Gula Pasir Putih 1 kg,4,12500
20-03-2020,Item-03,Gula Pasir Putih 1 kg,1,12500
25-03-2020,Item-03,Gula Pasir Putih 1 kg,3,12500
11-03-2020,Item-03,Gula Pasir Putih 1 kg,2,12500
25-03-2020,Item-01,Batere AA,4,12000
11-03-2020,Item-01,Batere AA,2,12000
16-03-2020,Item-01,Batere AA,2,12000
10-03-2020,Item-04,Kopi Instant,4,5200
21-03-2020,Item-04,Kopi Instant,3,5200
28-03-2020,Item-04,Kopi Instant,3,5200
19-03-2020,Item-03,Gula Pasir Putih 1 kg,1,12500
10-03-2020,Item-03,Gula Pasir Putih 1 kg,3,12500
30-03-2020,Item-04,Kopi Instant,1,5200
20-03-2020,Item-04,Kopi Instant,2,5200
16-03-2020,Item-04,Kopi Instant,1,5200
25-03-2020,Item-04,Kopi Instant,2,5200
30-03-2020,Item-04,Kopi Instant,1,5200
30-03-2020,Item-04,Kopi Instant,2,5200
22-03-2020,Item-04,Kopi Instant,1,5200
19-03-2020,Item-04,Kopi Instant,4,5200
19-03-2020,Item-04,Kopi Instant,1,5200
20-03-2020,Item-04,Kopi Instant,3,5200
26-03-2020,Item-05,Mi Goreng Instant,3,2600
25-03-2020,Item-05,Mi Goreng Instant,1,2600
18-03-2020,Item-05,Mi Goreng Instant,3,2600
26-03-2020,Item-05,Mi Goreng Instant,3,2600
22-03-2020,Item-05,Mi Goreng Instant,4,2600
17-03-2020,Item-21,Shampoo Sachet,2,1000
25-03-2020,Item-21,Shampoo Sachet,1,1000
24-03-2020,Item-21,Shampoo Sachet,1,1000
23-03-2020,Item-21,Shampoo Sachet,1,1000
18-03-2020,Item-21,Shampoo Sachet,1,1000
18-03-2020,Item-21,Shampoo Sachet,4,1000
10-03-2020,Item-21,Shampoo Sachet,2,1000
22-03-2020,Item-02,Bawang Putih 200 gram,2,15000
12-03-2020,Item-02,Bawang Putih 200 gram,1,15000
25-03-2020,Item-02,Bawang Putih 200 gram,1,15000
17-03-2020,Item-02,Bawang Putih 200 gram,1,15000
20-03-2020,Item-02,Bawang Putih 200 gram,1,15000
27-03-2020,Item-02,Bawang Putih 200 gram,4,15000
12-03-2020,Item-02,Bawang Putih 200 gram,1,15000
10-03-2020,Item-02,Bawang Putih 200 gram,2,15000
11-03-2020,Item-05,Mi Goreng Instant,4,2600
23-03-2020,Item-05,Mi Goreng Instant,2,2600
22-03-2020,Item-05,Mi Goreng Instant,3,2600
22-03-2020,Item-05,Mi Goreng Instant,4,2600
26-03-2020,Item-05,Mi Goreng Instant,1,2600
12-03-2020,Item-05,Mi Goreng Instant,2,2600
11-03-2020,Item-05,Mi Goreng Instant,4,2600
21-03-2020,Item-05,Mi Goreng Instant,1,2600
25-03-2020,Item-05,Mi Goreng Instant,4,2600
23-03-2020,Item-05,Mi Goreng Instant,4,2600
10-03-2020,Item-05,Mi Goreng Instant,3,2600
11-03-2020,Item-05,Mi Goreng Instant,2,2600
12-03-2020,Item-21,Shampoo Sachet,2,1000
19-03-2020,Item-21,Shampoo Sachet,1,1000
10-03-2020,Item-21,Shampoo Sachet,1,1000
14-03-2020,Item-21,Shampoo Sachet,2,1000
21-03-2020,Item-26,Susu Bubuk 195g,17,45000
25-03-2020,Item-26,Susu Bubuk 195g,1,45000
14-03-2020,Item-26,Susu Bubuk 195g,20,45000
16-03-2020,Item-26,Susu Bubuk 195g,17,45000
15-03-2020,Item-07,Pembersih Lantai,1,12000
19-03-2020,Item-07,Pembersih Lantai,1,12000
27-03-2020,Item-07,Pembersih Lantai,4,12000
18-03-2020,Item-07,Pembersih Lantai,2,12000
17-03-2020,Item-07,Pembersih Lantai,1,12000
13-03-2020,Item-07,Pembersih Lantai,1,12000
29-03-2020,Item-07,Pembersih Lantai,1,12000
20-03-2020,Item-07,Pembersih Lantai,1,12000
22-03-2020,Item-07,Pembersih Lantai,2,12000
22-03-2020,Item-22,Minyak Goreng 1 Lt,3,16000
13-03-2020,Item-22,Minyak Goreng 1 Lt,2,16000
13-03-2020,Item-22,Minyak Goreng 1 Lt,3,16000
15-03-2020,Item-22,Minyak Goreng 1 Lt,2,16000
17-03-2020,Item-22,Minyak Goreng 1 Lt,1,16000
19-03-2020,Item-22,Minyak Goreng 1 Lt,2,16000
24-03-2020,Item-22,Minyak Goreng 1 Lt,3,16000
29-03-2020,Item-22,Minyak Goreng 1 Lt,1,16000
19-03-2020,Item-22,Minyak Goreng 1 Lt,3,16000
24-03-2020,Item-22,Minyak Goreng 1 Lt,4,16000
27-03-2020,Item-22,Minyak Goreng 1 Lt,4,16000
20-03-2020,Item-22,Minyak Goreng 1 Lt,2,16000
13-03-2020,Item-23,Air Mineral Botol 500 ml,2,3000
15-03-2020,Item-23,Air Mineral Botol 500 ml,1,3000
25-03-2020,Item-23,Air Mineral Botol 500 ml,2,3000
24-03-2020,Item-23,Air Mineral Botol 500 ml,1,3000
16-03-2020,Item-23,Air Mineral Botol 500 ml,1,3000
20-03-2020,Item-23,Air Mineral Botol 500 ml,2,3000
16-03-2020,Item-23,Air Mineral Botol 500 ml,1,3000
18-03-2020,Item-23,Air Mineral Botol 500 ml,2,3000
15-03-2020,Item-23,Air Mineral Botol 500 ml,1,3000
14-03-2020,Item-23,Air Mineral Botol 500 ml,1,3000
14-03-2020,Item-23,Air Mineral Botol 500 ml,4,3000
25-03-2020,Item-23,Air Mineral Botol 500 ml,3,3000
17-03-2020,Item-23,Air Mineral Botol 500 ml,3,3000
30-03-2020,Item-24,Pengharum Ruangan,16,7000
14-03-2020,Item-24,Pengharum Ruangan,16,7000
10-03-2020,Item-24,Pengharum Ruangan,8,7000
14-03-2020,Item-24,Pengharum Ruangan,8,7000
18-03-2020,Item-24,Pengharum Ruangan,13,7000
11-03-2020,Item-24,Pengharum Ruangan,14,7000
30-03-2020,Item-24,Pengharum Ruangan,17,7000
24-03-2020,Item-24,Pengharum Ruangan,7,7000
11-03-2020,Item-24,Pengharum Ruangan,1,7000
24-03-2020,Item-24,Pengharum Ruangan,1,7000
15-03-2020,Item-24,Pengharum Ruangan,17,7000
20-03-2020,Item-24,Pengharum Ruangan,9,7000
16-03-2020,Item-25,Pembalut Wanita Size L,17,15000
30-03-2020,Item-25,Pembalut Wanita Size L,1,15000
12-03-2020,Item-25,Pembalut Wanita Size L,11,15000
18-03-2020,Item-25,Pembalut Wanita Size L,11,15000
22-03-2020,Item-25,Pembalut Wanita Size L,11,15000
29-03-2020,Item-25,Pembalut Wanita Size L,7,15000
24-03-2020,Item-25,Pembalut Wanita Size L,6,15000
23-03-2020,Item-25,Pembalut Wanita Size L,12,15000
16-03-2020,Item-25,Pembalut Wanita Size L,20,15000
20-03-2020,Item-25,Pembalut Wanita Size L,9,15000
18-03-2020,Item-25,Pembalut Wanita Size L,14,15000
16-03-2020,Item-25,Pembalut Wanita Size L,11,15000
29-03-2020,Item-25,Pembalut Wanita Size L,12,15000
25-03-2020,Item-25,Pembalut Wanita Size L,9,15000
26-03-2020,Item-25,Pembalut Wanita Size L,18,15000
14-03-2020,Item-26,Susu Bubuk 195g,2,45000
22-03-2020,Item-26,Susu Bubuk 195g,11,45000
16-03-2020,Item-26,Susu Bubuk 195g,7,45000
27-03-2020,Item-26,Susu Bubuk 195g,13,45000
23-03-2020,Item-26,Susu Bubuk 195g,6,45000
13-03-2020,Item-26,Susu Bubuk 195g,18,45000
24-03-2020,Item-26,Susu Bubuk 195g,6,45000
25-03-2020,Item-26,Susu Bubuk 195g,4,45000
15-03-2020,Item-26,Susu Bubuk 195g,2,45000
28-03-2020,Item-26,Susu Bubuk 195g,12,45000
10-03-2020,Item-26,Susu Bubuk 195g,10,45000
18-03-2020,Item-26,Susu Bubuk 195g,16,45000
18-03-2020,Item-26,Susu Bubuk 195g,1,45000
24-03-2020,Item-12,Beras Pulen 5 kg,3,63000
24-03-2020,Item-12,Beras Pulen 5 kg,4,63000
18-03-2020,Item-12,Beras Pulen 5 kg,4,63000
23-03-2020,Item-12,Beras Pulen 5 kg,3,63000
26-03-2020,Item-12,Beras Pulen 5 kg,4,63000
11-03-2020,Item-12,Beras Pulen 5 kg,4,63000
26-03-2020,Item-12,Beras Pulen 5 kg,3,63000
22-03-2020,Item-12,Beras Pulen 5 kg,4,63000
29-03-2020,Item-27,Bedak Bayi,16,25000
11-03-2020,Item-27,Bedak Bayi,5,25000
15-03-2020,Item-27,Bedak Bayi,4,25000
19-03-2020,Item-27,Bedak Bayi,14,25000
14-03-2020,Item-27,Bedak Bayi,9,25000
16-03-2020,Item-27,Bedak Bayi,2,25000
26-03-2020,Item-27,Bedak Bayi,19,25000
21-03-2020,Item-27,Bedak Bayi,4,25000
28-03-2020,Item-27,Bedak Bayi,15,25000
23-03-2020,Item-28,Tisu,3,7000
14-03-2020,Item-28,Tisu,15,7000
10-03-2020,Item-28,Tisu,3,7000
25-03-2020,Item-28,Tisu,8,7000
10-03-2020,Item-28,Tisu,14,7000
23-03-2020,Item-28,Tisu,2,7000
20-03-2020,Item-28,Tisu,1,7000
27-03-2020,Item-28,Tisu,7,7000
20-03-2020,Item-28,Tisu,18,7000
16-03-2020,Item-28,Tisu,2,7000
26-03-2020,Item-28,Tisu,12,7000
20-03-2020,Item-28,Tisu,4,7000
14-03-2020,Item-28,Tisu,18,7000
30-03-2020,Item-28,Tisu,16,7000
26-03-2020,Item-28,Tisu,13,7000
19-03-2020,Item-29,Bubur Bayi,18,8000
19-03-2020,Item-29,Bubur Bayi,2,8000
20-03-2020,Item-29,Bubur Bayi,10,8000
26-03-2020,Item-29,Bubur Bayi,19,8000
13-03-2020,Item-29,Bubur Bayi,1,8000
16-03-2020,Item-29,Bubur Bayi,2,8000
30-03-2020,Item-29,Bubur Bayi,8,8000
27-03-2020,Item-29,Bubur Bayi,18,8000
21-03-2020,Item-29,Bubur Bayi,16,8000
11-03-2020,Item-29,Bubur Bayi,18,8000
15-03-2020,Item-29,Bubur Bayi,19,8000
30-03-2020,Item-29,Bubur Bayi,12,8000
21-03-2020,Item-29,Bubur Bayi,2,8000
13-03-2020,Item-29,Bubur Bayi,8,8000
11-03-2020,Item-29,Bubur Bayi,5,8000
15-03-2020,Item-29,Bubur Bayi,4,8000
17-03-2020,Item-29,Bubur Bayi,3,8000
21-03-2020,Item-30,Kosmetik Wanita,19,8000
22-03-2020,Item-30,Kosmetik Wanita,19,8000
13-03-2020,Item-30,Kosmetik Wanita,9,8000
21-03-2020,Item-30,Kosmetik Wanita,15,8000
26-03-2020,Item-30,Kosmetik Wanita,9,8000
17-03-2020,Item-30,Kosmetik Wanita,9,8000
23-03-2020,Item-30,Kosmetik Wanita,9,8000
10-03-2020,Item-30,Kosmetik Wanita,15,8000
19-03-2020,Item-30,Kosmetik Wanita,8,8000
25-03-2020,Item-30,Kosmetik Wanita,9,8000
26-03-2020,Item-30,Kosmetik Wanita,16,8000
29-03-2020,Item-30,Kosmetik Wanita,15,8000
15-03-2020,Item-30,Kosmetik Wanita,17,8000
10-03-2020,Item-30,Kosmetik Wanita,8,8000
22-03-2020,Item-30,Kosmetik Wanita,19,8000
27-03-2020,Item-30,Kosmetik Wanita,8,8000
16-03-2020,Item-30,Kosmetik Wanita,12,8000
25-03-2020,Item-30,Kosmetik Wanita,9,8000
11-03-2020,Item-31,Body Lotion Botol,13,12000
30-03-2020,Item-31,Body Lotion Botol,14,12000
13-03-2020,Item-31,Body Lotion Botol,18,12000
19-03-2020,Item-31,Body Lotion Botol,10,12000
15-03-2020,Item-31,Body Lotion Botol,20,12000
14-03-2020,Item-31,Body Lotion Botol,2,12000
16-03-2020,Item-31,Body Lotion Botol,16,12000
24-03-2020,Item-31,Body Lotion Botol,12,12000
29-03-2020,Item-31,Body Lotion Botol,7,12000
17-03-2020,Item-31,Body Lotion Botol,9,12000
13-03-2020,Item-31,Body Lotion Botol,5,12000
10-03-2020,Item-31,Body Lotion Botol,13,12000
10-03-2020,Item-31,Body Lotion Botol,10,12000
24-03-2020,Item-31,Body Lotion Botol,4,12000
23-03-2020,Item-31,Body Lotion Botol,9,12000
21-03-2020,Item-31,Body Lotion Botol,14,12000
19-03-2020,Item-31,Body Lotion Botol,8,12000
14-03-2020,Item-31,Body Lotion Botol,18,12000
11-03-2020,Item-31,Body Lotion Botol,8,12000
21-03-2020,Item-31,Body Lotion Botol,14,12000
12-03-2020,Item-31,Body Lotion Botol,6,12000
22-03-2020,Item-32,Biscuit,14,10000
25-03-2020,Item-32,Biscuit,1,10000
17-03-2020,Item-32,Biscuit,11,10000
27-03-2020,Item-32,Biscuit,12,10000
21-03-2020,Item-18,Telur Ayam Negeri,1,1700
22-03-2020,Item-18,Telur Ayam Negeri,3,1700
19-03-2020,Item-18,Telur Ayam Negeri,4,1700
12-03-2020,Item-18,Telur Ayam Negeri,5,1700
19-03-2020,Item-18,Telur Ayam Negeri,1,1700
17-03-2020,Item-18,Telur Ayam Negeri,2,1700
12-03-2020,Item-18,Telur Ayam Negeri,4,1700
24-03-2020,Item-18,Telur Ayam Negeri,6,1700
27-03-2020,Item-14,Teh Celup Melati,4,7800
18-03-2020,Item-14,Teh Celup Melati,5,7800
24-03-2020,Item-14,Teh Celup Melati,7,7800
17-03-2020,Item-14,Teh Celup Melati,5,7800
18-03-2020,Item-33,Es Cream,20,5000
15-03-2020,Item-33,Es Cream,14,5000
17-03-2020,Item-33,Es Cream,17,5000
29-03-2020,Item-33,Es Cream,8,5000
26-03-2020,Item-33,Es Cream,5,5000
25-03-2020,Item-33,Es Cream,12,5000
23-03-2020,Item-33,Es Cream,19,5000
13-03-2020,Item-33,Es Cream,10,5000
14-03-2020,Item-33,Es Cream,10,5000
29-03-2020,Item-33,Es Cream,6,5000
27-03-2020,Item-33,Es Cream,7,5000
20-03-2020,Item-33,Es Cream,7,5000
23-03-2020,Item-33,Es Cream,12,5000
15-03-2020,Item-33,Es Cream,8,5000
27-03-2020,Item-33,Es Cream,6,5000
27-03-2020,Item-33,Es Cream,9,5000
20-03-2020,Item-34,Sirup Botol,14,12000
12-03-2020,Item-34,Sirup Botol,10,12000
18-03-2020,Item-34,Sirup Botol,10,12000
28-03-2020,Item-34,Sirup Botol,5,12000
15-03-2020,Item-34,Sirup Botol,15,12000
12-03-2020,Item-34,Sirup Botol,12,12000
21-03-2020,Item-34,Sirup Botol,17,12000
10-03-2020,Item-34,Sirup Botol,15,12000
24-03-2020,Item-34,Sirup Botol,6,12000
30-08-2020,Item-11,Sabun Cuci Piring,3,14000
4-08-2020,Item-11,Sabun Cuci Piring,3,14000
30-08-2020,Item-11,Sabun Cuci Piring,2,14000
19-08-2020,Item-03,Gula Pasir Putih 1 kg,2,12500
20-08-2020,Item-11,Sabun Cuci Piring,3,14000
27-08-2020,Item-11,Sabun Cuci Piring,4,14000
20-08-2020,Item-26,Susu Bubuk 195g,7,45000
15-08-2020,Item-11,Sabun Cuci Piring,2,14000
22-08-2020,Item-11,Sabun Cuci Piring,3,14000
19-08-2020,Item-16,Balsem Putih 20 gram,1,22300
11-08-2020,Item-11,Sabun Cuci Piring,4,14000
17-08-2020,Item-16,Balsem Putih 20 gram,1,22300
29-08-2020,Item-26,Susu Bubuk 195g,14,45000
19-08-2020,Item-11,Sabun Cuci Piring,3,14000
9-08-2020,Item-03,Gula Pasir Putih 1 kg,3,12500
29-08-2020,Item-11,Sabun Cuci Piring,2,14000
27-08-2020,Item-17,Obat Batuk,3,5000
1-08-2020,Item-03,Gula Pasir Putih 1 kg,2,12500
22-08-2020,Item-11,Sabun Cuci Piring,3,14000
8-08-2020,Item-16,Balsem Putih 20 gram,4,22300
20-08-2020,Item-03,Gula Pasir Putih 1 kg,2,12500
11-08-2020,Item-11,Sabun Cuci Piring,2,14000
6-08-2020,Item-16,Balsem Putih 20 gram,2,22300
18-08-2020,Item-03,Gula Pasir Putih 1 kg,1,12500
18-08-2020,Item-26,Susu Bubuk 195g,1,45000
1-08-2020,Item-11,Sabun Cuci Piring,4,14000
5-08-2020,Item-03,Gula Pasir Putih 1 kg,2,12500
17-08-2020,Item-03,Gula Pasir Putih 1 kg,2,12500
13-08-2020,Item-03,Gula Pasir Putih 1 kg,3,12500
1-08-2020,Item-03,Gula Pasir Putih 1 kg,3,12500
7-08-2020,Item-03,Gula Pasir Putih 1 kg,3,12500
25-08-2020,Item-11,Sabun Cuci Piring,3,14000
23-08-2020,Item-13,Pisau Cukur,1,6500
27-08-2020,Item-14,Teh Celup Melati,4,7800
11-08-2020,Item-13,Pisau Cukur,1,6500
4-08-2020,Item-14,Teh Celup Melati,4,7800
14-08-2020,Item-14,Teh Celup Melati,5,7800
16-08-2020,Item-14,Teh Celup Melati,10,7800
15-08-2020,Item-14,Teh Celup Melati,7,7800
23-08-2020,Item-14,Teh Celup Melati,5,7800
1-08-2020,Item-11,Sabun Cuci Piring,2,14000
10-08-2020,Item-03,Gula Pasir Putih 1 kg,2,12500
20-08-2020,Item-11,Sabun Cuci Piring,2,14000
25-08-2020,Item-13,Pisau Cukur,1,6500
23-08-2020,Item-14,Teh Celup Melati,3,7800
5-08-2020,Item-11,Sabun Cuci Piring,3,14000
28-08-2020,Item-13,Pisau Cukur,1,6500
2-08-2020,Item-03,Gula Pasir Putih 1 kg,1,12500
19-08-2020,Item-11,Sabun Cuci Piring,2,14000
22-08-2020,Item-14,Teh Celup Melati,1,7800
10-08-2020,Item-11,Sabun Cuci Piring,3,14000
21-08-2020,Item-13,Pisau Cukur,2,6500
30-08-2020,Item-03,Gula Pasir Putih 1 kg,4,12500
15-08-2020,Item-11,Sabun Cuci Piring,2,14000
26-08-2020,Item-13,Pisau Cukur,3,6500
20-08-2020,Item-14,Teh Celup Melati,3,7800
25-08-2020,Item-03,Gula Pasir Putih 1 kg,2,12500
21-08-2020,Item-14,Teh Celup Melati,4,7800
23-08-2020,Item-14,Teh Celup Melati,1,7800
17-08-2020,Item-03,Gula Pasir Putih 1 kg,2,12500
21-08-2020,Item-03,Gula Pasir Putih 1 kg,1,12500
13-08-2020,Item-14,Teh Celup Melati,1,7800
29-08-2020,Item-03,Gula Pasir Putih 1 kg,1,12500
17-08-2020,Item-03,Gula Pasir Putih 1 kg,2,12500
1-08-2020,Item-14,Teh Celup Melati,1,7800
22-08-2020,Item-03,Gula Pasir Putih 1 kg,3,12500
30-08-2020,Item-14,Teh Celup Melati,1,7800
20-08-2020,Item-11,Sabun Cuci Piring,4,14000
24-08-2020,Item-06,Sabun Mandi Cair 100 ml,2,10500
4-08-2020,Item-06,Sabun Mandi Cair 100 ml,2,10500
22-08-2020,Item-05,Mi Goreng Instant,2,2600
26-08-2020,Item-05,Mi Goreng Instant,2,2600
11-08-2020,Item-05,Mi Goreng Instant,2,2600
18-08-2020,Item-05,Mi Goreng Instant,1,2600
18-08-2020,Item-05,Mi Goreng Instant,3,2600
8-08-2020,Item-05,Mi Goreng Instant,1,2600
17-08-2020,Item-05,Mi Goreng Instant,1,2600
6-08-2020,Item-05,Mi Goreng Instant,4,2600
12-08-2020,Item-06,Sabun Mandi Cair 100 ml,2,10500
1-08-2020,Item-06,Sabun Mandi Cair 100 ml,1,10500
4-08-2020,Item-08,Vitamin C,4,2000
15-08-2020,Item-08,Vitamin C,4,2000
18-08-2020,Item-08,Vitamin C,2,2000
23-08-2020,Item-08,Vitamin C,3,2000
13-08-2020,Item-08,Vitamin C,4,2000
11-08-2020,Item-08,Vitamin C,1,2000
11-08-2020,Item-08,Vitamin C,4,2000
4-08-2020,Item-08,Vitamin C,4,2000
9-08-2020,Item-08,Vitamin C,1,2000
11-08-2020,Item-08,Vitamin C,1,2000
18-08-2020,Item-09,Roti Tawar,3,12500
28-08-2020,Item-09,Roti Tawar,2,12500
4-08-2020,Item-09,Roti Tawar,4,12500
24-08-2020,Item-09,Roti Tawar,2,12500
24-08-2020,Item-09,Roti Tawar,1,12500
2-08-2020,Item-14,Teh Celup Melati,1,7800
24-08-2020,Item-13,Pisau Cukur,4,6500
18-08-2020,Item-11,Sabun Cuci Piring,2,14000
13-08-2020,Item-14,Teh Celup Melati,3,7800
15-08-2020,Item-14,Teh Celup Melati,2,7800
7-08-2020,Item-14,Teh Celup Melati,4,7800
28-08-2020,Item-13,Pisau Cukur,4,6500
26-08-2020,Item-03,Gula Pasir Putih 1 kg,4,12500
21-08-2020,Item-14,Teh Celup Melati,4,7800
23-08-2020,Item-14,Teh Celup Melati,1,7800
24-08-2020,Item-03,Gula Pasir Putih 1 kg,3,12500
27-08-2020,Item-03,Gula Pasir Putih 1 kg,2,12500
3-08-2020,Item-03,Gula Pasir Putih 1 kg,4,12500
1-08-2020,Item-03,Gula Pasir Putih 1 kg,4,12500
10-08-2020,Item-10,Biskuit Waver Kaleng,4,24000
19-08-2020,Item-10,Biskuit Waver Kaleng,1,24000
23-08-2020,Item-10,Biskuit Waver Kaleng,4,24000
3-08-2020,Item-09,Roti Tawar,3,12500
2-08-2020,Item-10,Biskuit Waver Kaleng,1,24000
27-08-2020,Item-03,Gula Pasir Putih 1 kg,4,12500
15-08-2020,Item-10,Biskuit Waver Kaleng,3,24000
20-08-2020,Item-10,Biskuit Waver Kaleng,2,24000
9-08-2020,Item-03,Gula Pasir Putih 1 kg,3,12500
15-08-2020,Item-10,Biskuit Waver Kaleng,4,24000
25-08-2020,Item-09,Roti Tawar,2,12500
29-08-2020,Item-03,Gula Pasir Putih 1 kg,2,12500
21-08-2020,Item-03,Gula Pasir Putih 1 kg,2,12500
23-08-2020,Item-09,Roti Tawar,2,12500
12-08-2020,Item-03,Gula Pasir Putih 1 kg,2,12500
7-08-2020,Item-09,Roti Tawar,1,12500
1-08-2020,Item-03,Gula Pasir Putih 1 kg,2,12500
23-08-2020,Item-09,Roti Tawar,2,12500
4-08-2020,Item-03,Gula Pasir Putih 1 kg,3,12500
28-08-2020,Item-03,Gula Pasir Putih 1 kg,1,12500
21-08-2020,Item-10,Biskuit Waver Kaleng,4,24000
22-08-2020,Item-03,Gula Pasir Putih 1 kg,2,12500
29-08-2020,Item-20,Pampers Bayi Size M,4,41000
30-08-2020,Item-10,Biskuit Waver Kaleng,4,24000
18-08-2020,Item-11,Sabun Cuci Piring,1,14000
15-08-2020,Item-17,Obat Batuk,2,5000
16-08-2020,Item-10,Biskuit Waver Kaleng,3,24000
30-08-2020,Item-10,Biskuit Waver Kaleng,3,24000
25-08-2020,Item-06,Sabun Mandi Cair 100 ml,4,10500
18-08-2020,Item-10,Biskuit Waver Kaleng,1,24000
20-08-2020,Item-11,Sabun Cuci Piring,4,14000
5-08-2020,Item-06,Sabun Mandi Cair 100 ml,3,10500
13-08-2020,Item-10,Biskuit Waver Kaleng,2,24000
29-08-2020,Item-11,Sabun Cuci Piring,2,14000
19-08-2020,Item-10,Biskuit Waver Kaleng,3,24000
1-08-2020,Item-11,Sabun Cuci Piring,4,14000
6-08-2020,Item-10,Biskuit Waver Kaleng,3,24000
15-08-2020,Item-11,Sabun Cuci Piring,4,14000
2-08-2020,Item-10,Biskuit Waver Kaleng,2,24000
18-08-2020,Item-11,Sabun Cuci Piring,4,14000
12-08-2020,Item-26,Susu Bubuk 195g,19,45000
23-08-2020,Item-26,Susu Bubuk 195g,10,45000
26-08-2020,Item-26,Susu Bubuk 195g,4,45000
9-08-2020,Item-26,Susu Bubuk 195g,16,45000
4-08-2020,Item-27,Bedak Bayi,8,25000
19-08-2020,Item-05,Mi Goreng Instant,4,2600
24-08-2020,Item-05,Mi Goreng Instant,2,2600
28-08-2020,Item-05,Mi Goreng Instant,3,2600
4-08-2020,Item-05,Mi Goreng Instant,4,2600
4-08-2020,Item-05,Mi Goreng Instant,4,2600
3-08-2020,Item-06,Sabun Mandi Cair 100 ml,1,10500
14-08-2020,Item-06,Sabun Mandi Cair 100 ml,4,10500
28-08-2020,Item-06,Sabun Mandi Cair 100 ml,4,10500
20-08-2020,Item-06,Sabun Mandi Cair 100 ml,2,10500
14-08-2020,Item-06,Sabun Mandi Cair 100 ml,2,10500
7-08-2020,Item-06,Sabun Mandi Cair 100 ml,4,10500
1-08-2020,Item-06,Sabun Mandi Cair 100 ml,1,10500
24-08-2020,Item-06,Sabun Mandi Cair 100 ml,3,10500
13-08-2020,Item-06,Sabun Mandi Cair 100 ml,4,10500
25-08-2020,Item-06,Sabun Mandi Cair 100 ml,4,10500
7-08-2020,Item-06,Sabun Mandi Cair 100 ml,3,10500
3-08-2020,Item-06,Sabun Mandi Cair 100 ml,2,10500
23-08-2020,Item-04,Kopi Instant,4,5200
20-08-2020,Item-04,Kopi Instant,3,5200
28-08-2020,Item-04,Kopi Instant,4,5200
10-08-2020,Item-04,Kopi Instant,2,5200
30-08-2020,Item-04,Kopi Instant,4,5200
9-08-2020,Item-04,Kopi Instant,3,5200
9-08-2020,Item-04,Kopi Instant,1,5200
20-08-2020,Item-04,Kopi Instant,4,5200
1-08-2020,Item-04,Kopi Instant,1,5200
3-08-2020,Item-04,Kopi Instant,3,5200
1-08-2020,Item-04,Kopi Instant,4,5200
23-08-2020,Item-04,Kopi Instant,1,5200
6-08-2020,Item-20,Pampers Bayi Size M,3,41000
24-08-2020,Item-20,Pampers Bayi Size M,4,41000
11-08-2020,Item-20,Pampers Bayi Size M,2,41000
20-08-2020,Item-20,Pampers Bayi Size M,4,41000
13-08-2020,Item-20,Pampers Bayi Size M,3,41000
19-08-2020,Item-20,Pampers Bayi Size M,1,41000
5-08-2020,Item-20,Pampers Bayi Size M,4,41000
21-08-2020,Item-20,Pampers Bayi Size M,1,41000
28-08-2020,Item-20,Pampers Bayi Size M,3,41000
1-08-2020,Item-20,Pampers Bayi Size M,4,41000
8-08-2020,Item-20,Pampers Bayi Size M,1,41000
12-08-2020,Item-20,Pampers Bayi Size M,2,41000
28-08-2020,Item-20,Pampers Bayi Size M,1,41000
20-08-2020,Item-20,Pampers Bayi Size M,3,41000
10-08-2020,Item-20,Pampers Bayi Size M,4,41000
9-08-2020,Item-03,Gula Pasir Putih 1 kg,1,12500
15-08-2020,Item-10,Biskuit Waver Kaleng,1,24000
3-08-2020,Item-11,Sabun Cuci Piring,3,14000
15-08-2020,Item-17,Obat Batuk,1,5000
18-08-2020,Item-10,Biskuit Waver Kaleng,1,24000
8-08-2020,Item-10,Biskuit Waver Kaleng,3,24000
28-08-2020,Item-10,Biskuit Waver Kaleng,1,24000
29-08-2020,Item-11,Sabun Cuci Piring,3,14000
7-08-2020,Item-03,Gula Pasir Putih 1 kg,1,12500
2-08-2020,Item-10,Biskuit Waver Kaleng,3,24000
2-08-2020,Item-11,Sabun Cuci Piring,3,14000
24-08-2020,Item-10,Biskuit Waver Kaleng,1,24000
21-08-2020,Item-11,Sabun Cuci Piring,3,14000
20-08-2020,Item-10,Biskuit Waver Kaleng,4,24000
24-08-2020,Item-11,Sabun Cuci Piring,1,14000
15-08-2020,Item-10,Biskuit Waver Kaleng,4,24000
11-08-2020,Item-11,Sabun Cuci Piring,3,14000
19-08-2020,Item-19,Obat Diare,3,5000
2-08-2020,Item-17,Obat Batuk,4,5000
26-08-2020,Item-18,Telur Ayam Negeri,4,1700
18-08-2020,Item-19,Obat Diare,1,5000
6-08-2020,Item-10,Biskuit Waver Kaleng,1,24000
29-08-2020,Item-17,Obat Batuk,4,5000
26-08-2020,Item-17,Obat Batuk,2,5000
1-08-2020,Item-18,Telur Ayam Negeri,3,1700
4-08-2020,Item-10,Biskuit Waver Kaleng,2,24000
17-08-2020,Item-17,Obat Batuk,2,5000
15-08-2020,Item-03,Gula Pasir Putih 1 kg,3,12500
6-08-2020,Item-10,Biskuit Waver Kaleng,1,24000
8-08-2020,Item-17,Obat Batuk,3,5000
8-08-2020,Item-10,Biskuit Waver Kaleng,4,24000
13-08-2020,Item-17,Obat Batuk,1,5000
3-08-2020,Item-10,Biskuit Waver Kaleng,3,24000
5-08-2020,Item-17,Obat Batuk,3,5000
12-08-2020,Item-03,Gula Pasir Putih 1 kg,4,12500
29-08-2020,Item-03,Gula Pasir Putih 1 kg,4,12500
11-08-2020,Item-17,Obat Batuk,4,5000
26-08-2020,Item-03,Gula Pasir Putih 1 kg,3,12500
22-08-2020,Item-03,Gula Pasir Putih 1 kg,2,12500
30-08-2020,Item-03,Gula Pasir Putih 1 kg,4,12500
20-08-2020,Item-03,Gula Pasir Putih 1 kg,4,12500
22-08-2020,Item-03,Gula Pasir Putih 1 kg,2,12500
22-08-2020,Item-03,Gula Pasir Putih 1 kg,2,12500
15-08-2020,Item-03,Gula Pasir Putih 1 kg,3,12500
22-08-2020,Item-03,Gula Pasir Putih 1 kg,1,12500
2-08-2020,Item-03,Gula Pasir Putih 1 kg,2,12500
21-08-2020,Item-14,Teh Celup Melati,1,7800
27-08-2020,Item-17,Obat Batuk,1,5000
3-08-2020,Item-01,Batere AA,4,12000
25-08-2020,Item-08,Vitamin C,3,2000
3-08-2020,Item-14,Teh Celup Melati,4,7800
18-08-2020,Item-17,Obat Batuk,1,5000
16-08-2020,Item-20,Pampers Bayi Size M,1,41000
2-08-2020,Item-20,Pampers Bayi Size M,2,41000
28-08-2020,Item-20,Pampers Bayi Size M,3,41000
4-08-2020,Item-20,Pampers Bayi Size M,3,41000
26-08-2020,Item-20,Pampers Bayi Size M,1,41000
12-08-2020,Item-20,Pampers Bayi Size M,4,41000
30-08-2020,Item-05,Mi Goreng Instant,2,2600
4-08-2020,Item-05,Mi Goreng Instant,2,2600
19-08-2020,Item-05,Mi Goreng Instant,1,2600
4-08-2020,Item-05,Mi Goreng Instant,1,2600
8-08-2020,Item-05,Mi Goreng Instant,3,2600
3-08-2020,Item-05,Mi Goreng Instant,1,2600
10-08-2020,Item-05,Mi Goreng Instant,1,2600
19-08-2020,Item-05,Mi Goreng Instant,1,2600
21-08-2020,Item-05,Mi Goreng Instant,3,2600
16-08-2020,Item-05,Mi Goreng Instant,1,2600
16-08-2020,Item-05,Mi Goreng Instant,3,2600
14-08-2020,Item-01,Batere AA,1,12000
1-08-2020,Item-04,Kopi Instant,2,5200
7-08-2020,Item-04,Kopi Instant,1,5200
21-08-2020,Item-04,Kopi Instant,3,5200
24-08-2020,Item-04,Kopi Instant,4,5200
20-08-2020,Item-04,Kopi Instant,1,5200
1-08-2020,Item-08,Vitamin C,3,2000
8-08-2020,Item-08,Vitamin C,4,2000
17-08-2020,Item-08,Vitamin C,4,2000
2-08-2020,Item-08,Vitamin C,4,2000
17-08-2020,Item-08,Vitamin C,3,2000
24-08-2020,Item-08,Vitamin C,4,2000
9-08-2020,Item-08,Vitamin C,2,2000
20-08-2020,Item-08,Vitamin C,3,2000
5-08-2020,Item-08,Vitamin C,4,2000
16-08-2020,Item-08,Vitamin C,3,2000
28-08-2020,Item-08,Vitamin C,4,2000
10-08-2020,Item-08,Vitamin C,2,2000
4-08-2020,Item-08,Vitamin C,2,2000
9-08-2020,Item-08,Vitamin C,2,2000
29-08-2020,Item-08,Vitamin C,3,2000
8-08-2020,Item-08,Vitamin C,2,2000
25-08-2020,Item-09,Roti Tawar,2,12500
23-08-2020,Item-09,Roti Tawar,2,12500
2-08-2020,Item-09,Roti Tawar,4,12500
12-08-2020,Item-09,Roti Tawar,3,12500
26-08-2020,Item-09,Roti Tawar,2,12500
30-08-2020,Item-09,Roti Tawar,4,12500
11-08-2020,Item-20,Pampers Bayi Size M,4,41000
29-08-2020,Item-20,Pampers Bayi Size M,2,41000
5-08-2020,Item-20,Pampers Bayi Size M,2,41000
17-08-2020,Item-20,Pampers Bayi Size M,3,41000
27-08-2020,Item-20,Pampers Bayi Size M,3,41000
7-08-2020,Item-20,Pampers Bayi Size M,3,41000
25-08-2020,Item-20,Pampers Bayi Size M,3,41000
8-08-2020,Item-20,Pampers Bayi Size M,1,41000
2-08-2020,Item-20,Pampers Bayi Size M,3,41000
12-08-2020,Item-05,Mi Goreng Instant,2,2600
27-08-2020,Item-05,Mi Goreng Instant,2,2600
7-08-2020,Item-05,Mi Goreng Instant,2,2600
18-08-2020,Item-05,Mi Goreng Instant,1,2600
30-08-2020,Item-05,Mi Goreng Instant,3,2600
3-08-2020,Item-05,Mi Goreng Instant,1,2600
7-08-2020,Item-05,Mi Goreng Instant,1,2600
24-08-2020,Item-05,Mi Goreng Instant,4,2600
24-08-2020,Item-03,Gula Pasir Putih 1 kg,1,12500
8-08-2020,Item-14,Teh Celup Melati,4,7800
28-08-2020,Item-17,Obat Batuk,3,5000
24-08-2020,Item-18,Telur Ayam Negeri,4,1700
14-08-2020,Item-17,Obat Batuk,2,5000
15-08-2020,Item-18,Telur Ayam Negeri,3,1700
25-08-2020,Item-18,Telur Ayam Negeri,2,1700
21-08-2020,Item-03,Gula Pasir Putih 1 kg,2,12500
21-08-2020,Item-14,Teh Celup Melati,2,7800
5-08-2020,Item-17,Obat Batuk,1,5000
1-08-2020,Item-03,Gula Pasir Putih 1 kg,3,12500
18-08-2020,Item-17,Obat Batuk,1,5000
19-08-2020,Item-18,Telur Ayam Negeri,2,1700
15-08-2020,Item-14,Teh Celup Melati,1,7800
19-08-2020,Item-17,Obat Batuk,4,5000
8-08-2020,Item-03,Gula Pasir Putih 1 kg,3,12500
13-08-2020,Item-14,Teh Celup Melati,2,7800
3-08-2020,Item-17,Obat Batuk,3,5000
1-08-2020,Item-03,Gula Pasir Putih 1 kg,3,12500
8-08-2020,Item-14,Teh Celup Melati,4,7800
21-08-2020,Item-17,Obat Batuk,2,5000
19-08-2020,Item-14,Teh Celup Melati,1,7800
2-08-2020,Item-17,Obat Batuk,4,5000
30-08-2020,Item-17,Obat Batuk,3,5000
7-08-2020,Item-18,Telur Ayam Negeri,4,1700
21-08-2020,Item-17,Obat Batuk,2,5000
26-08-2020,Item-18,Telur Ayam Negeri,1,1700
20-08-2020,Item-14,Teh Celup Melati,1,7800
7-08-2020,Item-17,Obat Batuk,2,5000
2-08-2020,Item-17,Obat Batuk,4,5000
21-08-2020,Item-18,Telur Ayam Negeri,4,1700
10-08-2020,Item-09,Roti Tawar,2,12500
8-08-2020,Item-17,Obat Batuk,1,5000
9-08-2020,Item-18,Telur Ayam Negeri,2,1700
30-08-2020,Item-15,Ketan Hitam 500 gram,3,18000
25-08-2020,Item-03,Gula Pasir Putih 1 kg,3,12500
1-08-2020,Item-09,Roti Tawar,3,12500
25-08-2020,Item-09,Roti Tawar,2,12500
19-08-2020,Item-03,Gula Pasir Putih 1 kg,4,12500
4-08-2020,Item-09,Roti Tawar,2,12500
7-08-2020,Item-09,Roti Tawar,3,12500
26-08-2020,Item-15,Ketan Hitam 500 gram,4,18000
19-08-2020,Item-03,Gula Pasir Putih 1 kg,2,12500
16-08-2020,Item-09,Roti Tawar,2,12500
21-08-2020,Item-26,Susu Bubuk 195g,5,45000
10-08-2020,Item-03,Gula Pasir Putih 1 kg,3,12500
12-08-2020,Item-09,Roti Tawar,3,12500
7-08-2020,Item-15,Ketan Hitam 500 gram,3,18000
2-08-2020,Item-15,Ketan Hitam 500 gram,2,18000
13-08-2020,Item-09,Roti Tawar,2,12500
10-08-2020,Item-15,Ketan Hitam 500 gram,2,18000
13-08-2020,Item-26,Susu Bubuk 195g,16,45000
28-08-2020,Item-09,Roti Tawar,4,12500
20-08-2020,Item-26,Susu Bubuk 195g,5,45000
25-08-2020,Item-03,Gula Pasir Putih 1 kg,1,12500
21-08-2020,Item-26,Susu Bubuk 195g,15,45000
14-08-2020,Item-15,Ketan Hitam 500 gram,2,18000
24-08-2020,Item-06,Sabun Mandi Cair 100 ml,4,10500
27-08-2020,Item-26,Susu Bubuk 195g,12,45000
18-08-2020,Item-15,Ketan Hitam 500 gram,1,18000
15-08-2020,Item-15,Ketan Hitam 500 gram,2,18000
21-08-2020,Item-15,Ketan Hitam 500 gram,1,18000
12-08-2020,Item-15,Ketan Hitam 500 gram,2,18000
15-08-2020,Item-20,Pampers Bayi Size M,2,41000
11-08-2020,Item-20,Pampers Bayi Size M,1,41000
26-08-2020,Item-20,Pampers Bayi Size M,1,41000
16-08-2020,Item-20,Pampers Bayi Size M,3,41000
4-08-2020,Item-20,Pampers Bayi Size M,2,41000
1-08-2020,Item-20,Pampers Bayi Size M,2,41000
5-08-2020,Item-20,Pampers Bayi Size M,3,41000
9-08-2020,Item-20,Pampers Bayi Size M,4,41000
26-08-2020,Item-20,Pampers Bayi Size M,3,41000
2-08-2020,Item-06,Sabun Mandi Cair 100 ml,4,10500
16-08-2020,Item-06,Sabun Mandi Cair 100 ml,3,10500
16-08-2020,Item-06,Sabun Mandi Cair 100 ml,4,10500
2-08-2020,Item-06,Sabun Mandi Cair 100 ml,2,10500
1-08-2020,Item-06,Sabun Mandi Cair 100 ml,1,10500
11-08-2020,Item-06,Sabun Mandi Cair 100 ml,3,10500
29-08-2020,Item-06,Sabun Mandi Cair 100 ml,3,10500
22-08-2020,Item-06,Sabun Mandi Cair 100 ml,1,10500
5-08-2020,Item-06,Sabun Mandi Cair 100 ml,1,10500
9-08-2020,Item-06,Sabun Mandi Cair 100 ml,1,10500
21-08-2020,Item-06,Sabun Mandi Cair 100 ml,1,10500
23-08-2020,Item-06,Sabun Mandi Cair 100 ml,3,10500
24-08-2020,Item-06,Sabun Mandi Cair 100 ml,1,10500
21-08-2020,Item-01,Batere AA,4,12000
12-08-2020,Item-01,Batere AA,4,12000
1-08-2020,Item-01,Batere AA,4,12000
15-08-2020,Item-01,Batere AA,4,12000
27-08-2020,Item-01,Batere AA,2,12000
16-08-2020,Item-01,Batere AA,4,12000
11-08-2020,Item-01,Batere AA,2,12000
22-08-2020,Item-15,Ketan Hitam 500 gram,1,18000
23-08-2020,Item-03,Gula Pasir Putih 1 kg,1,12500
21-08-2020,Item-10,Biskuit Waver Kaleng,2,24000
21-08-2020,Item-10,Biskuit Waver Kaleng,4,24000
9-08-2020,Item-03,Gula Pasir Putih 1 kg,3,12500
25-08-2020,Item-10,Biskuit Waver Kaleng,1,24000
26-08-2020,Item-13,Pisau Cukur,4,6500
15-08-2020,Item-10,Biskuit Waver Kaleng,2,24000
12-08-2020,Item-03,Gula Pasir Putih 1 kg,1,12500
10-08-2020,Item-10,Biskuit Waver Kaleng,4,24000
11-08-2020,Item-10,Biskuit Waver Kaleng,4,24000
12-08-2020,Item-03,Gula Pasir Putih 1 kg,4,12500
10-08-2020,Item-10,Biskuit Waver Kaleng,1,24000
29-08-2020,Item-10,Biskuit Waver Kaleng,1,24000
16-08-2020,Item-03,Gula Pasir Putih 1 kg,1,12500
9-08-2020,Item-13,Pisau Cukur,4,6500
22-08-2020,Item-03,Gula Pasir Putih 1 kg,1,12500
25-08-2020,Item-09,Roti Tawar,3,12500
28-08-2020,Item-16,Balsem Putih 20 gram,1,22300
18-08-2020,Item-16,Balsem Putih 20 gram,2,22300
12-08-2020,Item-13,Pisau Cukur,1,6500
2-08-2020,Item-09,Roti Tawar,3,12500
3-08-2020,Item-13,Pisau Cukur,1,6500
16-08-2020,Item-09,Roti Tawar,2,12500
9-08-2020,Item-13,Pisau Cukur,4,6500
20-08-2020,Item-03,Gula Pasir Putih 1 kg,1,12500
25-08-2020,Item-09,Roti Tawar,4,12500
7-08-2020,Item-17,Obat Batuk,1,5000
29-08-2020,Item-03,Gula Pasir Putih 1 kg,3,12500
20-08-2020,Item-09,Roti Tawar,4,12500
12-08-2020,Item-17,Obat Batuk,1,5000
5-08-2020,Item-09,Roti Tawar,2,12500
30-08-2020,Item-03,Gula Pasir Putih 1 kg,1,12500
6-08-2020,Item-17,Obat Batuk,4,5000
14-08-2020,Item-12,Beras Pulen 5 kg,2,63000
8-08-2020,Item-03,Gula Pasir Putih 1 kg,1,12500
23-08-2020,Item-12,Beras Pulen 5 kg,3,63000
28-08-2020,Item-12,Beras Pulen 5 kg,4,63000
17-08-2020,Item-03,Gula Pasir Putih 1 kg,4,12500
27-08-2020,Item-12,Beras Pulen 5 kg,4,63000
22-08-2020,Item-16,Balsem Putih 20 gram,2,22300
21-08-2020,Item-03,Gula Pasir Putih 1 kg,2,12500
9-08-2020,Item-17,Obat Batuk,1,5000
10-08-2020,Item-03,Gula Pasir Putih 1 kg,2,12500
25-08-2020,Item-09,Roti Tawar,4,12500
10-08-2020,Item-03,Gula Pasir Putih 1 kg,2,12500
1-08-2020,Item-17,Obat Batuk,2,5000
13-08-2020,Item-12,Beras Pulen 5 kg,4,63000
15-08-2020,Item-03,Gula Pasir Putih 1 kg,2,12500
8-08-2020,Item-09,Roti Tawar,4,12500
5-08-2020,Item-03,Gula Pasir Putih 1 kg,4,12500
3-08-2020,Item-12,Beras Pulen 5 kg,3,63000
10-08-2020,Item-03,Gula Pasir Putih 1 kg,2,12500
26-08-2020,Item-09,Roti Tawar,1,12500
29-08-2020,Item-06,Sabun Mandi Cair 100 ml,2,10500
24-08-2020,Item-12,Beras Pulen 5 kg,3,63000
16-08-2020,Item-06,Sabun Mandi Cair 100 ml,4,10500
16-08-2020,Item-12,Beras Pulen 5 kg,2,63000
11-08-2020,Item-27,Bedak Bayi,20,25000
20-08-2020,Item-05,Mi Goreng Instant,4,2600
27-08-2020,Item-05,Mi Goreng Instant,4,2600
5-08-2020,Item-05,Mi Goreng Instant,3,2600
30-08-2020,Item-05,Mi Goreng Instant,4,2600
13-08-2020,Item-05,Mi Goreng Instant,2,2600
29-08-2020,Item-05,Mi Goreng Instant,3,2600
6-08-2020,Item-05,Mi Goreng Instant,4,2600
4-08-2020,Item-05,Mi Goreng Instant,3,2600
9-08-2020,Item-05,Mi Goreng Instant,3,2600
26-08-2020,Item-05,Mi Goreng Instant,4,2600
4-08-2020,Item-05,Mi Goreng Instant,3,2600
5-08-2020,Item-06,Sabun Mandi Cair 100 ml,3,10500
17-08-2020,Item-06,Sabun Mandi Cair 100 ml,1,10500
9-08-2020,Item-06,Sabun Mandi Cair 100 ml,2,10500
28-08-2020,Item-06,Sabun Mandi Cair 100 ml,4,10500
11-08-2020,Item-06,Sabun Mandi Cair 100 ml,4,10500
28-08-2020,Item-06,Sabun Mandi Cair 100 ml,1,10500
21-08-2020,Item-06,Sabun Mandi Cair 100 ml,4,10500
13-08-2020,Item-01,Batere AA,2,12000
26-08-2020,Item-01,Batere AA,2,12000
14-08-2020,Item-01,Batere AA,1,12000
25-08-2020,Item-01,Batere AA,3,12000
11-08-2020,Item-01,Batere AA,1,12000
30-08-2020,Item-01,Batere AA,4,12000
12-08-2020,Item-01,Batere AA,4,12000
11-08-2020,Item-01,Batere AA,2,12000
19-08-2020,Item-09,Roti Tawar,3,12500
23-08-2020,Item-07,Pembersih Lantai,3,12000
26-08-2020,Item-03,Gula Pasir Putih 1 kg,2,12500
25-08-2020,Item-17,Obat Batuk,1,5000
16-08-2020,Item-12,Beras Pulen 5 kg,2,63000
3-08-2020,Item-03,Gula Pasir Putih 1 kg,4,12500
6-08-2020,Item-03,Gula Pasir Putih 1 kg,4,12500
16-08-2020,Item-03,Gula Pasir Putih 1 kg,4,12500
19-08-2020,Item-03,Gula Pasir Putih 1 kg,3,12500
13-08-2020,Item-03,Gula Pasir Putih 1 kg,1,12500
22-08-2020,Item-03,Gula Pasir Putih 1 kg,2,12500
7-08-2020,Item-03,Gula Pasir Putih 1 kg,3,12500
24-08-2020,Item-03,Gula Pasir Putih 1 kg,2,12500
13-08-2020,Item-11,Sabun Cuci Piring,2,14000
25-08-2020,Item-03,Gula Pasir Putih 1 kg,2,12500
19-08-2020,Item-11,Sabun Cuci Piring,3,14000
16-08-2020,Item-11,Sabun Cuci Piring,4,14000
29-08-2020,Item-26,Susu Bubuk 195g,7,45000
10-08-2020,Item-03,Gula Pasir Putih 1 kg,1,12500
12-08-2020,Item-03,Gula Pasir Putih 1 kg,1,12500
29-08-2020,Item-03,Gula Pasir Putih 1 kg,1,12500
3-08-2020,Item-03,Gula Pasir Putih 1 kg,2,12500
10-08-2020,Item-03,Gula Pasir Putih 1 kg,4,12500
19-08-2020,Item-03,Gula Pasir Putih 1 kg,3,12500
13-08-2020,Item-06,Sabun Mandi Cair 100 ml,3,10500
18-08-2020,Item-05,Mi Goreng Instant,4,2600
18-08-2020,Item-05,Mi Goreng Instant,3,2600
15-08-2020,Item-05,Mi Goreng Instant,4,2600
27-08-2020,Item-05,Mi Goreng Instant,1,2600
13-08-2020,Item-05,Mi Goreng Instant,1,2600
26-08-2020,Item-05,Mi Goreng Instant,2,2600
20-08-2020,Item-05,Mi Goreng Instant,3,2600
8-08-2020,Item-11,Sabun Cuci Piring,2,14000
10-08-2020,Item-03,Gula Pasir Putih 1 kg,2,12500
23-08-2020,Item-11,Sabun Cuci Piring,3,14000
22-08-2020,Item-11,Sabun Cuci Piring,4,14000
22-08-2020,Item-26,Susu Bubuk 195g,7,45000
29-08-2020,Item-05,Mi Goreng Instant,3,2600
23-08-2020,Item-05,Mi Goreng Instant,3,2600
13-08-2020,Item-05,Mi Goreng Instant,3,2600
23-08-2020,Item-05,Mi Goreng Instant,4,2600
23-08-2020,Item-05,Mi Goreng Instant,1,2600
17-08-2020,Item-05,Mi Goreng Instant,1,2600
7-08-2020,Item-06,Sabun Mandi Cair 100 ml,2,10500
2-08-2020,Item-06,Sabun Mandi Cair 100 ml,3,10500
25-08-2020,Item-06,Sabun Mandi Cair 100 ml,1,10500
14-08-2020,Item-06,Sabun Mandi Cair 100 ml,2,10500
3-08-2020,Item-06,Sabun Mandi Cair 100 ml,1,10500
29-08-2020,Item-06,Sabun Mandi Cair 100 ml,2,10500
23-08-2020,Item-06,Sabun Mandi Cair 100 ml,2,10500
25-08-2020,Item-06,Sabun Mandi Cair 100 ml,1,10500
5-08-2020,Item-06,Sabun Mandi Cair 100 ml,2,10500
15-08-2020,Item-06,Sabun Mandi Cair 100 ml,2,10500
1-08-2020,Item-11,Sabun Cuci Piring,2,14000
11-08-2020,Item-03,Gula Pasir Putih 1 kg,2,12500
25-08-2020,Item-11,Sabun Cuci Piring,3,14000
19-08-2020,Item-11,Sabun Cuci Piring,4,14000
18-08-2020,Item-26,Susu Bubuk 195g,7,45000
15-08-2020,Item-06,Sabun Mandi Cair 100 ml,2,10500
28-08-2020,Item-06,Sabun Mandi Cair 100 ml,1,10500
3-08-2020,Item-06,Sabun Mandi Cair 100 ml,1,10500
8-08-2020,Item-06,Sabun Mandi Cair 100 ml,3,10500
28-08-2020,Item-06,Sabun Mandi Cair 100 ml,1,10500
20-08-2020,Item-06,Sabun Mandi Cair 100 ml,4,10500
15-08-2020,Item-06,Sabun Mandi Cair 100 ml,3,10500
30-08-2020,Item-06,Sabun Mandi Cair 100 ml,1,10500
9-08-2020,Item-01,Batere AA,4,12000
8-08-2020,Item-01,Batere AA,4,12000
16-08-2020,Item-01,Batere AA,2,12000
18-08-2020,Item-01,Batere AA,1,12000
6-08-2020,Item-01,Batere AA,3,12000
27-08-2020,Item-01,Batere AA,3,12000
14-08-2020,Item-01,Batere AA,2,12000
18-08-2020,Item-04,Kopi Instant,2,5200
7-08-2020,Item-04,Kopi Instant,3,5200
1-08-2020,Item-04,Kopi Instant,3,5200
2-08-2020,Item-04,Kopi Instant,1,5200
30-08-2020,Item-04,Kopi Instant,4,5200
23-08-2020,Item-11,Sabun Cuci Piring,2,14000
28-08-2020,Item-03,Gula Pasir Putih 1 kg,2,12500
7-08-2020,Item-11,Sabun Cuci Piring,3,14000
22-08-2020,Item-11,Sabun Cuci Piring,4,14000
2-08-2020,Item-26,Susu Bubuk 195g,7,45000
19-08-2020,Item-04,Kopi Instant,4,5200
7-08-2020,Item-04,Kopi Instant,2,5200
29-08-2020,Item-04,Kopi Instant,2,5200
2-08-2020,Item-04,Kopi Instant,3,5200
10-08-2020,Item-04,Kopi Instant,3,5200
19-08-2020,Item-04,Kopi Instant,3,5200
18-08-2020,Item-04,Kopi Instant,3,5200
24-08-2020,Item-04,Kopi Instant,1,5200
21-08-2020,Item-04,Kopi Instant,3,5200
3-08-2020,Item-04,Kopi Instant,2,5200
13-08-2020,Item-04,Kopi Instant,1,5200
30-08-2020,Item-04,Kopi Instant,1,5200
18-08-2020,Item-08,Vitamin C,1,2000
23-08-2020,Item-03,Gula Pasir Putih 1 kg,2,12500
19-08-2020,Item-08,Vitamin C,2,2000
2-08-2020,Item-08,Vitamin C,2,2000
7-08-2020,Item-08,Vitamin C,1,2000
28-08-2020,Item-03,Gula Pasir Putih 1 kg,3,12500
21-08-2020,Item-08,Vitamin C,4,2000
20-08-2020,Item-03,Gula Pasir Putih 1 kg,3,12500
30-08-2020,Item-08,Vitamin C,1,2000
7-08-2020,Item-03,Gula Pasir Putih 1 kg,2,12500
11-08-2020,Item-08,Vitamin C,2,2000
7-08-2020,Item-03,Gula Pasir Putih 1 kg,2,12500
13-08-2020,Item-08,Vitamin C,2,2000
28-08-2020,Item-03,Gula Pasir Putih 1 kg,1,12500
18-08-2020,Item-08,Vitamin C,1,2000
15-08-2020,Item-08,Vitamin C,2,2000
11-08-2020,Item-03,Gula Pasir Putih 1 kg,2,12500
24-08-2020,Item-03,Gula Pasir Putih 1 kg,3,12500
11-08-2020,Item-09,Roti Tawar,3,12500
18-08-2020,Item-09,Roti Tawar,1,12500
29-08-2020,Item-03,Gula Pasir Putih 1 kg,3,12500
16-08-2020,Item-03,Gula Pasir Putih 1 kg,1,12500
8-08-2020,Item-03,Gula Pasir Putih 1 kg,1,12500
17-08-2020,Item-03,Gula Pasir Putih 1 kg,3,12500
14-08-2020,Item-06,Sabun Mandi Cair 100 ml,3,10500
22-08-2020,Item-26,Susu Bubuk 195g,8,45000
8-08-2020,Item-26,Susu Bubuk 195g,19,45000
20-08-2020,Item-26,Susu Bubuk 195g,3,45000
15-08-2020,Item-26,Susu Bubuk 195g,8,45000
5-08-2020,Item-11,Sabun Cuci Piring,2,14000
28-08-2020,Item-03,Gula Pasir Putih 1 kg,2,12500
21-08-2020,Item-11,Sabun Cuci Piring,3,14000
15-08-2020,Item-11,Sabun Cuci Piring,4,14000
27-08-2020,Item-26,Susu Bubuk 195g,7,45000
6-08-2020,Item-05,Mi Goreng Instant,1,2600
1-08-2020,Item-05,Mi Goreng Instant,2,2600
14-08-2020,Item-05,Mi Goreng Instant,1,2600
21-08-2020,Item-05,Mi Goreng Instant,3,2600
2-08-2020,Item-05,Mi Goreng Instant,1,2600
6-08-2020,Item-05,Mi Goreng Instant,2,2600
22-08-2020,Item-05,Mi Goreng Instant,3,2600
1-08-2020,Item-05,Mi Goreng Instant,4,2600
16-08-2020,Item-06,Sabun Mandi Cair 100 ml,1,10500
2-08-2020,Item-06,Sabun Mandi Cair 100 ml,4,10500
12-08-2020,Item-06,Sabun Mandi Cair 100 ml,1,10500
1-08-2020,Item-06,Sabun Mandi Cair 100 ml,4,10500
3-08-2020,Item-11,Sabun Cuci Piring,2,14000
5-08-2020,Item-03,Gula Pasir Putih 1 kg,2,12500
26-08-2020,Item-11,Sabun Cuci Piring,3,14000
12-08-2020,Item-11,Sabun Cuci Piring,4,14000
15-08-2020,Item-26,Susu Bubuk 195g,7,45000
30-08-2020,Item-06,Sabun Mandi Cair 100 ml,4,10500
11-08-2020,Item-06,Sabun Mandi Cair 100 ml,3,10500
10-08-2020,Item-06,Sabun Mandi Cair 100 ml,2,10500
29-08-2020,Item-06,Sabun Mandi Cair 100 ml,2,10500
22-08-2020,Item-06,Sabun Mandi Cair 100 ml,2,10500
10-08-2020,Item-06,Sabun Mandi Cair 100 ml,2,10500
14-08-2020,Item-06,Sabun Mandi Cair 100 ml,3,10500
4-08-2020,Item-01,Batere AA,1,12000
25-08-2020,Item-01,Batere AA,2,12000
21-08-2020,Item-01,Batere AA,3,12000
20-08-2020,Item-01,Batere AA,1,12000
8-08-2020,Item-01,Batere AA,4,12000
4-08-2020,Item-04,Kopi Instant,3,5200
9-08-2020,Item-04,Kopi Instant,2,5200
24-08-2020,Item-04,Kopi Instant,2,5200
19-08-2020,Item-04,Kopi Instant,3,5200
6-08-2020,Item-04,Kopi Instant,4,5200
15-08-2020,Item-04,Kopi Instant,3,5200
28-08-2020,Item-07,Pembersih Lantai,2,12000
5-08-2020,Item-07,Pembersih Lantai,1,12000
17-08-2020,Item-07,Pembersih Lantai,1,12000
27-08-2020,Item-07,Pembersih Lantai,3,12000
12-08-2020,Item-03,Gula Pasir Putih 1 kg,1,12500
29-08-2020,Item-03,Gula Pasir Putih 1 kg,2,12500
15-08-2020,Item-03,Gula Pasir Putih 1 kg,3,12500
17-08-2020,Item-03,Gula Pasir Putih 1 kg,3,12500
8-08-2020,Item-03,Gula Pasir Putih 1 kg,1,12500
5-08-2020,Item-03,Gula Pasir Putih 1 kg,4,12500
8-08-2020,Item-03,Gula Pasir Putih 1 kg,1,12500
9-08-2020,Item-03,Gula Pasir Putih 1 kg,1,12500
2-08-2020,Item-03,Gula Pasir Putih 1 kg,3,12500
6-08-2020,Item-03,Gula Pasir Putih 1 kg,2,12500
12-08-2020,Item-03,Gula Pasir Putih 1 kg,1,12500
30-08-2020,Item-03,Gula Pasir Putih 1 kg,2,12500
1-08-2020,Item-03,Gula Pasir Putih 1 kg,3,12500
21-08-2020,Item-03,Gula Pasir Putih 1 kg,2,12500
14-08-2020,Item-20,Pampers Bayi Size M,2,41000
14-08-2020,Item-20,Pampers Bayi Size M,3,41000
19-08-2020,Item-20,Pampers Bayi Size M,1,41000
12-08-2020,Item-20,Pampers Bayi Size M,2,41000
10-08-2020,Item-20,Pampers Bayi Size M,2,41000
11-08-2020,Item-20,Pampers Bayi Size M,1,41000
26-08-2020,Item-20,Pampers Bayi Size M,1,41000
11-08-2020,Item-20,Pampers Bayi Size M,2,41000
22-08-2020,Item-20,Pampers Bayi Size M,3,41000
9-08-2020,Item-20,Pampers Bayi Size M,3,41000
20-08-2020,Item-11,Sabun Cuci Piring,2,14000
25-08-2020,Item-03,Gula Pasir Putih 1 kg,2,12500
21-08-2020,Item-11,Sabun Cuci Piring,3,14000
23-08-2020,Item-11,Sabun Cuci Piring,4,14000
23-08-2020,Item-26,Susu Bubuk 195g,7,45000
10-08-2020,Item-11,Sabun Cuci Piring,2,14000
28-08-2020,Item-03,Gula Pasir Putih 1 kg,2,12500
30-08-2020,Item-11,Sabun Cuci Piring,3,14000
17-08-2020,Item-11,Sabun Cuci Piring,4,14000
27-08-2020,Item-26,Susu Bubuk 195g,7,45000
1-08-2020,Item-03,Gula Pasir Putih 1 kg,3,12500
30-08-2020,Item-03,Gula Pasir Putih 1 kg,2,12500
8-08-2020,Item-26,Susu Bubuk 195g,1,45000
1-08-2020,Item-26,Susu Bubuk 195g,13,45000
16-08-2020,Item-26,Susu Bubuk 195g,19,45000
17-08-2020,Item-26,Susu Bubuk 195g,2,45000
24-08-2020,Item-26,Susu Bubuk 195g,17,45000
25-08-2020,Item-26,Susu Bubuk 195g,1,45000
27-08-2020,Item-26,Susu Bubuk 195g,16,45000
10-08-2020,Item-26,Susu Bubuk 195g,19,45000
24-08-2020,Item-26,Susu Bubuk 195g,4,45000
20-08-2020,Item-26,Susu Bubuk 195g,3,45000
13-08-2020,Item-27,Bedak Bayi,19,25000
26-08-2020,Item-21,Shampoo Sachet,3,1000
8-08-2020,Item-21,Shampoo Sachet,1,1000
8-08-2020,Item-21,Shampoo Sachet,2,1000
26-08-2020,Item-21,Shampoo Sachet,4,1000
18-08-2020,Item-21,Shampoo Sachet,3,1000
20-08-2020,Item-21,Shampoo Sachet,2,1000
27-08-2020,Item-21,Shampoo Sachet,3,1000
27-08-2020,Item-21,Shampoo Sachet,3,1000
26-08-2020,Item-21,Shampoo Sachet,4,1000
18-08-2020,Item-21,Shampoo Sachet,1,1000
1-08-2020,Item-21,Shampoo Sachet,3,1000
5-08-2020,Item-21,Shampoo Sachet,1,1000
17-08-2020,Item-21,Shampoo Sachet,3,1000
29-08-2020,Item-21,Shampoo Sachet,1,1000
19-08-2020,Item-21,Shampoo Sachet,2,1000
4-08-2020,Item-11,Sabun Cuci Piring,2,14000
25-08-2020,Item-03,Gula Pasir Putih 1 kg,2,12500
14-08-2020,Item-11,Sabun Cuci Piring,3,14000
3-08-2020,Item-11,Sabun Cuci Piring,4,14000
4-08-2020,Item-26,Susu Bubuk 195g,7,45000
3-08-2020,Item-21,Shampoo Sachet,4,1000
26-08-2020,Item-21,Shampoo Sachet,1,1000
7-08-2020,Item-21,Shampoo Sachet,1,1000
8-08-2020,Item-21,Shampoo Sachet,2,1000
17-08-2020,Item-21,Shampoo Sachet,1,1000
29-08-2020,Item-11,Sabun Cuci Piring,2,14000
12-08-2020,Item-03,Gula Pasir Putih 1 kg,2,12500
2-08-2020,Item-11,Sabun Cuci Piring,3,14000
2-08-2020,Item-11,Sabun Cuci Piring,4,14000
28-08-2020,Item-26,Susu Bubuk 195g,7,45000
8-08-2020,Item-21,Shampoo Sachet,3,1000
14-08-2020,Item-21,Shampoo Sachet,4,1000
23-08-2020,Item-21,Shampoo Sachet,3,1000
6-08-2020,Item-21,Shampoo Sachet,4,1000
4-08-2020,Item-21,Shampoo Sachet,4,1000
27-08-2020,Item-21,Shampoo Sachet,1,1000
13-08-2020,Item-21,Shampoo Sachet,4,1000
29-08-2020,Item-21,Shampoo Sachet,2,1000
6-08-2020,Item-21,Shampoo Sachet,3,1000
6-08-2020,Item-21,Shampoo Sachet,2,1000
12-08-2020,Item-26,Susu Bubuk 195g,4,45000
19-08-2020,Item-26,Susu Bubuk 195g,8,45000
23-08-2020,Item-26,Susu Bubuk 195g,12,45000
4-08-2020,Item-26,Susu Bubuk 195g,6,45000
12-08-2020,Item-21,Shampoo Sachet,1,1000
17-08-2020,Item-21,Shampoo Sachet,4,1000
11-08-2020,Item-21,Shampoo Sachet,3,1000
28-08-2020,Item-21,Shampoo Sachet,2,1000
10-08-2020,Item-21,Shampoo Sachet,4,1000
25-08-2020,Item-21,Shampoo Sachet,1,1000
25-08-2020,Item-21,Shampoo Sachet,1,1000
18-08-2020,Item-21,Shampoo Sachet,3,1000
25-08-2020,Item-21,Shampoo Sachet,1,1000
11-08-2020,Item-21,Shampoo Sachet,1,1000
15-08-2020,Item-21,Shampoo Sachet,3,1000
19-08-2020,Item-21,Shampoo Sachet,2,1000
6-08-2020,Item-21,Shampoo Sachet,2,1000
9-08-2020,Item-21,Shampoo Sachet,2,1000
12-08-2020,Item-21,Shampoo Sachet,4,1000
18-08-2020,Item-21,Shampoo Sachet,3,1000
27-08-2020,Item-21,Shampoo Sachet,4,1000
10-08-2020,Item-21,Shampoo Sachet,4,1000
17-08-2020,Item-11,Sabun Cuci Piring,2,14000
19-08-2020,Item-03,Gula Pasir Putih 1 kg,2,12500
30-08-2020,Item-11,Sabun Cuci Piring,3,14000
16-08-2020,Item-11,Sabun Cuci Piring,4,14000
6-08-2020,Item-26,Susu Bubuk 195g,7,45000
8-08-2020,Item-21,Shampoo Sachet,4,1000
4-08-2020,Item-21,Shampoo Sachet,2,1000
30-08-2020,Item-21,Shampoo Sachet,4,1000
18-08-2020,Item-06,Sabun Mandi Cair 100 ml,2,10500
17-08-2020,Item-21,Shampoo Sachet,2,1000
19-08-2020,Item-06,Sabun Mandi Cair 100 ml,4,10500
1-08-2020,Item-21,Shampoo Sachet,1,1000
14-08-2020,Item-06,Sabun Mandi Cair 100 ml,4,10500
6-08-2020,Item-06,Sabun Mandi Cair 100 ml,4,10500
3-08-2020,Item-21,Shampoo Sachet,3,1000
5-08-2020,Item-06,Sabun Mandi Cair 100 ml,2,10500
2-08-2020,Item-21,Shampoo Sachet,4,1000
12-08-2020,Item-06,Sabun Mandi Cair 100 ml,4,10500
25-08-2020,Item-06,Sabun Mandi Cair 100 ml,1,10500
11-08-2020,Item-21,Shampoo Sachet,2,1000
22-08-2020,Item-06,Sabun Mandi Cair 100 ml,1,10500
9-08-2020,Item-21,Shampoo Sachet,3,1000
1-08-2020,Item-21,Shampoo Sachet,2,1000
7-08-2020,Item-21,Shampoo Sachet,2,1000
28-08-2020,Item-21,Shampoo Sachet,3,1000
23-08-2020,Item-21,Shampoo Sachet,2,1000
9-08-2020,Item-21,Shampoo Sachet,4,1000
12-08-2020,Item-21,Shampoo Sachet,3,1000
8-08-2020,Item-21,Shampoo Sachet,2,1000
25-08-2020,Item-21,Shampoo Sachet,3,1000
3-08-2020,Item-21,Shampoo Sachet,3,1000
15-08-2020,Item-04,Kopi Instant,2,5200
27-08-2020,Item-04,Kopi Instant,3,5200
24-08-2020,Item-04,Kopi Instant,1,5200
2-08-2020,Item-04,Kopi Instant,2,5200
22-08-2020,Item-04,Kopi Instant,2,5200
1-08-2020,Item-04,Kopi Instant,1,5200
21-08-2020,Item-04,Kopi Instant,1,5200
30-08-2020,Item-04,Kopi Instant,2,5200
10-08-2020,Item-04,Kopi Instant,3,5200
11-08-2020,Item-04,Kopi Instant,3,5200
29-08-2020,Item-11,Sabun Cuci Piring,2,14000
4-08-2020,Item-03,Gula Pasir Putih 1 kg,2,12500
30-08-2020,Item-11,Sabun Cuci Piring,3,14000
5-08-2020,Item-11,Sabun Cuci Piring,4,14000
28-08-2020,Item-26,Susu Bubuk 195g,7,45000
10-08-2020,Item-05,Mi Goreng Instant,4,2600
21-08-2020,Item-02,Bawang Putih 200 gram,3,15000
4-08-2020,Item-02,Bawang Putih 200 gram,1,15000
13-08-2020,Item-21,Shampoo Sachet,3,1000
23-08-2020,Item-21,Shampoo Sachet,1,1000
21-08-2020,Item-21,Shampoo Sachet,2,1000
19-08-2020,Item-21,Shampoo Sachet,4,1000
18-08-2020,Item-21,Shampoo Sachet,3,1000
2-08-2020,Item-21,Shampoo Sachet,2,1000
15-08-2020,Item-21,Shampoo Sachet,3,1000
13-08-2020,Item-21,Shampoo Sachet,3,1000
1-08-2020,Item-21,Shampoo Sachet,4,1000
16-08-2020,Item-21,Shampoo Sachet,1,1000
2-08-2020,Item-21,Shampoo Sachet,3,1000
16-08-2020,Item-21,Shampoo Sachet,1,1000
12-08-2020,Item-21,Shampoo Sachet,3,1000
4-08-2020,Item-21,Shampoo Sachet,1,1000
11-08-2020,Item-21,Shampoo Sachet,2,1000
4-08-2020,Item-21,Shampoo Sachet,4,1000
24-08-2020,Item-21,Shampoo Sachet,1,1000
20-08-2020,Item-21,Shampoo Sachet,1,1000
16-08-2020,Item-21,Shampoo Sachet,2,1000
18-08-2020,Item-21,Shampoo Sachet,1,1000
19-08-2020,Item-21,Shampoo Sachet,3,1000
21-08-2020,Item-21,Shampoo Sachet,4,1000
27-08-2020,Item-21,Shampoo Sachet,3,1000
26-08-2020,Item-21,Shampoo Sachet,4,1000
29-08-2020,Item-21,Shampoo Sachet,4,1000
30-08-2020,Item-21,Shampoo Sachet,1,1000
23-08-2020,Item-21,Shampoo Sachet,4,1000
26-08-2020,Item-21,Shampoo Sachet,2,1000
18-08-2020,Item-21,Shampoo Sachet,3,1000
24-08-2020,Item-21,Shampoo Sachet,2,1000
12-08-2020,Item-21,Shampoo Sachet,1,1000
9-08-2020,Item-11,Sabun Cuci Piring,2,14000
1-08-2020,Item-03,Gula Pasir Putih 1 kg,2,12500
22-08-2020,Item-11,Sabun Cuci Piring,3,14000
17-08-2020,Item-11,Sabun Cuci Piring,4,14000
13-08-2020,Item-26,Susu Bubuk 195g,7,45000
29-08-2020,Item-21,Shampoo Sachet,4,1000
16-08-2020,Item-21,Shampoo Sachet,3,1000
15-08-2020,Item-21,Shampoo Sachet,2,1000
11-08-2020,Item-21,Shampoo Sachet,4,1000
8-08-2020,Item-21,Shampoo Sachet,1,1000
12-08-2020,Item-21,Shampoo Sachet,1,1000
2-08-2020,Item-21,Shampoo Sachet,3,1000
8-08-2020,Item-21,Shampoo Sachet,1,1000
26-08-2020,Item-21,Shampoo Sachet,1,1000
21-08-2020,Item-21,Shampoo Sachet,3,1000
14-08-2020,Item-21,Shampoo Sachet,2,1000
21-08-2020,Item-21,Shampoo Sachet,2,1000
10-08-2020,Item-21,Shampoo Sachet,2,1000
7-08-2020,Item-21,Shampoo Sachet,4,1000
20-08-2020,Item-21,Shampoo Sachet,3,1000
5-08-2020,Item-21,Shampoo Sachet,4,1000
6-08-2020,Item-21,Shampoo Sachet,4,1000
24-08-2020,Item-21,Shampoo Sachet,4,1000
20-08-2020,Item-21,Shampoo Sachet,2,1000
18-08-2020,Item-21,Shampoo Sachet,4,1000
24-08-2020,Item-21,Shampoo Sachet,2,1000
5-08-2020,Item-21,Shampoo Sachet,1,1000
7-08-2020,Item-21,Shampoo Sachet,3,1000
17-08-2020,Item-02,Bawang Putih 200 gram,2,15000
19-08-2020,Item-02,Bawang Putih 200 gram,4,15000
5-08-2020,Item-02,Bawang Putih 200 gram,3,15000
15-08-2020,Item-02,Bawang Putih 200 gram,2,15000
9-08-2020,Item-02,Bawang Putih 200 gram,3,15000
19-08-2020,Item-02,Bawang Putih 200 gram,3,15000
25-08-2020,Item-02,Bawang Putih 200 gram,4,15000
26-08-2020,Item-02,Bawang Putih 200 gram,1,15000
20-08-2020,Item-02,Bawang Putih 200 gram,3,15000
29-08-2020,Item-11,Sabun Cuci Piring,2,14000
11-08-2020,Item-03,Gula Pasir Putih 1 kg,2,12500
14-08-2020,Item-11,Sabun Cuci Piring,3,14000
9-08-2020,Item-11,Sabun Cuci Piring,4,14000
20-08-2020,Item-26,Susu Bubuk 195g,7,45000
9-08-2020,Item-02,Bawang Putih 200 gram,1,15000
23-08-2020,Item-02,Bawang Putih 200 gram,3,15000
6-08-2020,Item-02,Bawang Putih 200 gram,1,15000
17-08-2020,Item-02,Bawang Putih 200 gram,2,15000
4-08-2020,Item-02,Bawang Putih 200 gram,4,15000
7-08-2020,Item-02,Bawang Putih 200 gram,1,15000
23-08-2020,Item-02,Bawang Putih 200 gram,1,15000
7-08-2020,Item-02,Bawang Putih 200 gram,2,15000
22-08-2020,Item-02,Bawang Putih 200 gram,1,15000
5-08-2020,Item-02,Bawang Putih 200 gram,3,15000
16-08-2020,Item-02,Bawang Putih 200 gram,4,15000
8-08-2020,Item-02,Bawang Putih 200 gram,3,15000
2-08-2020,Item-02,Bawang Putih 200 gram,4,15000
6-08-2020,Item-02,Bawang Putih 200 gram,4,15000
10-08-2020,Item-02,Bawang Putih 200 gram,1,15000
17-08-2020,Item-21,Shampoo Sachet,4,1000
11-08-2020,Item-21,Shampoo Sachet,2,1000
19-08-2020,Item-21,Shampoo Sachet,3,1000
8-08-2020,Item-21,Shampoo Sachet,2,1000
28-08-2020,Item-21,Shampoo Sachet,2,1000
4-08-2020,Item-21,Shampoo Sachet,3,1000
4-08-2020,Item-21,Shampoo Sachet,2,1000
17-08-2020,Item-21,Shampoo Sachet,4,1000
23-08-2020,Item-27,Bedak Bayi,18,25000
20-08-2020,Item-02,Bawang Putih 200 gram,4,15000
23-08-2020,Item-02,Bawang Putih 200 gram,2,15000
3-08-2020,Item-02,Bawang Putih 200 gram,3,15000
30-08-2020,Item-02,Bawang Putih 200 gram,2,15000
24-08-2020,Item-02,Bawang Putih 200 gram,1,15000
11-08-2020,Item-02,Bawang Putih 200 gram,4,15000
12-08-2020,Item-02,Bawang Putih 200 gram,3,15000
7-08-2020,Item-02,Bawang Putih 200 gram,2,15000
16-08-2020,Item-02,Bawang Putih 200 gram,4,15000
30-08-2020,Item-02,Bawang Putih 200 gram,1,15000
14-08-2020,Item-02,Bawang Putih 200 gram,1,15000
2-08-2020,Item-02,Bawang Putih 200 gram,3,15000
4-08-2020,Item-02,Bawang Putih 200 gram,1,15000
22-08-2020,Item-02,Bawang Putih 200 gram,1,15000
1-08-2020,Item-02,Bawang Putih 200 gram,3,15000
15-08-2020,Item-02,Bawang Putih 200 gram,2,15000
11-08-2020,Item-02,Bawang Putih 200 gram,2,15000
16-08-2020,Item-02,Bawang Putih 200 gram,2,15000
14-08-2020,Item-02,Bawang Putih 200 gram,4,15000
21-08-2020,Item-02,Bawang Putih 200 gram,3,15000
30-08-2020,Item-02,Bawang Putih 200 gram,4,15000
26-08-2020,Item-02,Bawang Putih 200 gram,4,15000
2-08-2020,Item-02,Bawang Putih 200 gram,4,15000
17-08-2020,Item-02,Bawang Putih 200 gram,2,15000
2-08-2020,Item-02,Bawang Putih 200 gram,4,15000
27-08-2020,Item-02,Bawang Putih 200 gram,2,15000
26-08-2020,Item-02,Bawang Putih 200 gram,1,15000
28-08-2020,Item-02,Bawang Putih 200 gram,3,15000
18-08-2020,Item-02,Bawang Putih 200 gram,4,15000
28-08-2020,Item-02,Bawang Putih 200 gram,2,15000
7-08-2020,Item-02,Bawang Putih 200 gram,3,15000
10-08-2020,Item-02,Bawang Putih 200 gram,2,15000
14-08-2020,Item-02,Bawang Putih 200 gram,2,15000
26-08-2020,Item-02,Bawang Putih 200 gram,3,15000
14-08-2020,Item-02,Bawang Putih 200 gram,2,15000
26-08-2020,Item-02,Bawang Putih 200 gram,4,15000
3-08-2020,Item-02,Bawang Putih 200 gram,3,15000
22-08-2020,Item-02,Bawang Putih 200 gram,2,15000
16-08-2020,Item-02,Bawang Putih 200 gram,3,15000
16-08-2020,Item-02,Bawang Putih 200 gram,3,15000
8-08-2020,Item-11,Sabun Cuci Piring,2,14000
3-08-2020,Item-03,Gula Pasir Putih 1 kg,2,12500
25-08-2020,Item-11,Sabun Cuci Piring,3,14000
6-08-2020,Item-11,Sabun Cuci Piring,4,14000
20-08-2020,Item-26,Susu Bubuk 195g,7,45000
6-08-2020,Item-11,Sabun Cuci Piring,2,14000
16-08-2020,Item-03,Gula Pasir Putih 1 kg,2,12500
2-08-2020,Item-11,Sabun Cuci Piring,3,14000
22-08-2020,Item-11,Sabun Cuci Piring,4,14000
26-08-2020,Item-26,Susu Bubuk 195g,7,45000
8-08-2020,Item-05,Mi Goreng Instant,1,2600
23-08-2020,Item-05,Mi Goreng Instant,4,2600
29-08-2020,Item-05,Mi Goreng Instant,1,2600
9-08-2020,Item-05,Mi Goreng Instant,1,2600
4-08-2020,Item-05,Mi Goreng Instant,3,2600
29-08-2020,Item-05,Mi Goreng Instant,2,2600
3-08-2020,Item-05,Mi Goreng Instant,1,2600
6-08-2020,Item-05,Mi Goreng Instant,1,2600
15-08-2020,Item-05,Mi Goreng Instant,2,2600
13-08-2020,Item-05,Mi Goreng Instant,4,2600
2-08-2020,Item-05,Mi Goreng Instant,4,2600
24-08-2020,Item-05,Mi Goreng Instant,4,2600
2-08-2020,Item-05,Mi Goreng Instant,3,2600
28-08-2020,Item-05,Mi Goreng Instant,1,2600
28-08-2020,Item-05,Mi Goreng Instant,4,2600
7-08-2020,Item-05,Mi Goreng Instant,3,2600
19-08-2020,Item-05,Mi Goreng Instant,4,2600
11-08-2020,Item-05,Mi Goreng Instant,2,2600
27-08-2020,Item-05,Mi Goreng Instant,2,2600
14-08-2020,Item-05,Mi Goreng Instant,4,2600
30-08-2020,Item-05,Mi Goreng Instant,2,2600
30-08-2020,Item-05,Mi Goreng Instant,3,2600
23-08-2020,Item-05,Mi Goreng Instant,3,2600
3-08-2020,Item-05,Mi Goreng Instant,4,2600
10-08-2020,Item-05,Mi Goreng Instant,4,2600
23-08-2020,Item-05,Mi Goreng Instant,3,2600
16-08-2020,Item-05,Mi Goreng Instant,4,2600
1-08-2020,Item-05,Mi Goreng Instant,1,2600
6-08-2020,Item-05,Mi Goreng Instant,4,2600
19-08-2020,Item-05,Mi Goreng Instant,3,2600
27-08-2020,Item-05,Mi Goreng Instant,2,2600
6-08-2020,Item-05,Mi Goreng Instant,3,2600
12-08-2020,Item-05,Mi Goreng Instant,4,2600
24-08-2020,Item-05,Mi Goreng Instant,3,2600
18-08-2020,Item-05,Mi Goreng Instant,3,2600
2-08-2020,Item-05,Mi Goreng Instant,2,2600
8-08-2020,Item-05,Mi Goreng Instant,2,2600
21-08-2020,Item-05,Mi Goreng Instant,4,2600
1-08-2020,Item-05,Mi Goreng Instant,1,2600
2-08-2020,Item-05,Mi Goreng Instant,2,2600
2-08-2020,Item-11,Sabun Cuci Piring,2,14000
8-08-2020,Item-03,Gula Pasir Putih 1 kg,2,12500
23-08-2020,Item-11,Sabun Cuci Piring,3,14000
9-08-2020,Item-11,Sabun Cuci Piring,4,14000
17-08-2020,Item-26,Susu Bubuk 195g,7,45000
23-08-2020,Item-11,Sabun Cuci Piring,2,14000
26-08-2020,Item-03,Gula Pasir Putih 1 kg,2,12500
15-08-2020,Item-11,Sabun Cuci Piring,3,14000
9-08-2020,Item-11,Sabun Cuci Piring,4,14000
26-08-2020,Item-26,Susu Bubuk 195g,7,45000
7-08-2020,Item-21,Shampoo Sachet,3,1000
27-08-2020,Item-21,Shampoo Sachet,2,1000
10-08-2020,Item-21,Shampoo Sachet,3,1000
26-08-2020,Item-21,Shampoo Sachet,3,1000
9-08-2020,Item-11,Sabun Cuci Piring,2,14000
23-08-2020,Item-03,Gula Pasir Putih 1 kg,2,12500
25-08-2020,Item-11,Sabun Cuci Piring,3,14000
11-08-2020,Item-11,Sabun Cuci Piring,4,14000
27-08-2020,Item-26,Susu Bubuk 195g,7,45000
29-08-2020,Item-26,Susu Bubuk 195g,15,45000
10-08-2020,Item-26,Susu Bubuk 195g,8,45000
25-08-2020,Item-26,Susu Bubuk 195g,3,45000
19-08-2020,Item-26,Susu Bubuk 195g,20,45000
7-08-2020,Item-26,Susu Bubuk 195g,14,45000
17-08-2020,Item-26,Susu Bubuk 195g,6,45000
27-08-2020,Item-26,Susu Bubuk 195g,11,45000
1-08-2020,Item-26,Susu Bubuk 195g,17,45000
24-08-2020,Item-26,Susu Bubuk 195g,5,45000
16-08-2020,Item-26,Susu Bubuk 195g,10,45000
14-08-2020,Item-26,Susu Bubuk 195g,14,45000
9-08-2020,Item-26,Susu Bubuk 195g,19,45000
20-08-2020,Item-26,Susu Bubuk 195g,19,45000
11-08-2020,Item-26,Susu Bubuk 195g,9,45000
19-08-2020,Item-26,Susu Bubuk 195g,6,45000
10-08-2020,Item-26,Susu Bubuk 195g,20,45000
10-08-2020,Item-26,Susu Bubuk 195g,5,45000
4-08-2020,Item-26,Susu Bubuk 195g,14,45000
17-08-2020,Item-26,Susu Bubuk 195g,1,45000
3-08-2020,Item-26,Susu Bubuk 195g,17,45000
2-08-2020,Item-26,Susu Bubuk 195g,16,45000
30-08-2020,Item-26,Susu Bubuk 195g,20,45000
15-08-2020,Item-26,Susu Bubuk 195g,5,45000
9-08-2020,Item-26,Susu Bubuk 195g,16,45000
25-08-2020,Item-26,Susu Bubuk 195g,2,45000
12-08-2020,Item-26,Susu Bubuk 195g,3,45000
3-08-2020,Item-26,Susu Bubuk 195g,18,45000
10-08-2020,Item-26,Susu Bubuk 195g,17,45000
7-08-2020,Item-26,Susu Bubuk 195g,1,45000
19-08-2020,Item-26,Susu Bubuk 195g,13,45000
9-08-2020,Item-26,Susu Bubuk 195g,6,45000
12-08-2020,Item-26,Susu Bubuk 195g,19,45000
8-08-2020,Item-26,Susu Bubuk 195g,6,45000
1-08-2020,Item-26,Susu Bubuk 195g,18,45000
10-08-2020,Item-26,Susu Bubuk 195g,11,45000
29-08-2020,Item-26,Susu Bubuk 195g,14,45000
8-08-2020,Item-11,Sabun Cuci Piring,2,14000
20-08-2020,Item-03,Gula Pasir Putih 1 kg,2,12500
22-08-2020,Item-11,Sabun Cuci Piring,3,14000
1-08-2020,Item-11,Sabun Cuci Piring,4,14000
14-08-2020,Item-26,Susu Bubuk 195g,7,45000
11-08-2020,Item-26,Susu Bubuk 195g,17,45000
2-08-2020,Item-26,Susu Bubuk 195g,4,45000
3-08-2020,Item-26,Susu Bubuk 195g,20,45000
18-08-2020,Item-26,Susu Bubuk 195g,13,45000
30-08-2020,Item-07,Pembersih Lantai,1,12000
15-08-2020,Item-07,Pembersih Lantai,2,12000
1-08-2020,Item-07,Pembersih Lantai,3,12000
17-08-2020,Item-07,Pembersih Lantai,3,12000
16-08-2020,Item-07,Pembersih Lantai,3,12000
14-08-2020,Item-07,Pembersih Lantai,2,12000
27-08-2020,Item-07,Pembersih Lantai,1,12000
4-08-2020,Item-07,Pembersih Lantai,3,12000
19-08-2020,Item-07,Pembersih Lantai,3,12000
19-08-2020,Item-07,Pembersih Lantai,1,12000
1-08-2020,Item-07,Pembersih Lantai,2,12000
13-08-2020,Item-07,Pembersih Lantai,4,12000
19-08-2020,Item-07,Pembersih Lantai,3,12000
14-08-2020,Item-07,Pembersih Lantai,2,12000
19-08-2020,Item-07,Pembersih Lantai,3,12000
10-08-2020,Item-07,Pembersih Lantai,3,12000
4-08-2020,Item-07,Pembersih Lantai,4,12000
13-08-2020,Item-07,Pembersih Lantai,1,12000
15-08-2020,Item-07,Pembersih Lantai,3,12000
9-08-2020,Item-07,Pembersih Lantai,1,12000
8-08-2020,Item-07,Pembersih Lantai,3,12000
29-08-2020,Item-07,Pembersih Lantai,1,12000
21-08-2020,Item-07,Pembersih Lantai,2,12000
11-08-2020,Item-07,Pembersih Lantai,4,12000
6-08-2020,Item-07,Pembersih Lantai,1,12000
22-08-2020,Item-07,Pembersih Lantai,1,12000
6-08-2020,Item-07,Pembersih Lantai,2,12000
6-08-2020,Item-07,Pembersih Lantai,1,12000
18-08-2020,Item-07,Pembersih Lantai,3,12000
29-08-2020,Item-07,Pembersih Lantai,4,12000
6-08-2020,Item-07,Pembersih Lantai,3,12000
30-08-2020,Item-07,Pembersih Lantai,4,12000
5-08-2020,Item-07,Pembersih Lantai,4,12000
10-08-2020,Item-07,Pembersih Lantai,1,12000
21-08-2020,Item-07,Pembersih Lantai,4,12000
26-08-2020,Item-07,Pembersih Lantai,2,12000
7-08-2020,Item-07,Pembersih Lantai,3,12000
13-08-2020,Item-07,Pembersih Lantai,2,12000
12-08-2020,Item-07,Pembersih Lantai,1,12000
28-08-2020,Item-07,Pembersih Lantai,4,12000
12-08-2020,Item-07,Pembersih Lantai,3,12000
30-08-2020,Item-07,Pembersih Lantai,2,12000
7-08-2020,Item-07,Pembersih Lantai,4,12000
22-08-2020,Item-07,Pembersih Lantai,1,12000
22-08-2020,Item-07,Pembersih Lantai,1,12000
15-08-2020,Item-07,Pembersih Lantai,3,12000
15-08-2020,Item-07,Pembersih Lantai,1,12000
9-08-2020,Item-07,Pembersih Lantai,1,12000
18-08-2020,Item-07,Pembersih Lantai,3,12000
6-08-2020,Item-07,Pembersih Lantai,2,12000
5-08-2020,Item-07,Pembersih Lantai,2,12000
10-08-2020,Item-07,Pembersih Lantai,2,12000
4-08-2020,Item-07,Pembersih Lantai,4,12000
8-08-2020,Item-07,Pembersih Lantai,3,12000
3-08-2020,Item-07,Pembersih Lantai,4,12000
24-08-2020,Item-07,Pembersih Lantai,4,12000
15-08-2020,Item-07,Pembersih Lantai,4,12000
8-08-2020,Item-07,Pembersih Lantai,2,12000
1-08-2020,Item-07,Pembersih Lantai,4,12000
4-08-2020,Item-07,Pembersih Lantai,2,12000
12-08-2020,Item-07,Pembersih Lantai,1,12000
28-08-2020,Item-07,Pembersih Lantai,3,12000
8-08-2020,Item-07,Pembersih Lantai,4,12000
4-08-2020,Item-07,Pembersih Lantai,2,12000
6-08-2020,Item-07,Pembersih Lantai,3,12000
2-08-2020,Item-07,Pembersih Lantai,2,12000
2-08-2020,Item-07,Pembersih Lantai,2,12000
15-08-2020,Item-07,Pembersih Lantai,3,12000
29-08-2020,Item-07,Pembersih Lantai,2,12000
23-08-2020,Item-07,Pembersih Lantai,4,12000
5-08-2020,Item-07,Pembersih Lantai,3,12000
20-08-2020,Item-07,Pembersih Lantai,2,12000
5-08-2020,Item-07,Pembersih Lantai,3,12000
23-08-2020,Item-07,Pembersih Lantai,3,12000
13-08-2020,Item-07,Pembersih Lantai,3,12000
15-08-2020,Item-07,Pembersih Lantai,1,12000
10-08-2020,Item-07,Pembersih Lantai,2,12000
8-08-2020,Item-07,Pembersih Lantai,4,12000
21-08-2020,Item-07,Pembersih Lantai,3,12000
19-08-2020,Item-11,Sabun Cuci Piring,2,14000
26-08-2020,Item-03,Gula Pasir Putih 1 kg,2,12500
18-08-2020,Item-11,Sabun Cuci Piring,3,14000
29-08-2020,Item-11,Sabun Cuci Piring,4,14000
5-08-2020,Item-26,Susu Bubuk 195g,7,45000
13-08-2020,Item-07,Pembersih Lantai,2,12000
19-08-2020,Item-07,Pembersih Lantai,3,12000
28-08-2020,Item-07,Pembersih Lantai,3,12000
24-08-2020,Item-07,Pembersih Lantai,4,12000
18-08-2020,Item-07,Pembersih Lantai,1,12000
30-08-2020,Item-07,Pembersih Lantai,3,12000
1-08-2020,Item-07,Pembersih Lantai,1,12000
25-08-2020,Item-07,Pembersih Lantai,3,12000
9-08-2020,Item-07,Pembersih Lantai,1,12000
4-08-2020,Item-07,Pembersih Lantai,2,12000
7-08-2020,Item-07,Pembersih Lantai,4,12000
8-08-2020,Item-07,Pembersih Lantai,1,12000
2-08-2020,Item-07,Pembersih Lantai,1,12000
18-08-2020,Item-07,Pembersih Lantai,2,12000
23-08-2020,Item-07,Pembersih Lantai,1,12000
20-08-2020,Item-07,Pembersih Lantai,3,12000
15-08-2020,Item-07,Pembersih Lantai,4,12000
15-08-2020,Item-07,Pembersih Lantai,3,12000
6-08-2020,Item-07,Pembersih Lantai,4,12000
26-08-2020,Item-07,Pembersih Lantai,4,12000
3-08-2020,Item-07,Pembersih Lantai,1,12000
18-08-2020,Item-07,Pembersih Lantai,4,12000
18-08-2020,Item-07,Pembersih Lantai,2,12000
23-08-2020,Item-07,Pembersih Lantai,3,12000
2-08-2020,Item-07,Pembersih Lantai,2,12000
15-08-2020,Item-07,Pembersih Lantai,1,12000
28-08-2020,Item-07,Pembersih Lantai,4,12000
23-08-2020,Item-07,Pembersih Lantai,3,12000
10-08-2020,Item-07,Pembersih Lantai,2,12000
2-08-2020,Item-07,Pembersih Lantai,4,12000
10-08-2020,Item-07,Pembersih Lantai,1,12000
13-08-2020,Item-07,Pembersih Lantai,1,12000
28-08-2020,Item-07,Pembersih Lantai,3,12000
3-08-2020,Item-07,Pembersih Lantai,1,12000
6-08-2020,Item-07,Pembersih Lantai,1,12000
12-08-2020,Item-07,Pembersih Lantai,3,12000
24-08-2020,Item-07,Pembersih Lantai,2,12000
14-08-2020,Item-07,Pembersih Lantai,2,12000
22-08-2020,Item-07,Pembersih Lantai,2,12000
29-08-2020,Item-07,Pembersih Lantai,4,12000
3-08-2020,Item-07,Pembersih Lantai,3,12000
6-08-2020,Item-07,Pembersih Lantai,4,12000
6-08-2020,Item-07,Pembersih Lantai,4,12000
25-08-2020,Item-07,Pembersih Lantai,4,12000
9-08-2020,Item-07,Pembersih Lantai,2,12000
6-08-2020,Item-07,Pembersih Lantai,4,12000
1-08-2020,Item-07,Pembersih Lantai,2,12000
17-08-2020,Item-07,Pembersih Lantai,1,12000
10-08-2020,Item-07,Pembersih Lantai,3,12000
8-08-2020,Item-07,Pembersih Lantai,4,12000
9-08-2020,Item-07,Pembersih Lantai,2,12000
12-08-2020,Item-07,Pembersih Lantai,3,12000
29-08-2020,Item-07,Pembersih Lantai,2,12000
20-08-2020,Item-07,Pembersih Lantai,2,12000
9-08-2020,Item-07,Pembersih Lantai,3,12000
3-08-2020,Item-07,Pembersih Lantai,2,12000
24-08-2020,Item-07,Pembersih Lantai,4,12000
5-08-2020,Item-07,Pembersih Lantai,3,12000
24-08-2020,Item-07,Pembersih Lantai,2,12000
9-08-2020,Item-07,Pembersih Lantai,3,12000
19-08-2020,Item-07,Pembersih Lantai,3,12000
24-08-2020,Item-22,Minyak Goreng 1 Lt,2,16000
9-08-2020,Item-22,Minyak Goreng 1 Lt,3,16000
20-08-2020,Item-22,Minyak Goreng 1 Lt,2,16000
18-08-2020,Item-22,Minyak Goreng 1 Lt,2,16000
26-08-2020,Item-22,Minyak Goreng 1 Lt,1,16000
16-08-2020,Item-22,Minyak Goreng 1 Lt,2,16000
20-08-2020,Item-22,Minyak Goreng 1 Lt,2,16000
26-08-2020,Item-22,Minyak Goreng 1 Lt,3,16000
23-08-2020,Item-22,Minyak Goreng 1 Lt,3,16000
17-08-2020,Item-22,Minyak Goreng 1 Lt,3,16000
5-08-2020,Item-22,Minyak Goreng 1 Lt,2,16000
27-08-2020,Item-22,Minyak Goreng 1 Lt,1,16000
22-08-2020,Item-22,Minyak Goreng 1 Lt,4,16000
7-08-2020,Item-22,Minyak Goreng 1 Lt,2,16000
8-08-2020,Item-22,Minyak Goreng 1 Lt,2,16000
7-08-2020,Item-22,Minyak Goreng 1 Lt,1,16000
13-08-2020,Item-22,Minyak Goreng 1 Lt,1,16000
22-08-2020,Item-22,Minyak Goreng 1 Lt,2,16000
18-08-2020,Item-22,Minyak Goreng 1 Lt,3,16000
16-08-2020,Item-22,Minyak Goreng 1 Lt,4,16000
18-08-2020,Item-22,Minyak Goreng 1 Lt,3,16000
28-08-2020,Item-22,Minyak Goreng 1 Lt,2,16000
18-08-2020,Item-22,Minyak Goreng 1 Lt,4,16000
25-08-2020,Item-22,Minyak Goreng 1 Lt,4,16000
11-08-2020,Item-22,Minyak Goreng 1 Lt,4,16000
28-08-2020,Item-22,Minyak Goreng 1 Lt,3,16000
1-08-2020,Item-22,Minyak Goreng 1 Lt,2,16000
7-08-2020,Item-22,Minyak Goreng 1 Lt,2,16000
18-08-2020,Item-22,Minyak Goreng 1 Lt,2,16000
5-08-2020,Item-22,Minyak Goreng 1 Lt,2,16000
4-08-2020,Item-22,Minyak Goreng 1 Lt,3,16000
20-08-2020,Item-22,Minyak Goreng 1 Lt,1,16000
15-08-2020,Item-22,Minyak Goreng 1 Lt,2,16000
16-08-2020,Item-22,Minyak Goreng 1 Lt,1,16000
1-08-2020,Item-22,Minyak Goreng 1 Lt,1,16000
12-08-2020,Item-22,Minyak Goreng 1 Lt,3,16000
27-08-2020,Item-22,Minyak Goreng 1 Lt,4,16000
14-08-2020,Item-22,Minyak Goreng 1 Lt,4,16000
7-08-2020,Item-22,Minyak Goreng 1 Lt,3,16000
27-08-2020,Item-22,Minyak Goreng 1 Lt,2,16000
11-08-2020,Item-22,Minyak Goreng 1 Lt,4,16000
30-08-2020,Item-22,Minyak Goreng 1 Lt,4,16000
9-08-2020,Item-22,Minyak Goreng 1 Lt,2,16000
25-08-2020,Item-22,Minyak Goreng 1 Lt,2,16000
28-08-2020,Item-22,Minyak Goreng 1 Lt,3,16000
29-08-2020,Item-22,Minyak Goreng 1 Lt,1,16000
27-08-2020,Item-22,Minyak Goreng 1 Lt,2,16000
14-08-2020,Item-22,Minyak Goreng 1 Lt,1,16000
13-08-2020,Item-22,Minyak Goreng 1 Lt,2,16000
6-08-2020,Item-22,Minyak Goreng 1 Lt,3,16000
15-08-2020,Item-22,Minyak Goreng 1 Lt,3,16000
30-08-2020,Item-22,Minyak Goreng 1 Lt,3,16000
17-08-2020,Item-22,Minyak Goreng 1 Lt,3,16000
10-08-2020,Item-22,Minyak Goreng 1 Lt,4,16000
13-08-2020,Item-22,Minyak Goreng 1 Lt,2,16000
28-08-2020,Item-22,Minyak Goreng 1 Lt,3,16000
4-08-2020,Item-22,Minyak Goreng 1 Lt,1,16000
6-08-2020,Item-22,Minyak Goreng 1 Lt,1,16000
17-08-2020,Item-22,Minyak Goreng 1 Lt,3,16000
17-08-2020,Item-22,Minyak Goreng 1 Lt,1,16000
2-08-2020,Item-22,Minyak Goreng 1 Lt,4,16000
10-08-2020,Item-22,Minyak Goreng 1 Lt,1,16000
19-08-2020,Item-22,Minyak Goreng 1 Lt,1,16000
18-08-2020,Item-22,Minyak Goreng 1 Lt,1,16000
25-08-2020,Item-22,Minyak Goreng 1 Lt,3,16000
19-08-2020,Item-22,Minyak Goreng 1 Lt,1,16000
21-08-2020,Item-22,Minyak Goreng 1 Lt,1,16000
16-08-2020,Item-22,Minyak Goreng 1 Lt,4,16000
29-08-2020,Item-22,Minyak Goreng 1 Lt,2,16000
22-08-2020,Item-22,Minyak Goreng 1 Lt,2,16000
27-08-2020,Item-22,Minyak Goreng 1 Lt,2,16000
29-08-2020,Item-22,Minyak Goreng 1 Lt,2,16000
7-08-2020,Item-22,Minyak Goreng 1 Lt,4,16000
6-08-2020,Item-22,Minyak Goreng 1 Lt,2,16000
4-08-2020,Item-22,Minyak Goreng 1 Lt,2,16000
10-08-2020,Item-22,Minyak Goreng 1 Lt,4,16000
11-08-2020,Item-22,Minyak Goreng 1 Lt,4,16000
26-08-2020,Item-22,Minyak Goreng 1 Lt,4,16000
13-08-2020,Item-22,Minyak Goreng 1 Lt,3,16000
23-08-2020,Item-22,Minyak Goreng 1 Lt,1,16000
6-08-2020,Item-22,Minyak Goreng 1 Lt,2,16000
15-08-2020,Item-22,Minyak Goreng 1 Lt,3,16000
14-08-2020,Item-22,Minyak Goreng 1 Lt,2,16000
7-08-2020,Item-22,Minyak Goreng 1 Lt,1,16000
14-08-2020,Item-22,Minyak Goreng 1 Lt,1,16000
5-08-2020,Item-22,Minyak Goreng 1 Lt,1,16000
21-08-2020,Item-22,Minyak Goreng 1 Lt,2,16000
6-08-2020,Item-22,Minyak Goreng 1 Lt,4,16000
2-08-2020,Item-22,Minyak Goreng 1 Lt,3,16000
23-08-2020,Item-22,Minyak Goreng 1 Lt,2,16000
22-08-2020,Item-22,Minyak Goreng 1 Lt,3,16000
14-08-2020,Item-22,Minyak Goreng 1 Lt,3,16000
21-08-2020,Item-22,Minyak Goreng 1 Lt,2,16000
10-08-2020,Item-22,Minyak Goreng 1 Lt,2,16000
6-08-2020,Item-22,Minyak Goreng 1 Lt,1,16000
27-08-2020,Item-22,Minyak Goreng 1 Lt,2,16000
9-08-2020,Item-22,Minyak Goreng 1 Lt,3,16000
30-08-2020,Item-22,Minyak Goreng 1 Lt,3,16000
25-08-2020,Item-22,Minyak Goreng 1 Lt,1,16000
21-08-2020,Item-22,Minyak Goreng 1 Lt,1,16000
11-08-2020,Item-22,Minyak Goreng 1 Lt,3,16000
1-08-2020,Item-22,Minyak Goreng 1 Lt,1,16000
20-08-2020,Item-22,Minyak Goreng 1 Lt,2,16000
9-08-2020,Item-22,Minyak Goreng 1 Lt,3,16000
28-08-2020,Item-22,Minyak Goreng 1 Lt,3,16000
2-08-2020,Item-22,Minyak Goreng 1 Lt,1,16000
8-08-2020,Item-22,Minyak Goreng 1 Lt,4,16000
20-08-2020,Item-22,Minyak Goreng 1 Lt,1,16000
6-08-2020,Item-22,Minyak Goreng 1 Lt,1,16000
6-08-2020,Item-22,Minyak Goreng 1 Lt,3,16000
22-08-2020,Item-22,Minyak Goreng 1 Lt,2,16000
4-08-2020,Item-22,Minyak Goreng 1 Lt,1,16000
14-08-2020,Item-22,Minyak Goreng 1 Lt,2,16000
16-08-2020,Item-22,Minyak Goreng 1 Lt,3,16000
27-08-2020,Item-22,Minyak Goreng 1 Lt,2,16000
27-08-2020,Item-22,Minyak Goreng 1 Lt,3,16000
13-08-2020,Item-22,Minyak Goreng 1 Lt,2,16000
13-08-2020,Item-22,Minyak Goreng 1 Lt,4,16000
4-08-2020,Item-22,Minyak Goreng 1 Lt,1,16000
9-08-2020,Item-22,Minyak Goreng 1 Lt,1,16000
19-08-2020,Item-22,Minyak Goreng 1 Lt,4,16000
7-08-2020,Item-22,Minyak Goreng 1 Lt,4,16000
6-08-2020,Item-22,Minyak Goreng 1 Lt,4,16000
11-08-2020,Item-22,Minyak Goreng 1 Lt,4,16000
7-08-2020,Item-22,Minyak Goreng 1 Lt,2,16000
4-08-2020,Item-22,Minyak Goreng 1 Lt,4,16000
17-08-2020,Item-22,Minyak Goreng 1 Lt,2,16000
9-08-2020,Item-22,Minyak Goreng 1 Lt,2,16000
19-08-2020,Item-22,Minyak Goreng 1 Lt,1,16000
15-08-2020,Item-22,Minyak Goreng 1 Lt,3,16000
16-08-2020,Item-22,Minyak Goreng 1 Lt,1,16000
7-08-2020,Item-22,Minyak Goreng 1 Lt,4,16000
2-08-2020,Item-22,Minyak Goreng 1 Lt,4,16000
21-08-2020,Item-22,Minyak Goreng 1 Lt,2,16000
26-08-2020,Item-05,Mi Goreng Instant,2,2600
7-08-2020,Item-05,Mi Goreng Instant,2,2600
29-08-2020,Item-05,Mi Goreng Instant,2,2600
28-08-2020,Item-05,Mi Goreng Instant,1,2600
4-08-2020,Item-05,Mi Goreng Instant,3,2600
5-08-2020,Item-05,Mi Goreng Instant,1,2600
10-08-2020,Item-05,Mi Goreng Instant,1,2600
4-08-2020,Item-05,Mi Goreng Instant,4,2600
28-08-2020,Item-22,Minyak Goreng 1 Lt,4,16000
7-08-2020,Item-22,Minyak Goreng 1 Lt,4,16000
19-08-2020,Item-22,Minyak Goreng 1 Lt,2,16000
7-08-2020,Item-22,Minyak Goreng 1 Lt,1,16000
23-08-2020,Item-22,Minyak Goreng 1 Lt,3,16000
1-08-2020,Item-22,Minyak Goreng 1 Lt,3,16000
22-08-2020,Item-22,Minyak Goreng 1 Lt,2,16000
27-08-2020,Item-22,Minyak Goreng 1 Lt,1,16000
15-08-2020,Item-22,Minyak Goreng 1 Lt,2,16000
21-08-2020,Item-22,Minyak Goreng 1 Lt,3,16000
29-08-2020,Item-22,Minyak Goreng 1 Lt,1,16000
4-08-2020,Item-22,Minyak Goreng 1 Lt,2,16000
30-08-2020,Item-22,Minyak Goreng 1 Lt,4,16000
27-08-2020,Item-23,Air Mineral Botol 500 ml,4,3000
20-08-2020,Item-23,Air Mineral Botol 500 ml,1,3000
3-08-2020,Item-23,Air Mineral Botol 500 ml,1,3000
26-08-2020,Item-23,Air Mineral Botol 500 ml,4,3000
3-08-2020,Item-23,Air Mineral Botol 500 ml,4,3000
28-08-2020,Item-23,Air Mineral Botol 500 ml,4,3000
9-08-2020,Item-23,Air Mineral Botol 500 ml,4,3000
6-08-2020,Item-23,Air Mineral Botol 500 ml,2,3000
4-08-2020,Item-23,Air Mineral Botol 500 ml,4,3000
22-08-2020,Item-23,Air Mineral Botol 500 ml,2,3000
17-08-2020,Item-23,Air Mineral Botol 500 ml,2,3000
24-08-2020,Item-23,Air Mineral Botol 500 ml,1,3000
26-08-2020,Item-23,Air Mineral Botol 500 ml,3,3000
10-08-2020,Item-23,Air Mineral Botol 500 ml,1,3000
12-08-2020,Item-23,Air Mineral Botol 500 ml,4,3000
24-08-2020,Item-23,Air Mineral Botol 500 ml,4,3000
26-08-2020,Item-23,Air Mineral Botol 500 ml,2,3000
1-08-2020,Item-23,Air Mineral Botol 500 ml,4,3000
5-08-2020,Item-23,Air Mineral Botol 500 ml,4,3000
2-08-2020,Item-23,Air Mineral Botol 500 ml,2,3000
3-08-2020,Item-23,Air Mineral Botol 500 ml,1,3000
4-08-2020,Item-23,Air Mineral Botol 500 ml,3,3000
28-08-2020,Item-23,Air Mineral Botol 500 ml,3,3000
1-08-2020,Item-23,Air Mineral Botol 500 ml,2,3000
13-08-2020,Item-23,Air Mineral Botol 500 ml,1,3000
30-08-2020,Item-23,Air Mineral Botol 500 ml,2,3000
26-08-2020,Item-23,Air Mineral Botol 500 ml,3,3000
27-08-2020,Item-23,Air Mineral Botol 500 ml,1,3000
21-08-2020,Item-23,Air Mineral Botol 500 ml,2,3000
11-08-2020,Item-23,Air Mineral Botol 500 ml,4,3000
10-08-2020,Item-27,Bedak Bayi,3,25000
6-08-2020,Item-23,Air Mineral Botol 500 ml,4,3000
13-08-2020,Item-23,Air Mineral Botol 500 ml,3,3000
29-08-2020,Item-23,Air Mineral Botol 500 ml,4,3000
4-08-2020,Item-23,Air Mineral Botol 500 ml,2,3000
30-08-2020,Item-23,Air Mineral Botol 500 ml,4,3000
7-08-2020,Item-23,Air Mineral Botol 500 ml,3,3000
27-08-2020,Item-23,Air Mineral Botol 500 ml,1,3000
1-08-2020,Item-23,Air Mineral Botol 500 ml,4,3000
23-08-2020,Item-23,Air Mineral Botol 500 ml,1,3000
23-08-2020,Item-23,Air Mineral Botol 500 ml,3,3000
30-08-2020,Item-23,Air Mineral Botol 500 ml,4,3000
30-08-2020,Item-23,Air Mineral Botol 500 ml,1,3000
7-08-2020,Item-23,Air Mineral Botol 500 ml,2,3000
5-08-2020,Item-23,Air Mineral Botol 500 ml,1,3000
5-08-2020,Item-23,Air Mineral Botol 500 ml,3,3000
29-08-2020,Item-23,Air Mineral Botol 500 ml,4,3000
19-08-2020,Item-23,Air Mineral Botol 500 ml,1,3000
17-08-2020,Item-23,Air Mineral Botol 500 ml,2,3000
19-08-2020,Item-23,Air Mineral Botol 500 ml,3,3000
19-08-2020,Item-23,Air Mineral Botol 500 ml,3,3000
28-08-2020,Item-23,Air Mineral Botol 500 ml,1,3000
5-08-2020,Item-23,Air Mineral Botol 500 ml,4,3000
29-08-2020,Item-23,Air Mineral Botol 500 ml,4,3000
24-08-2020,Item-23,Air Mineral Botol 500 ml,2,3000
25-08-2020,Item-23,Air Mineral Botol 500 ml,2,3000
12-08-2020,Item-23,Air Mineral Botol 500 ml,3,3000
12-08-2020,Item-23,Air Mineral Botol 500 ml,3,3000
7-08-2020,Item-23,Air Mineral Botol 500 ml,3,3000
24-08-2020,Item-23,Air Mineral Botol 500 ml,3,3000
11-08-2020,Item-23,Air Mineral Botol 500 ml,1,3000
19-08-2020,Item-23,Air Mineral Botol 500 ml,3,3000
12-08-2020,Item-23,Air Mineral Botol 500 ml,2,3000
25-08-2020,Item-23,Air Mineral Botol 500 ml,1,3000
10-08-2020,Item-23,Air Mineral Botol 500 ml,1,3000
25-08-2020,Item-23,Air Mineral Botol 500 ml,3,3000
3-08-2020,Item-23,Air Mineral Botol 500 ml,2,3000
28-08-2020,Item-23,Air Mineral Botol 500 ml,2,3000
16-08-2020,Item-23,Air Mineral Botol 500 ml,3,3000
8-08-2020,Item-23,Air Mineral Botol 500 ml,4,3000
8-08-2020,Item-23,Air Mineral Botol 500 ml,3,3000
15-08-2020,Item-23,Air Mineral Botol 500 ml,2,3000
20-08-2020,Item-23,Air Mineral Botol 500 ml,3,3000
22-08-2020,Item-23,Air Mineral Botol 500 ml,1,3000
3-08-2020,Item-33,Es Cream,1,5000
2-08-2020,Item-23,Air Mineral Botol 500 ml,2,3000
18-08-2020,Item-23,Air Mineral Botol 500 ml,2,3000
3-08-2020,Item-23,Air Mineral Botol 500 ml,1,3000
14-08-2020,Item-23,Air Mineral Botol 500 ml,1,3000
24-08-2020,Item-23,Air Mineral Botol 500 ml,2,3000
19-08-2020,Item-23,Air Mineral Botol 500 ml,3,3000
16-08-2020,Item-23,Air Mineral Botol 500 ml,3,3000
19-08-2020,Item-11,Sabun Cuci Piring,2,14000
20-08-2020,Item-03,Gula Pasir Putih 1 kg,2,12500
16-08-2020,Item-11,Sabun Cuci Piring,3,14000
20-08-2020,Item-11,Sabun Cuci Piring,4,14000
20-08-2020,Item-26,Susu Bubuk 195g,7,45000
9-08-2020,Item-24,Pengharum Ruangan,14,7000
1-08-2020,Item-24,Pengharum Ruangan,5,7000
10-08-2020,Item-24,Pengharum Ruangan,17,7000
11-08-2020,Item-24,Pengharum Ruangan,3,7000
7-08-2020,Item-24,Pengharum Ruangan,12,7000
7-08-2020,Item-24,Pengharum Ruangan,5,7000
8-08-2020,Item-24,Pengharum Ruangan,4,7000
6-08-2020,Item-24,Pengharum Ruangan,11,7000
15-08-2020,Item-24,Pengharum Ruangan,8,7000
23-08-2020,Item-24,Pengharum Ruangan,2,7000
24-08-2020,Item-24,Pengharum Ruangan,2,7000
7-08-2020,Item-24,Pengharum Ruangan,20,7000
6-08-2020,Item-24,Pengharum Ruangan,11,7000
12-08-2020,Item-24,Pengharum Ruangan,13,7000
2-08-2020,Item-24,Pengharum Ruangan,12,7000
28-08-2020,Item-24,Pengharum Ruangan,9,7000
17-08-2020,Item-24,Pengharum Ruangan,12,7000
18-08-2020,Item-24,Pengharum Ruangan,6,7000
30-08-2020,Item-24,Pengharum Ruangan,9,7000
14-08-2020,Item-24,Pengharum Ruangan,11,7000
27-08-2020,Item-24,Pengharum Ruangan,8,7000
2-08-2020,Item-24,Pengharum Ruangan,1,7000
6-08-2020,Item-24,Pengharum Ruangan,13,7000
9-08-2020,Item-24,Pengharum Ruangan,13,7000
8-08-2020,Item-24,Pengharum Ruangan,13,7000
23-08-2020,Item-24,Pengharum Ruangan,15,7000
18-08-2020,Item-24,Pengharum Ruangan,6,7000
19-08-2020,Item-24,Pengharum Ruangan,5,7000
14-08-2020,Item-24,Pengharum Ruangan,18,7000
14-08-2020,Item-24,Pengharum Ruangan,19,7000
3-08-2020,Item-24,Pengharum Ruangan,5,7000
11-08-2020,Item-24,Pengharum Ruangan,1,7000
24-08-2020,Item-24,Pengharum Ruangan,17,7000
30-08-2020,Item-24,Pengharum Ruangan,9,7000
16-08-2020,Item-24,Pengharum Ruangan,20,7000
18-08-2020,Item-24,Pengharum Ruangan,13,7000
5-08-2020,Item-24,Pengharum Ruangan,1,7000
1-08-2020,Item-24,Pengharum Ruangan,3,7000
16-08-2020,Item-24,Pengharum Ruangan,4,7000
9-08-2020,Item-24,Pengharum Ruangan,14,7000
6-08-2020,Item-24,Pengharum Ruangan,17,7000
16-08-2020,Item-24,Pengharum Ruangan,6,7000
16-08-2020,Item-24,Pengharum Ruangan,20,7000
3-08-2020,Item-24,Pengharum Ruangan,16,7000
8-08-2020,Item-24,Pengharum Ruangan,16,7000
14-08-2020,Item-24,Pengharum Ruangan,9,7000
12-08-2020,Item-24,Pengharum Ruangan,12,7000
16-08-2020,Item-24,Pengharum Ruangan,17,7000
8-08-2020,Item-24,Pengharum Ruangan,7,7000
12-08-2020,Item-24,Pengharum Ruangan,12,7000
5-08-2020,Item-24,Pengharum Ruangan,10,7000
25-08-2020,Item-24,Pengharum Ruangan,4,7000
4-08-2020,Item-24,Pengharum Ruangan,5,7000
2-08-2020,Item-24,Pengharum Ruangan,19,7000
24-08-2020,Item-24,Pengharum Ruangan,19,7000
21-08-2020,Item-24,Pengharum Ruangan,8,7000
20-08-2020,Item-24,Pengharum Ruangan,5,7000
24-08-2020,Item-24,Pengharum Ruangan,3,7000
20-08-2020,Item-24,Pengharum Ruangan,17,7000
30-08-2020,Item-24,Pengharum Ruangan,4,7000
17-08-2020,Item-24,Pengharum Ruangan,9,7000
10-08-2020,Item-24,Pengharum Ruangan,9,7000
8-08-2020,Item-24,Pengharum Ruangan,16,7000
9-08-2020,Item-24,Pengharum Ruangan,16,7000
6-08-2020,Item-24,Pengharum Ruangan,17,7000
8-08-2020,Item-24,Pengharum Ruangan,11,7000
5-08-2020,Item-24,Pengharum Ruangan,5,7000
13-08-2020,Item-24,Pengharum Ruangan,14,7000
28-08-2020,Item-24,Pengharum Ruangan,19,7000
28-08-2020,Item-24,Pengharum Ruangan,14,7000
3-08-2020,Item-24,Pengharum Ruangan,4,7000
29-08-2020,Item-24,Pengharum Ruangan,16,7000
20-08-2020,Item-24,Pengharum Ruangan,13,7000
17-08-2020,Item-24,Pengharum Ruangan,9,7000
7-08-2020,Item-24,Pengharum Ruangan,6,7000
27-08-2020,Item-24,Pengharum Ruangan,9,7000
7-08-2020,Item-24,Pengharum Ruangan,11,7000
15-08-2020,Item-24,Pengharum Ruangan,14,7000
28-08-2020,Item-24,Pengharum Ruangan,11,7000
22-08-2020,Item-24,Pengharum Ruangan,5,7000
15-08-2020,Item-16,Balsem Putih 20 gram,1,22300
8-08-2020,Item-26,Susu Bubuk 195g,14,45000
26-08-2020,Item-11,Sabun Cuci Piring,3,14000
8-08-2020,Item-03,Gula Pasir Putih 1 kg,3,12500
12-08-2020,Item-11,Sabun Cuci Piring,2,14000
2-08-2020,Item-17,Obat Batuk,3,5000
3-08-2020,Item-03,Gula Pasir Putih 1 kg,2,12500
4-08-2020,Item-11,Sabun Cuci Piring,3,14000
19-08-2020,Item-16,Balsem Putih 20 gram,4,22300
16-08-2020,Item-03,Gula Pasir Putih 1 kg,2,12500
26-08-2020,Item-11,Sabun Cuci Piring,2,14000
12-08-2020,Item-16,Balsem Putih 20 gram,2,22300
23-08-2020,Item-03,Gula Pasir Putih 1 kg,1,12500
29-08-2020,Item-26,Susu Bubuk 195g,1,45000
14-08-2020,Item-11,Sabun Cuci Piring,4,14000
17-08-2020,Item-03,Gula Pasir Putih 1 kg,2,12500
19-08-2020,Item-03,Gula Pasir Putih 1 kg,2,12500
3-08-2020,Item-24,Pengharum Ruangan,1,7000
8-08-2020,Item-24,Pengharum Ruangan,11,7000
14-08-2020,Item-24,Pengharum Ruangan,12,7000
20-08-2020,Item-24,Pengharum Ruangan,17,7000
24-08-2020,Item-24,Pengharum Ruangan,19,7000
27-08-2020,Item-24,Pengharum Ruangan,2,7000
2-08-2020,Item-24,Pengharum Ruangan,6,7000
27-08-2020,Item-25,Pembalut Wanita Size L,17,15000
3-08-2020,Item-25,Pembalut Wanita Size L,10,15000
16-08-2020,Item-25,Pembalut Wanita Size L,5,15000
4-08-2020,Item-25,Pembalut Wanita Size L,10,15000
16-08-2020,Item-25,Pembalut Wanita Size L,5,15000
28-08-2020,Item-25,Pembalut Wanita Size L,3,15000
18-08-2020,Item-25,Pembalut Wanita Size L,10,15000
18-08-2020,Item-25,Pembalut Wanita Size L,12,15000
16-08-2020,Item-25,Pembalut Wanita Size L,18,15000
8-08-2020,Item-25,Pembalut Wanita Size L,7,15000
12-08-2020,Item-25,Pembalut Wanita Size L,6,15000
19-08-2020,Item-25,Pembalut Wanita Size L,3,15000
9-08-2020,Item-25,Pembalut Wanita Size L,3,15000
17-08-2020,Item-25,Pembalut Wanita Size L,6,15000
24-08-2020,Item-25,Pembalut Wanita Size L,7,15000
26-08-2020,Item-25,Pembalut Wanita Size L,1,15000
23-08-2020,Item-25,Pembalut Wanita Size L,6,15000
3-08-2020,Item-25,Pembalut Wanita Size L,13,15000
3-08-2020,Item-25,Pembalut Wanita Size L,1,15000
20-08-2020,Item-25,Pembalut Wanita Size L,15,15000
29-08-2020,Item-25,Pembalut Wanita Size L,6,15000
10-08-2020,Item-25,Pembalut Wanita Size L,5,15000
3-08-2020,Item-25,Pembalut Wanita Size L,20,15000
1-08-2020,Item-25,Pembalut Wanita Size L,5,15000
13-08-2020,Item-25,Pembalut Wanita Size L,13,15000
30-08-2020,Item-25,Pembalut Wanita Size L,10,15000
28-08-2020,Item-25,Pembalut Wanita Size L,16,15000
25-08-2020,Item-25,Pembalut Wanita Size L,19,15000
27-08-2020,Item-25,Pembalut Wanita Size L,11,15000
22-08-2020,Item-25,Pembalut Wanita Size L,14,15000
25-08-2020,Item-25,Pembalut Wanita Size L,19,15000
3-08-2020,Item-25,Pembalut Wanita Size L,17,15000
14-08-2020,Item-25,Pembalut Wanita Size L,17,15000
13-08-2020,Item-25,Pembalut Wanita Size L,11,15000
4-08-2020,Item-25,Pembalut Wanita Size L,19,15000
30-08-2020,Item-25,Pembalut Wanita Size L,2,15000
17-08-2020,Item-25,Pembalut Wanita Size L,14,15000
16-08-2020,Item-25,Pembalut Wanita Size L,17,15000
30-08-2020,Item-25,Pembalut Wanita Size L,2,15000
10-08-2020,Item-25,Pembalut Wanita Size L,7,15000
11-08-2020,Item-16,Balsem Putih 20 gram,1,22300
16-08-2020,Item-26,Susu Bubuk 195g,14,45000
18-08-2020,Item-11,Sabun Cuci Piring,3,14000
1-08-2020,Item-03,Gula Pasir Putih 1 kg,3,12500
2-08-2020,Item-11,Sabun Cuci Piring,2,14000
8-08-2020,Item-17,Obat Batuk,3,5000
12-08-2020,Item-03,Gula Pasir Putih 1 kg,2,12500
19-08-2020,Item-11,Sabun Cuci Piring,3,14000
29-08-2020,Item-16,Balsem Putih 20 gram,4,22300
22-08-2020,Item-03,Gula Pasir Putih 1 kg,2,12500
5-08-2020,Item-11,Sabun Cuci Piring,2,14000
25-08-2020,Item-16,Balsem Putih 20 gram,2,22300
13-08-2020,Item-03,Gula Pasir Putih 1 kg,1,12500
21-08-2020,Item-26,Susu Bubuk 195g,1,45000
8-08-2020,Item-11,Sabun Cuci Piring,4,14000
23-08-2020,Item-03,Gula Pasir Putih 1 kg,2,12500
27-08-2020,Item-03,Gula Pasir Putih 1 kg,2,12500
7-08-2020,Item-16,Balsem Putih 20 gram,1,22300
12-08-2020,Item-26,Susu Bubuk 195g,14,45000
8-08-2020,Item-11,Sabun Cuci Piring,3,14000
2-08-2020,Item-03,Gula Pasir Putih 1 kg,3,12500
12-08-2020,Item-11,Sabun Cuci Piring,2,14000
24-08-2020,Item-17,Obat Batuk,3,5000
26-08-2020,Item-03,Gula Pasir Putih 1 kg,2,12500
30-08-2020,Item-11,Sabun Cuci Piring,3,14000
3-08-2020,Item-16,Balsem Putih 20 gram,4,22300
5-08-2020,Item-03,Gula Pasir Putih 1 kg,2,12500
24-08-2020,Item-11,Sabun Cuci Piring,2,14000
2-08-2020,Item-16,Balsem Putih 20 gram,2,22300
10-08-2020,Item-03,Gula Pasir Putih 1 kg,1,12500
7-08-2020,Item-26,Susu Bubuk 195g,1,45000
12-08-2020,Item-11,Sabun Cuci Piring,4,14000
27-08-2020,Item-03,Gula Pasir Putih 1 kg,2,12500
6-08-2020,Item-03,Gula Pasir Putih 1 kg,2,12500
25-08-2020,Item-25,Pembalut Wanita Size L,2,15000
22-08-2020,Item-25,Pembalut Wanita Size L,18,15000
22-08-2020,Item-25,Pembalut Wanita Size L,13,15000
22-08-2020,Item-25,Pembalut Wanita Size L,1,15000
7-08-2020,Item-25,Pembalut Wanita Size L,20,15000
13-08-2020,Item-25,Pembalut Wanita Size L,15,15000
30-08-2020,Item-25,Pembalut Wanita Size L,20,15000
28-08-2020,Item-25,Pembalut Wanita Size L,10,15000
5-08-2020,Item-25,Pembalut Wanita Size L,2,15000
18-08-2020,Item-25,Pembalut Wanita Size L,5,15000
15-08-2020,Item-25,Pembalut Wanita Size L,16,15000
7-08-2020,Item-25,Pembalut Wanita Size L,17,15000
6-08-2020,Item-25,Pembalut Wanita Size L,6,15000
17-08-2020,Item-25,Pembalut Wanita Size L,11,15000
9-08-2020,Item-25,Pembalut Wanita Size L,19,15000
6-08-2020,Item-25,Pembalut Wanita Size L,16,15000
22-08-2020,Item-25,Pembalut Wanita Size L,4,15000
9-08-2020,Item-25,Pembalut Wanita Size L,3,15000
14-08-2020,Item-25,Pembalut Wanita Size L,8,15000
30-08-2020,Item-25,Pembalut Wanita Size L,9,15000
18-08-2020,Item-25,Pembalut Wanita Size L,17,15000
11-08-2020,Item-25,Pembalut Wanita Size L,11,15000
13-08-2020,Item-25,Pembalut Wanita Size L,3,15000
6-08-2020,Item-25,Pembalut Wanita Size L,17,15000
22-08-2020,Item-25,Pembalut Wanita Size L,6,15000
12-08-2020,Item-25,Pembalut Wanita Size L,2,15000
19-08-2020,Item-25,Pembalut Wanita Size L,14,15000
9-08-2020,Item-25,Pembalut Wanita Size L,19,15000
7-08-2020,Item-25,Pembalut Wanita Size L,14,15000
12-08-2020,Item-25,Pembalut Wanita Size L,5,15000
3-08-2020,Item-25,Pembalut Wanita Size L,8,15000
30-08-2020,Item-25,Pembalut Wanita Size L,10,15000
18-08-2020,Item-25,Pembalut Wanita Size L,11,15000
2-08-2020,Item-25,Pembalut Wanita Size L,10,15000
11-08-2020,Item-25,Pembalut Wanita Size L,5,15000
26-08-2020,Item-25,Pembalut Wanita Size L,8,15000
3-08-2020,Item-25,Pembalut Wanita Size L,15,15000
15-08-2020,Item-25,Pembalut Wanita Size L,3,15000
21-08-2020,Item-25,Pembalut Wanita Size L,11,15000
22-08-2020,Item-25,Pembalut Wanita Size L,19,15000
20-08-2020,Item-16,Balsem Putih 20 gram,1,22300
21-08-2020,Item-26,Susu Bubuk 195g,14,45000
2-08-2020,Item-11,Sabun Cuci Piring,3,14000
28-08-2020,Item-03,Gula Pasir Putih 1 kg,3,12500
13-08-2020,Item-11,Sabun Cuci Piring,2,14000
26-08-2020,Item-17,Obat Batuk,3,5000
1-08-2020,Item-03,Gula Pasir Putih 1 kg,2,12500
24-08-2020,Item-11,Sabun Cuci Piring,3,14000
30-08-2020,Item-16,Balsem Putih 20 gram,4,22300
27-08-2020,Item-03,Gula Pasir Putih 1 kg,2,12500
18-08-2020,Item-11,Sabun Cuci Piring,2,14000
22-08-2020,Item-16,Balsem Putih 20 gram,2,22300
22-08-2020,Item-03,Gula Pasir Putih 1 kg,1,12500
4-08-2020,Item-26,Susu Bubuk 195g,1,45000
29-08-2020,Item-11,Sabun Cuci Piring,4,14000
21-08-2020,Item-03,Gula Pasir Putih 1 kg,2,12500
29-08-2020,Item-03,Gula Pasir Putih 1 kg,2,12500
24-08-2020,Item-26,Susu Bubuk 195g,5,45000
8-08-2020,Item-26,Susu Bubuk 195g,9,45000
16-08-2020,Item-26,Susu Bubuk 195g,9,45000
21-08-2020,Item-26,Susu Bubuk 195g,6,45000
16-08-2020,Item-26,Susu Bubuk 195g,16,45000
25-08-2020,Item-26,Susu Bubuk 195g,2,45000
28-08-2020,Item-26,Susu Bubuk 195g,13,45000
6-08-2020,Item-26,Susu Bubuk 195g,10,45000
20-08-2020,Item-26,Susu Bubuk 195g,16,45000
4-08-2020,Item-26,Susu Bubuk 195g,16,45000
9-08-2020,Item-26,Susu Bubuk 195g,20,45000
22-08-2020,Item-26,Susu Bubuk 195g,12,45000
7-08-2020,Item-26,Susu Bubuk 195g,3,45000
14-08-2020,Item-26,Susu Bubuk 195g,7,45000
16-08-2020,Item-26,Susu Bubuk 195g,16,45000
6-08-2020,Item-26,Susu Bubuk 195g,11,45000
22-08-2020,Item-26,Susu Bubuk 195g,13,45000
27-08-2020,Item-26,Susu Bubuk 195g,16,45000
1-08-2020,Item-26,Susu Bubuk 195g,13,45000
21-08-2020,Item-26,Susu Bubuk 195g,4,45000
23-08-2020,Item-26,Susu Bubuk 195g,9,45000
20-08-2020,Item-26,Susu Bubuk 195g,15,45000
23-08-2020,Item-26,Susu Bubuk 195g,18,45000
2-08-2020,Item-26,Susu Bubuk 195g,6,45000
8-08-2020,Item-26,Susu Bubuk 195g,11,45000
23-08-2020,Item-26,Susu Bubuk 195g,13,45000
22-08-2020,Item-26,Susu Bubuk 195g,1,45000
6-08-2020,Item-26,Susu Bubuk 195g,8,45000
30-08-2020,Item-26,Susu Bubuk 195g,8,45000
16-08-2020,Item-26,Susu Bubuk 195g,15,45000
27-08-2020,Item-26,Susu Bubuk 195g,13,45000
22-08-2020,Item-26,Susu Bubuk 195g,1,45000
13-08-2020,Item-26,Susu Bubuk 195g,8,45000
24-08-2020,Item-26,Susu Bubuk 195g,1,45000
30-08-2020,Item-26,Susu Bubuk 195g,1,45000
15-08-2020,Item-26,Susu Bubuk 195g,7,45000
5-08-2020,Item-26,Susu Bubuk 195g,19,45000
20-08-2020,Item-26,Susu Bubuk 195g,20,45000
30-08-2020,Item-26,Susu Bubuk 195g,18,45000
4-08-2020,Item-26,Susu Bubuk 195g,20,45000
12-08-2020,Item-33,Es Cream,2,5000
6-08-2020,Item-33,Es Cream,8,5000
7-08-2020,Item-33,Es Cream,8,5000
21-08-2020,Item-33,Es Cream,10,5000
21-08-2020,Item-33,Es Cream,20,5000
15-08-2020,Item-33,Es Cream,12,5000
28-08-2020,Item-33,Es Cream,11,5000
6-08-2020,Item-33,Es Cream,12,5000
1-08-2020,Item-33,Es Cream,17,5000
29-08-2020,Item-33,Es Cream,9,5000
19-08-2020,Item-33,Es Cream,17,5000
27-08-2020,Item-33,Es Cream,8,5000
22-08-2020,Item-33,Es Cream,4,5000
7-08-2020,Item-33,Es Cream,1,5000
25-08-2020,Item-33,Es Cream,20,5000
5-08-2020,Item-33,Es Cream,12,5000
13-08-2020,Item-33,Es Cream,13,5000
9-08-2020,Item-33,Es Cream,6,5000
14-08-2020,Item-33,Es Cream,6,5000
4-08-2020,Item-33,Es Cream,12,5000
7-08-2020,Item-33,Es Cream,9,5000
11-08-2020,Item-33,Es Cream,3,5000
28-08-2020,Item-33,Es Cream,19,5000
11-08-2020,Item-33,Es Cream,11,5000
22-08-2020,Item-33,Es Cream,16,5000
13-08-2020,Item-33,Es Cream,4,5000
20-08-2020,Item-33,Es Cream,6,5000
15-08-2020,Item-33,Es Cream,20,5000
15-08-2020,Item-33,Es Cream,10,5000
8-08-2020,Item-33,Es Cream,20,5000
19-08-2020,Item-33,Es Cream,8,5000
1-08-2020,Item-33,Es Cream,10,5000
26-08-2020,Item-33,Es Cream,5,5000
11-08-2020,Item-33,Es Cream,8,5000
4-08-2020,Item-33,Es Cream,14,5000
28-08-2020,Item-33,Es Cream,2,5000
29-08-2020,Item-33,Es Cream,3,5000
8-08-2020,Item-33,Es Cream,17,5000
17-08-2020,Item-33,Es Cream,19,5000
4-08-2020,Item-27,Bedak Bayi,17,25000
25-08-2020,Item-27,Bedak Bayi,5,25000
26-08-2020,Item-27,Bedak Bayi,20,25000
11-08-2020,Item-27,Bedak Bayi,18,25000
1-08-2020,Item-27,Bedak Bayi,15,25000
16-08-2020,Item-27,Bedak Bayi,2,25000
27-08-2020,Item-27,Bedak Bayi,10,25000
29-08-2020,Item-27,Bedak Bayi,2,25000
17-08-2020,Item-27,Bedak Bayi,1,25000
29-08-2020,Item-27,Bedak Bayi,17,25000
26-08-2020,Item-27,Bedak Bayi,3,25000
14-08-2020,Item-27,Bedak Bayi,3,25000
2-08-2020,Item-27,Bedak Bayi,11,25000
21-08-2020,Item-27,Bedak Bayi,19,25000
7-08-2020,Item-27,Bedak Bayi,2,25000
26-08-2020,Item-27,Bedak Bayi,18,25000
7-08-2020,Item-27,Bedak Bayi,10,25000
12-08-2020,Item-27,Bedak Bayi,11,25000
23-08-2020,Item-27,Bedak Bayi,9,25000
28-08-2020,Item-27,Bedak Bayi,13,25000
10-08-2020,Item-27,Bedak Bayi,17,25000
27-08-2020,Item-27,Bedak Bayi,1,25000
4-08-2020,Item-27,Bedak Bayi,18,25000
18-08-2020,Item-27,Bedak Bayi,16,25000
6-08-2020,Item-27,Bedak Bayi,9,25000
21-08-2020,Item-12,Beras Pulen 5 kg,3,63000
9-08-2020,Item-12,Beras Pulen 5 kg,4,63000
8-08-2020,Item-27,Bedak Bayi,19,25000
15-08-2020,Item-27,Bedak Bayi,15,25000
9-08-2020,Item-27,Bedak Bayi,4,25000
2-08-2020,Item-27,Bedak Bayi,14,25000
21-08-2020,Item-27,Bedak Bayi,17,25000
24-08-2020,Item-27,Bedak Bayi,18,25000
24-08-2020,Item-27,Bedak Bayi,5,25000
9-08-2020,Item-27,Bedak Bayi,10,25000
17-08-2020,Item-27,Bedak Bayi,14,25000
30-08-2020,Item-27,Bedak Bayi,15,25000
17-08-2020,Item-27,Bedak Bayi,20,25000
8-08-2020,Item-27,Bedak Bayi,7,25000
4-08-2020,Item-27,Bedak Bayi,3,25000
7-08-2020,Item-27,Bedak Bayi,15,25000
29-08-2020,Item-27,Bedak Bayi,10,25000
16-08-2020,Item-27,Bedak Bayi,16,25000
12-08-2020,Item-27,Bedak Bayi,14,25000
22-08-2020,Item-27,Bedak Bayi,11,25000
29-08-2020,Item-27,Bedak Bayi,7,25000
7-08-2020,Item-27,Bedak Bayi,13,25000
30-08-2020,Item-27,Bedak Bayi,15,25000
6-08-2020,Item-27,Bedak Bayi,7,25000
12-08-2020,Item-27,Bedak Bayi,6,25000
4-08-2020,Item-27,Bedak Bayi,5,25000
24-08-2020,Item-27,Bedak Bayi,13,25000
20-08-2020,Item-27,Bedak Bayi,19,25000
11-08-2020,Item-27,Bedak Bayi,2,25000
18-08-2020,Item-27,Bedak Bayi,10,25000
25-08-2020,Item-27,Bedak Bayi,16,25000
6-08-2020,Item-27,Bedak Bayi,2,25000
9-08-2020,Item-16,Balsem Putih 20 gram,1,22300
26-08-2020,Item-26,Susu Bubuk 195g,14,45000
7-08-2020,Item-11,Sabun Cuci Piring,3,14000
7-08-2020,Item-03,Gula Pasir Putih 1 kg,3,12500
11-08-2020,Item-11,Sabun Cuci Piring,2,14000
5-08-2020,Item-17,Obat Batuk,3,5000
25-08-2020,Item-03,Gula Pasir Putih 1 kg,2,12500
2-08-2020,Item-11,Sabun Cuci Piring,3,14000
27-08-2020,Item-16,Balsem Putih 20 gram,4,22300
27-08-2020,Item-03,Gula Pasir Putih 1 kg,2,12500
5-08-2020,Item-11,Sabun Cuci Piring,2,14000
4-08-2020,Item-16,Balsem Putih 20 gram,2,22300
26-08-2020,Item-03,Gula Pasir Putih 1 kg,1,12500
18-08-2020,Item-26,Susu Bubuk 195g,1,45000
22-08-2020,Item-11,Sabun Cuci Piring,4,14000
16-08-2020,Item-03,Gula Pasir Putih 1 kg,2,12500
5-08-2020,Item-03,Gula Pasir Putih 1 kg,2,12500
27-08-2020,Item-27,Bedak Bayi,7,25000
30-08-2020,Item-27,Bedak Bayi,11,25000
24-08-2020,Item-27,Bedak Bayi,18,25000
24-08-2020,Item-27,Bedak Bayi,20,25000
3-08-2020,Item-27,Bedak Bayi,14,25000
30-08-2020,Item-27,Bedak Bayi,12,25000
24-08-2020,Item-27,Bedak Bayi,12,25000
8-08-2020,Item-27,Bedak Bayi,11,25000
28-08-2020,Item-27,Bedak Bayi,13,25000
11-08-2020,Item-27,Bedak Bayi,13,25000
17-08-2020,Item-27,Bedak Bayi,15,25000
15-08-2020,Item-27,Bedak Bayi,19,25000
1-08-2020,Item-27,Bedak Bayi,16,25000
25-08-2020,Item-27,Bedak Bayi,8,25000
10-08-2020,Item-27,Bedak Bayi,7,25000
9-08-2020,Item-27,Bedak Bayi,1,25000
4-08-2020,Item-27,Bedak Bayi,5,25000
3-08-2020,Item-27,Bedak Bayi,13,25000
9-08-2020,Item-27,Bedak Bayi,19,25000
15-08-2020,Item-27,Bedak Bayi,11,25000
27-08-2020,Item-27,Bedak Bayi,8,25000
4-08-2020,Item-27,Bedak Bayi,11,25000
22-08-2020,Item-27,Bedak Bayi,8,25000
8-08-2020,Item-27,Bedak Bayi,7,25000
4-08-2020,Item-27,Bedak Bayi,5,25000
28-08-2020,Item-27,Bedak Bayi,8,25000
25-08-2020,Item-27,Bedak Bayi,11,25000
9-08-2020,Item-27,Bedak Bayi,7,25000
30-08-2020,Item-27,Bedak Bayi,18,25000
6-08-2020,Item-27,Bedak Bayi,8,25000
29-08-2020,Item-11,Sabun Cuci Piring,2,14000
22-08-2020,Item-03,Gula Pasir Putih 1 kg,2,12500
18-08-2020,Item-11,Sabun Cuci Piring,3,14000
9-08-2020,Item-11,Sabun Cuci Piring,4,14000
3-08-2020,Item-26,Susu Bubuk 195g,7,45000
15-08-2020,Item-28,Tisu,9,7000
10-08-2020,Item-28,Tisu,10,7000
7-08-2020,Item-28,Tisu,2,7000
13-08-2020,Item-28,Tisu,10,7000
17-08-2020,Item-28,Tisu,16,7000
13-08-2020,Item-28,Tisu,20,7000
6-08-2020,Item-28,Tisu,18,7000
25-08-2020,Item-28,Tisu,1,7000
24-08-2020,Item-28,Tisu,3,7000
23-08-2020,Item-28,Tisu,10,7000
23-08-2020,Item-28,Tisu,6,7000
24-08-2020,Item-28,Tisu,6,7000
19-08-2020,Item-28,Tisu,14,7000
6-08-2020,Item-28,Tisu,4,7000
30-08-2020,Item-28,Tisu,16,7000
1-08-2020,Item-28,Tisu,4,7000
22-08-2020,Item-28,Tisu,19,7000
25-08-2020,Item-28,Tisu,7,7000
3-08-2020,Item-28,Tisu,20,7000
25-08-2020,Item-28,Tisu,19,7000
29-08-2020,Item-28,Tisu,8,7000
20-08-2020,Item-28,Tisu,1,7000
17-08-2020,Item-28,Tisu,20,7000
7-08-2020,Item-28,Tisu,7,7000
14-08-2020,Item-28,Tisu,13,7000
24-08-2020,Item-28,Tisu,1,7000
21-08-2020,Item-28,Tisu,12,7000
9-08-2020,Item-28,Tisu,11,7000
9-08-2020,Item-28,Tisu,13,7000
15-08-2020,Item-28,Tisu,10,7000
30-08-2020,Item-28,Tisu,7,7000
21-08-2020,Item-28,Tisu,9,7000
23-08-2020,Item-28,Tisu,19,7000
21-08-2020,Item-28,Tisu,1,7000
10-08-2020,Item-28,Tisu,18,7000
26-08-2020,Item-28,Tisu,14,7000
7-08-2020,Item-28,Tisu,10,7000
6-08-2020,Item-28,Tisu,12,7000
10-08-2020,Item-28,Tisu,10,7000
1-08-2020,Item-28,Tisu,8,7000
15-08-2020,Item-28,Tisu,17,7000
7-08-2020,Item-28,Tisu,7,7000
27-08-2020,Item-28,Tisu,20,7000
9-08-2020,Item-28,Tisu,18,7000
26-08-2020,Item-28,Tisu,8,7000
23-08-2020,Item-28,Tisu,1,7000
11-08-2020,Item-28,Tisu,13,7000
10-08-2020,Item-28,Tisu,18,7000
17-08-2020,Item-28,Tisu,8,7000
14-08-2020,Item-28,Tisu,16,7000
14-08-2020,Item-28,Tisu,5,7000
17-08-2020,Item-28,Tisu,2,7000
24-08-2020,Item-28,Tisu,1,7000
10-08-2020,Item-28,Tisu,17,7000
11-08-2020,Item-28,Tisu,19,7000
9-08-2020,Item-28,Tisu,19,7000
19-08-2020,Item-28,Tisu,15,7000
20-08-2020,Item-28,Tisu,20,7000
13-08-2020,Item-28,Tisu,9,7000
4-08-2020,Item-28,Tisu,5,7000
12-08-2020,Item-18,Telur Ayam Negeri,1,1700
3-08-2020,Item-18,Telur Ayam Negeri,2,1700
10-08-2020,Item-18,Telur Ayam Negeri,3,1700
23-08-2020,Item-18,Telur Ayam Negeri,4,1700
10-08-2020,Item-18,Telur Ayam Negeri,5,1700
3-08-2020,Item-18,Telur Ayam Negeri,1,1700
7-08-2020,Item-18,Telur Ayam Negeri,2,1700
21-08-2020,Item-18,Telur Ayam Negeri,3,1700
7-08-2020,Item-18,Telur Ayam Negeri,4,1700
2-08-2020,Item-18,Telur Ayam Negeri,5,1700
15-08-2020,Item-18,Telur Ayam Negeri,6,1700
3-08-2020,Item-28,Tisu,4,7000
1-08-2020,Item-28,Tisu,1,7000
1-08-2020,Item-28,Tisu,12,7000
6-08-2020,Item-28,Tisu,2,7000
28-08-2020,Item-28,Tisu,16,7000
19-08-2020,Item-28,Tisu,14,7000
10-08-2020,Item-28,Tisu,17,7000
22-08-2020,Item-28,Tisu,14,7000
29-08-2020,Item-28,Tisu,16,7000
7-08-2020,Item-28,Tisu,15,7000
18-08-2020,Item-28,Tisu,14,7000
24-08-2020,Item-28,Tisu,20,7000
5-08-2020,Item-28,Tisu,16,7000
21-08-2020,Item-28,Tisu,2,7000
15-08-2020,Item-28,Tisu,16,7000
16-08-2020,Item-28,Tisu,12,7000
8-08-2020,Item-28,Tisu,15,7000
11-08-2020,Item-28,Tisu,12,7000
7-08-2020,Item-28,Tisu,6,7000
8-08-2020,Item-28,Tisu,18,7000
10-08-2020,Item-28,Tisu,8,7000
10-08-2020,Item-28,Tisu,8,7000
18-08-2020,Item-28,Tisu,11,7000
15-08-2020,Item-28,Tisu,13,7000
12-08-2020,Item-28,Tisu,6,7000
4-08-2020,Item-28,Tisu,11,7000
16-08-2020,Item-28,Tisu,20,7000
28-08-2020,Item-28,Tisu,16,7000
13-08-2020,Item-28,Tisu,5,7000
4-08-2020,Item-28,Tisu,2,7000
8-08-2020,Item-28,Tisu,5,7000
30-08-2020,Item-28,Tisu,15,7000
11-08-2020,Item-28,Tisu,1,7000
18-08-2020,Item-28,Tisu,6,7000
12-08-2020,Item-28,Tisu,12,7000
22-08-2020,Item-28,Tisu,10,7000
8-08-2020,Item-28,Tisu,10,7000
10-08-2020,Item-28,Tisu,17,7000
10-08-2020,Item-28,Tisu,7,7000
1-08-2020,Item-28,Tisu,17,7000
3-08-2020,Item-16,Balsem Putih 20 gram,1,22300
15-08-2020,Item-26,Susu Bubuk 195g,14,45000
28-08-2020,Item-11,Sabun Cuci Piring,3,14000
3-08-2020,Item-03,Gula Pasir Putih 1 kg,3,12500
11-08-2020,Item-11,Sabun Cuci Piring,2,14000
1-08-2020,Item-17,Obat Batuk,3,5000
23-08-2020,Item-03,Gula Pasir Putih 1 kg,2,12500
10-08-2020,Item-11,Sabun Cuci Piring,3,14000
14-08-2020,Item-16,Balsem Putih 20 gram,4,22300
17-08-2020,Item-03,Gula Pasir Putih 1 kg,2,12500
1-08-2020,Item-11,Sabun Cuci Piring,2,14000
8-08-2020,Item-16,Balsem Putih 20 gram,2,22300
18-08-2020,Item-03,Gula Pasir Putih 1 kg,1,12500
14-08-2020,Item-26,Susu Bubuk 195g,1,45000
9-08-2020,Item-11,Sabun Cuci Piring,4,14000
18-08-2020,Item-03,Gula Pasir Putih 1 kg,2,12500
6-08-2020,Item-03,Gula Pasir Putih 1 kg,2,12500
15-08-2020,Item-18,Telur Ayam Negeri,1,1700
1-08-2020,Item-18,Telur Ayam Negeri,2,1700
27-08-2020,Item-18,Telur Ayam Negeri,3,1700
18-08-2020,Item-18,Telur Ayam Negeri,4,1700
29-08-2020,Item-18,Telur Ayam Negeri,5,1700
25-08-2020,Item-18,Telur Ayam Negeri,1,1700
29-08-2020,Item-18,Telur Ayam Negeri,2,1700
15-08-2020,Item-18,Telur Ayam Negeri,3,1700
10-08-2020,Item-18,Telur Ayam Negeri,4,1700
17-08-2020,Item-18,Telur Ayam Negeri,5,1700
29-08-2020,Item-18,Telur Ayam Negeri,6,1700
7-08-2020,Item-28,Tisu,6,7000
26-08-2020,Item-28,Tisu,8,7000
26-08-2020,Item-28,Tisu,8,7000
27-08-2020,Item-28,Tisu,17,7000
3-08-2020,Item-28,Tisu,7,7000
18-08-2020,Item-28,Tisu,20,7000
24-08-2020,Item-28,Tisu,1,7000
16-08-2020,Item-28,Tisu,12,7000
18-08-2020,Item-28,Tisu,12,7000
15-08-2020,Item-28,Tisu,16,7000
8-08-2020,Item-29,Bubur Bayi,8,8000
5-08-2020,Item-29,Bubur Bayi,8,8000
9-08-2020,Item-29,Bubur Bayi,13,8000
9-08-2020,Item-29,Bubur Bayi,10,8000
1-08-2020,Item-29,Bubur Bayi,2,8000
12-08-2020,Item-29,Bubur Bayi,20,8000
8-08-2020,Item-29,Bubur Bayi,2,8000
24-08-2020,Item-29,Bubur Bayi,1,8000
21-08-2020,Item-29,Bubur Bayi,7,8000
23-08-2020,Item-29,Bubur Bayi,2,8000
1-08-2020,Item-29,Bubur Bayi,15,8000
17-08-2020,Item-29,Bubur Bayi,18,8000
26-08-2020,Item-29,Bubur Bayi,14,8000
11-08-2020,Item-29,Bubur Bayi,1,8000
2-08-2020,Item-29,Bubur Bayi,19,8000
22-08-2020,Item-29,Bubur Bayi,14,8000
19-08-2020,Item-29,Bubur Bayi,14,8000
15-08-2020,Item-29,Bubur Bayi,10,8000
14-08-2020,Item-29,Bubur Bayi,9,8000
9-08-2020,Item-29,Bubur Bayi,9,8000
22-08-2020,Item-29,Bubur Bayi,5,8000
18-08-2020,Item-29,Bubur Bayi,8,8000
14-08-2020,Item-29,Bubur Bayi,10,8000
16-08-2020,Item-29,Bubur Bayi,12,8000
10-08-2020,Item-29,Bubur Bayi,13,8000
7-08-2020,Item-29,Bubur Bayi,16,8000
9-08-2020,Item-29,Bubur Bayi,14,8000
3-08-2020,Item-29,Bubur Bayi,5,8000
12-08-2020,Item-29,Bubur Bayi,12,8000
5-08-2020,Item-29,Bubur Bayi,8,8000
4-08-2020,Item-29,Bubur Bayi,11,8000
3-08-2020,Item-29,Bubur Bayi,13,8000
26-08-2020,Item-29,Bubur Bayi,20,8000
9-08-2020,Item-29,Bubur Bayi,16,8000
12-08-2020,Item-29,Bubur Bayi,7,8000
30-08-2020,Item-29,Bubur Bayi,7,8000
13-08-2020,Item-29,Bubur Bayi,1,8000
14-08-2020,Item-29,Bubur Bayi,17,8000
20-08-2020,Item-29,Bubur Bayi,14,8000
4-08-2020,Item-29,Bubur Bayi,18,8000
24-08-2020,Item-16,Balsem Putih 20 gram,1,22300
27-08-2020,Item-26,Susu Bubuk 195g,14,45000
11-08-2020,Item-11,Sabun Cuci Piring,3,14000
30-08-2020,Item-03,Gula Pasir Putih 1 kg,3,12500
20-08-2020,Item-11,Sabun Cuci Piring,2,14000
7-08-2020,Item-17,Obat Batuk,3,5000
30-08-2020,Item-03,Gula Pasir Putih 1 kg,2,12500
11-08-2020,Item-11,Sabun Cuci Piring,3,14000
10-08-2020,Item-16,Balsem Putih 20 gram,4,22300
2-08-2020,Item-03,Gula Pasir Putih 1 kg,2,12500
16-08-2020,Item-11,Sabun Cuci Piring,2,14000
16-08-2020,Item-16,Balsem Putih 20 gram,2,22300
25-08-2020,Item-03,Gula Pasir Putih 1 kg,1,12500
27-08-2020,Item-26,Susu Bubuk 195g,1,45000
13-08-2020,Item-11,Sabun Cuci Piring,4,14000
3-08-2020,Item-03,Gula Pasir Putih 1 kg,2,12500
19-08-2020,Item-03,Gula Pasir Putih 1 kg,2,12500
26-08-2020,Item-29,Bubur Bayi,19,8000
1-08-2020,Item-29,Bubur Bayi,12,8000
21-08-2020,Item-29,Bubur Bayi,8,8000
12-08-2020,Item-29,Bubur Bayi,12,8000
10-08-2020,Item-29,Bubur Bayi,5,8000
12-08-2020,Item-29,Bubur Bayi,20,8000
13-08-2020,Item-29,Bubur Bayi,20,8000
12-08-2020,Item-29,Bubur Bayi,7,8000
14-08-2020,Item-29,Bubur Bayi,10,8000
13-08-2020,Item-29,Bubur Bayi,10,8000
13-08-2020,Item-29,Bubur Bayi,12,8000
5-08-2020,Item-29,Bubur Bayi,12,8000
30-08-2020,Item-29,Bubur Bayi,19,8000
25-08-2020,Item-29,Bubur Bayi,20,8000
12-08-2020,Item-29,Bubur Bayi,7,8000
11-08-2020,Item-29,Bubur Bayi,15,8000
25-08-2020,Item-29,Bubur Bayi,18,8000
25-08-2020,Item-29,Bubur Bayi,9,8000
26-08-2020,Item-29,Bubur Bayi,6,8000
15-08-2020,Item-29,Bubur Bayi,19,8000
24-08-2020,Item-29,Bubur Bayi,14,8000
3-08-2020,Item-29,Bubur Bayi,1,8000
8-08-2020,Item-29,Bubur Bayi,15,8000
19-08-2020,Item-29,Bubur Bayi,16,8000
17-08-2020,Item-29,Bubur Bayi,3,8000
7-08-2020,Item-29,Bubur Bayi,16,8000
22-08-2020,Item-29,Bubur Bayi,12,8000
23-08-2020,Item-16,Balsem Putih 20 gram,1,22300
7-08-2020,Item-26,Susu Bubuk 195g,14,45000
24-08-2020,Item-11,Sabun Cuci Piring,3,14000
2-08-2020,Item-03,Gula Pasir Putih 1 kg,3,12500
9-08-2020,Item-11,Sabun Cuci Piring,2,14000
16-08-2020,Item-17,Obat Batuk,3,5000
27-08-2020,Item-03,Gula Pasir Putih 1 kg,2,12500
30-08-2020,Item-11,Sabun Cuci Piring,3,14000
14-08-2020,Item-16,Balsem Putih 20 gram,4,22300
18-08-2020,Item-03,Gula Pasir Putih 1 kg,2,12500
24-08-2020,Item-11,Sabun Cuci Piring,2,14000
8-08-2020,Item-16,Balsem Putih 20 gram,2,22300
19-08-2020,Item-03,Gula Pasir Putih 1 kg,1,12500
7-08-2020,Item-26,Susu Bubuk 195g,1,45000
25-08-2020,Item-11,Sabun Cuci Piring,4,14000
4-08-2020,Item-03,Gula Pasir Putih 1 kg,2,12500
16-08-2020,Item-03,Gula Pasir Putih 1 kg,2,12500
10-08-2020,Item-29,Bubur Bayi,4,8000
6-08-2020,Item-29,Bubur Bayi,5,8000
19-08-2020,Item-29,Bubur Bayi,12,8000
3-08-2020,Item-29,Bubur Bayi,17,8000
26-08-2020,Item-29,Bubur Bayi,5,8000
14-08-2020,Item-29,Bubur Bayi,6,8000
14-08-2020,Item-29,Bubur Bayi,14,8000
11-08-2020,Item-29,Bubur Bayi,7,8000
4-08-2020,Item-29,Bubur Bayi,3,8000
19-08-2020,Item-29,Bubur Bayi,11,8000
6-08-2020,Item-29,Bubur Bayi,14,8000
7-08-2020,Item-18,Telur Ayam Negeri,1,1700
27-08-2020,Item-18,Telur Ayam Negeri,2,1700
15-08-2020,Item-18,Telur Ayam Negeri,3,1700
22-08-2020,Item-18,Telur Ayam Negeri,4,1700
17-08-2020,Item-18,Telur Ayam Negeri,5,1700
28-08-2020,Item-18,Telur Ayam Negeri,1,1700
2-08-2020,Item-18,Telur Ayam Negeri,2,1700
28-08-2020,Item-18,Telur Ayam Negeri,3,1700
9-08-2020,Item-18,Telur Ayam Negeri,4,1700
27-08-2020,Item-18,Telur Ayam Negeri,5,1700
1-08-2020,Item-18,Telur Ayam Negeri,6,1700
11-08-2020,Item-29,Bubur Bayi,7,8000
23-08-2020,Item-29,Bubur Bayi,19,8000
1-08-2020,Item-29,Bubur Bayi,12,8000
13-08-2020,Item-29,Bubur Bayi,14,8000
14-08-2020,Item-29,Bubur Bayi,10,8000
4-08-2020,Item-29,Bubur Bayi,3,8000
8-08-2020,Item-29,Bubur Bayi,13,8000
26-08-2020,Item-29,Bubur Bayi,1,8000
13-08-2020,Item-29,Bubur Bayi,11,8000
16-08-2020,Item-29,Bubur Bayi,3,8000
26-08-2020,Item-29,Bubur Bayi,17,8000
9-08-2020,Item-29,Bubur Bayi,4,8000
2-08-2020,Item-29,Bubur Bayi,12,8000
29-08-2020,Item-29,Bubur Bayi,5,8000
19-08-2020,Item-29,Bubur Bayi,18,8000
29-08-2020,Item-29,Bubur Bayi,13,8000
2-08-2020,Item-29,Bubur Bayi,14,8000
14-08-2020,Item-29,Bubur Bayi,17,8000
7-08-2020,Item-29,Bubur Bayi,10,8000
10-08-2020,Item-29,Bubur Bayi,5,8000
29-08-2020,Item-29,Bubur Bayi,13,8000
21-08-2020,Item-29,Bubur Bayi,13,8000
8-08-2020,Item-29,Bubur Bayi,3,8000
24-08-2020,Item-29,Bubur Bayi,3,8000
3-08-2020,Item-29,Bubur Bayi,16,8000
4-08-2020,Item-29,Bubur Bayi,13,8000
19-08-2020,Item-29,Bubur Bayi,1,8000
23-08-2020,Item-29,Bubur Bayi,8,8000
22-08-2020,Item-29,Bubur Bayi,10,8000
16-08-2020,Item-29,Bubur Bayi,1,8000
25-08-2020,Item-29,Bubur Bayi,18,8000
19-08-2020,Item-29,Bubur Bayi,15,8000
10-08-2020,Item-30,Kosmetik Wanita,16,8000
5-08-2020,Item-30,Kosmetik Wanita,7,8000
1-08-2020,Item-30,Kosmetik Wanita,14,8000
9-08-2020,Item-30,Kosmetik Wanita,15,8000
30-08-2020,Item-30,Kosmetik Wanita,10,8000
3-08-2020,Item-30,Kosmetik Wanita,16,8000
5-08-2020,Item-30,Kosmetik Wanita,9,8000
10-08-2020,Item-30,Kosmetik Wanita,19,8000
3-08-2020,Item-30,Kosmetik Wanita,16,8000
13-08-2020,Item-30,Kosmetik Wanita,7,8000
7-08-2020,Item-30,Kosmetik Wanita,8,8000
1-08-2020,Item-30,Kosmetik Wanita,4,8000
27-08-2020,Item-30,Kosmetik Wanita,9,8000
15-08-2020,Item-30,Kosmetik Wanita,6,8000
19-08-2020,Item-30,Kosmetik Wanita,16,8000
24-08-2020,Item-30,Kosmetik Wanita,6,8000
24-08-2020,Item-30,Kosmetik Wanita,6,8000
16-08-2020,Item-30,Kosmetik Wanita,12,8000
30-08-2020,Item-30,Kosmetik Wanita,16,8000
22-08-2020,Item-30,Kosmetik Wanita,7,8000
13-08-2020,Item-30,Kosmetik Wanita,10,8000
14-08-2020,Item-30,Kosmetik Wanita,19,8000
18-08-2020,Item-30,Kosmetik Wanita,14,8000
6-08-2020,Item-30,Kosmetik Wanita,12,8000
4-08-2020,Item-30,Kosmetik Wanita,16,8000
22-08-2020,Item-30,Kosmetik Wanita,13,8000
2-08-2020,Item-30,Kosmetik Wanita,3,8000
15-08-2020,Item-30,Kosmetik Wanita,10,8000
21-08-2020,Item-30,Kosmetik Wanita,7,8000
10-08-2020,Item-30,Kosmetik Wanita,13,8000
22-08-2020,Item-30,Kosmetik Wanita,15,8000
18-08-2020,Item-30,Kosmetik Wanita,10,8000
16-08-2020,Item-30,Kosmetik Wanita,18,8000
1-08-2020,Item-30,Kosmetik Wanita,8,8000
26-08-2020,Item-30,Kosmetik Wanita,17,8000
15-08-2020,Item-30,Kosmetik Wanita,1,8000
10-08-2020,Item-30,Kosmetik Wanita,4,8000
30-08-2020,Item-14,Teh Celup Melati,5,7800
14-08-2020,Item-18,Telur Ayam Negeri,1,1700
30-08-2020,Item-18,Telur Ayam Negeri,2,1700
20-08-2020,Item-18,Telur Ayam Negeri,3,1700
28-08-2020,Item-18,Telur Ayam Negeri,4,1700
24-08-2020,Item-18,Telur Ayam Negeri,5,1700
30-08-2020,Item-18,Telur Ayam Negeri,1,1700
5-08-2020,Item-18,Telur Ayam Negeri,2,1700
25-08-2020,Item-18,Telur Ayam Negeri,3,1700
29-08-2020,Item-18,Telur Ayam Negeri,4,1700
12-08-2020,Item-18,Telur Ayam Negeri,5,1700
28-08-2020,Item-18,Telur Ayam Negeri,6,1700
13-08-2020,Item-30,Kosmetik Wanita,6,8000
26-08-2020,Item-30,Kosmetik Wanita,6,8000
22-08-2020,Item-30,Kosmetik Wanita,3,8000
1-08-2020,Item-30,Kosmetik Wanita,14,8000
30-08-2020,Item-30,Kosmetik Wanita,19,8000
4-08-2020,Item-30,Kosmetik Wanita,14,8000
20-08-2020,Item-30,Kosmetik Wanita,19,8000
5-08-2020,Item-30,Kosmetik Wanita,1,8000
30-08-2020,Item-30,Kosmetik Wanita,2,8000
26-08-2020,Item-30,Kosmetik Wanita,1,8000
13-08-2020,Item-30,Kosmetik Wanita,14,8000
30-08-2020,Item-30,Kosmetik Wanita,20,8000
9-08-2020,Item-30,Kosmetik Wanita,6,8000
7-08-2020,Item-30,Kosmetik Wanita,20,8000
14-08-2020,Item-30,Kosmetik Wanita,13,8000
6-08-2020,Item-30,Kosmetik Wanita,7,8000
10-08-2020,Item-30,Kosmetik Wanita,9,8000
6-08-2020,Item-30,Kosmetik Wanita,19,8000
28-08-2020,Item-30,Kosmetik Wanita,8,8000
2-08-2020,Item-30,Kosmetik Wanita,18,8000
30-08-2020,Item-30,Kosmetik Wanita,18,8000
3-08-2020,Item-30,Kosmetik Wanita,1,8000
26-08-2020,Item-30,Kosmetik Wanita,19,8000
28-08-2020,Item-30,Kosmetik Wanita,8,8000
23-08-2020,Item-30,Kosmetik Wanita,11,8000
5-08-2020,Item-30,Kosmetik Wanita,19,8000
18-08-2020,Item-30,Kosmetik Wanita,13,8000
10-08-2020,Item-30,Kosmetik Wanita,1,8000
8-08-2020,Item-30,Kosmetik Wanita,16,8000
18-08-2020,Item-30,Kosmetik Wanita,8,8000
30-08-2020,Item-30,Kosmetik Wanita,1,8000
9-08-2020,Item-30,Kosmetik Wanita,14,8000
20-08-2020,Item-30,Kosmetik Wanita,17,8000
3-08-2020,Item-30,Kosmetik Wanita,16,8000
1-08-2020,Item-30,Kosmetik Wanita,20,8000
28-08-2020,Item-30,Kosmetik Wanita,9,8000
2-08-2020,Item-30,Kosmetik Wanita,3,8000
29-08-2020,Item-16,Balsem Putih 20 gram,1,22300
1-08-2020,Item-26,Susu Bubuk 195g,14,45000
10-08-2020,Item-11,Sabun Cuci Piring,3,14000
28-08-2020,Item-03,Gula Pasir Putih 1 kg,3,12500
6-08-2020,Item-11,Sabun Cuci Piring,2,14000
5-08-2020,Item-17,Obat Batuk,3,5000
19-08-2020,Item-03,Gula Pasir Putih 1 kg,2,12500
9-08-2020,Item-11,Sabun Cuci Piring,3,14000
29-08-2020,Item-16,Balsem Putih 20 gram,4,22300
7-08-2020,Item-03,Gula Pasir Putih 1 kg,2,12500
20-08-2020,Item-11,Sabun Cuci Piring,2,14000
3-08-2020,Item-16,Balsem Putih 20 gram,2,22300
18-08-2020,Item-03,Gula Pasir Putih 1 kg,1,12500
27-08-2020,Item-26,Susu Bubuk 195g,1,45000
29-08-2020,Item-11,Sabun Cuci Piring,4,14000
15-08-2020,Item-03,Gula Pasir Putih 1 kg,2,12500
21-08-2020,Item-03,Gula Pasir Putih 1 kg,2,12500
6-08-2020,Item-18,Telur Ayam Negeri,1,1700
22-08-2020,Item-18,Telur Ayam Negeri,2,1700
17-08-2020,Item-18,Telur Ayam Negeri,3,1700
25-08-2020,Item-18,Telur Ayam Negeri,4,1700
30-08-2020,Item-18,Telur Ayam Negeri,5,1700
27-08-2020,Item-18,Telur Ayam Negeri,1,1700
10-08-2020,Item-18,Telur Ayam Negeri,2,1700
1-08-2020,Item-18,Telur Ayam Negeri,3,1700
17-08-2020,Item-18,Telur Ayam Negeri,4,1700
19-08-2020,Item-18,Telur Ayam Negeri,5,1700
28-08-2020,Item-18,Telur Ayam Negeri,6,1700
1-08-2020,Item-30,Kosmetik Wanita,8,8000
18-08-2020,Item-30,Kosmetik Wanita,1,8000
19-08-2020,Item-30,Kosmetik Wanita,11,8000
6-08-2020,Item-30,Kosmetik Wanita,12,8000
15-08-2020,Item-30,Kosmetik Wanita,13,8000
17-08-2020,Item-30,Kosmetik Wanita,15,8000
8-08-2020,Item-30,Kosmetik Wanita,19,8000
9-08-2020,Item-30,Kosmetik Wanita,2,8000
9-08-2020,Item-30,Kosmetik Wanita,9,8000
25-08-2020,Item-30,Kosmetik Wanita,1,8000
21-08-2020,Item-30,Kosmetik Wanita,12,8000
1-08-2020,Item-30,Kosmetik Wanita,20,8000
11-08-2020,Item-30,Kosmetik Wanita,12,8000
20-08-2020,Item-30,Kosmetik Wanita,5,8000
28-08-2020,Item-30,Kosmetik Wanita,10,8000
29-08-2020,Item-30,Kosmetik Wanita,20,8000
9-08-2020,Item-30,Kosmetik Wanita,1,8000
4-08-2020,Item-30,Kosmetik Wanita,10,8000
29-08-2020,Item-30,Kosmetik Wanita,4,8000
13-08-2020,Item-30,Kosmetik Wanita,20,8000
3-08-2020,Item-30,Kosmetik Wanita,19,8000
11-08-2020,Item-30,Kosmetik Wanita,4,8000
17-08-2020,Item-30,Kosmetik Wanita,12,8000
10-08-2020,Item-30,Kosmetik Wanita,3,8000
26-08-2020,Item-30,Kosmetik Wanita,20,8000
29-08-2020,Item-30,Kosmetik Wanita,19,8000
27-08-2020,Item-30,Kosmetik Wanita,18,8000
4-08-2020,Item-30,Kosmetik Wanita,20,8000
12-08-2020,Item-30,Kosmetik Wanita,17,8000
15-08-2020,Item-30,Kosmetik Wanita,3,8000
26-08-2020,Item-30,Kosmetik Wanita,7,8000
30-08-2020,Item-30,Kosmetik Wanita,20,8000
23-08-2020,Item-30,Kosmetik Wanita,3,8000
28-08-2020,Item-30,Kosmetik Wanita,10,8000
3-08-2020,Item-30,Kosmetik Wanita,15,8000
4-08-2020,Item-30,Kosmetik Wanita,15,8000
11-08-2020,Item-30,Kosmetik Wanita,12,8000
1-08-2020,Item-30,Kosmetik Wanita,7,8000
23-08-2020,Item-30,Kosmetik Wanita,5,8000
27-08-2020,Item-30,Kosmetik Wanita,13,8000
22-08-2020,Item-18,Telur Ayam Negeri,1,1700
30-08-2020,Item-18,Telur Ayam Negeri,2,1700
9-08-2020,Item-18,Telur Ayam Negeri,3,1700
8-08-2020,Item-18,Telur Ayam Negeri,4,1700
30-08-2020,Item-18,Telur Ayam Negeri,5,1700
13-08-2020,Item-18,Telur Ayam Negeri,1,1700
6-08-2020,Item-18,Telur Ayam Negeri,2,1700
14-08-2020,Item-18,Telur Ayam Negeri,3,1700
15-08-2020,Item-18,Telur Ayam Negeri,4,1700
2-08-2020,Item-18,Telur Ayam Negeri,5,1700
25-08-2020,Item-18,Telur Ayam Negeri,6,1700
8-08-2020,Item-30,Kosmetik Wanita,5,8000
28-08-2020,Item-30,Kosmetik Wanita,9,8000
12-08-2020,Item-30,Kosmetik Wanita,16,8000
9-08-2020,Item-30,Kosmetik Wanita,12,8000
15-08-2020,Item-30,Kosmetik Wanita,9,8000
27-08-2020,Item-30,Kosmetik Wanita,1,8000
11-08-2020,Item-16,Balsem Putih 20 gram,1,22300
4-08-2020,Item-26,Susu Bubuk 195g,14,45000
17-08-2020,Item-11,Sabun Cuci Piring,3,14000
30-08-2020,Item-03,Gula Pasir Putih 1 kg,3,12500
17-08-2020,Item-11,Sabun Cuci Piring,2,14000
17-08-2020,Item-17,Obat Batuk,3,5000
6-08-2020,Item-03,Gula Pasir Putih 1 kg,2,12500
30-08-2020,Item-11,Sabun Cuci Piring,3,14000
24-08-2020,Item-16,Balsem Putih 20 gram,4,22300
11-08-2020,Item-03,Gula Pasir Putih 1 kg,2,12500
16-08-2020,Item-11,Sabun Cuci Piring,2,14000
28-08-2020,Item-16,Balsem Putih 20 gram,2,22300
1-08-2020,Item-03,Gula Pasir Putih 1 kg,1,12500
4-08-2020,Item-26,Susu Bubuk 195g,1,45000
16-08-2020,Item-11,Sabun Cuci Piring,4,14000
27-08-2020,Item-03,Gula Pasir Putih 1 kg,2,12500
23-08-2020,Item-03,Gula Pasir Putih 1 kg,2,12500
6-08-2020,Item-30,Kosmetik Wanita,18,8000
3-08-2020,Item-30,Kosmetik Wanita,5,8000
22-08-2020,Item-30,Kosmetik Wanita,3,8000
22-08-2020,Item-30,Kosmetik Wanita,9,8000
5-08-2020,Item-18,Telur Ayam Negeri,1,1700
1-08-2020,Item-18,Telur Ayam Negeri,2,1700
3-08-2020,Item-18,Telur Ayam Negeri,3,1700
6-08-2020,Item-18,Telur Ayam Negeri,4,1700
21-08-2020,Item-18,Telur Ayam Negeri,5,1700
7-08-2020,Item-18,Telur Ayam Negeri,1,1700
23-08-2020,Item-18,Telur Ayam Negeri,2,1700
16-08-2020,Item-18,Telur Ayam Negeri,3,1700
9-08-2020,Item-18,Telur Ayam Negeri,4,1700
27-08-2020,Item-18,Telur Ayam Negeri,5,1700
28-08-2020,Item-18,Telur Ayam Negeri,6,1700
26-08-2020,Item-31,Body Lotion Botol,15,12000
15-08-2020,Item-31,Body Lotion Botol,10,12000
22-08-2020,Item-31,Body Lotion Botol,4,12000
8-08-2020,Item-31,Body Lotion Botol,17,12000
5-08-2020,Item-31,Body Lotion Botol,20,12000
21-08-2020,Item-31,Body Lotion Botol,10,12000
11-08-2020,Item-31,Body Lotion Botol,4,12000
2-08-2020,Item-31,Body Lotion Botol,17,12000
1-08-2020,Item-31,Body Lotion Botol,12,12000
25-08-2020,Item-31,Body Lotion Botol,8,12000
26-08-2020,Item-31,Body Lotion Botol,6,12000
3-08-2020,Item-31,Body Lotion Botol,11,12000
13-08-2020,Item-31,Body Lotion Botol,13,12000
11-08-2020,Item-31,Body Lotion Botol,1,12000
13-08-2020,Item-31,Body Lotion Botol,1,12000
21-08-2020,Item-31,Body Lotion Botol,2,12000
5-08-2020,Item-31,Body Lotion Botol,15,12000
5-08-2020,Item-31,Body Lotion Botol,17,12000
17-08-2020,Item-31,Body Lotion Botol,14,12000
6-08-2020,Item-31,Body Lotion Botol,2,12000
24-08-2020,Item-31,Body Lotion Botol,9,12000
16-08-2020,Item-31,Body Lotion Botol,6,12000
1-08-2020,Item-31,Body Lotion Botol,4,12000
28-08-2020,Item-31,Body Lotion Botol,14,12000
23-08-2020,Item-31,Body Lotion Botol,9,12000
5-08-2020,Item-31,Body Lotion Botol,1,12000
4-08-2020,Item-31,Body Lotion Botol,6,12000
14-08-2020,Item-31,Body Lotion Botol,7,12000
7-08-2020,Item-31,Body Lotion Botol,17,12000
1-08-2020,Item-31,Body Lotion Botol,7,12000
23-08-2020,Item-31,Body Lotion Botol,6,12000
19-08-2020,Item-31,Body Lotion Botol,6,12000
6-08-2020,Item-31,Body Lotion Botol,15,12000
6-08-2020,Item-31,Body Lotion Botol,14,12000
1-08-2020,Item-31,Body Lotion Botol,17,12000
1-08-2020,Item-31,Body Lotion Botol,20,12000
5-08-2020,Item-31,Body Lotion Botol,2,12000
18-08-2020,Item-31,Body Lotion Botol,16,12000
25-08-2020,Item-31,Body Lotion Botol,14,12000
9-08-2020,Item-31,Body Lotion Botol,16,12000
14-08-2020,Item-18,Telur Ayam Negeri,1,1700
25-08-2020,Item-18,Telur Ayam Negeri,2,1700
4-08-2020,Item-18,Telur Ayam Negeri,3,1700
5-08-2020,Item-18,Telur Ayam Negeri,4,1700
22-08-2020,Item-18,Telur Ayam Negeri,5,1700
11-08-2020,Item-18,Telur Ayam Negeri,1,1700
21-08-2020,Item-18,Telur Ayam Negeri,2,1700
29-08-2020,Item-18,Telur Ayam Negeri,3,1700
10-08-2020,Item-18,Telur Ayam Negeri,4,1700
20-08-2020,Item-18,Telur Ayam Negeri,5,1700
14-08-2020,Item-18,Telur Ayam Negeri,6,1700
15-08-2020,Item-31,Body Lotion Botol,10,12000
26-08-2020,Item-31,Body Lotion Botol,1,12000
8-08-2020,Item-31,Body Lotion Botol,8,12000
13-08-2020,Item-31,Body Lotion Botol,14,12000
19-08-2020,Item-11,Sabun Cuci Piring,2,14000
17-08-2020,Item-03,Gula Pasir Putih 1 kg,2,12500
16-08-2020,Item-11,Sabun Cuci Piring,3,14000
5-08-2020,Item-11,Sabun Cuci Piring,4,14000
23-08-2020,Item-26,Susu Bubuk 195g,7,45000
6-08-2020,Item-31,Body Lotion Botol,15,12000
13-08-2020,Item-31,Body Lotion Botol,11,12000
29-08-2020,Item-31,Body Lotion Botol,5,12000
9-08-2020,Item-31,Body Lotion Botol,2,12000
9-08-2020,Item-31,Body Lotion Botol,7,12000
18-08-2020,Item-31,Body Lotion Botol,17,12000
20-08-2020,Item-31,Body Lotion Botol,11,12000
15-08-2020,Item-31,Body Lotion Botol,10,12000
6-08-2020,Item-31,Body Lotion Botol,1,12000
30-08-2020,Item-31,Body Lotion Botol,3,12000
4-08-2020,Item-31,Body Lotion Botol,10,12000
19-08-2020,Item-31,Body Lotion Botol,9,12000
22-08-2020,Item-31,Body Lotion Botol,3,12000
27-08-2020,Item-31,Body Lotion Botol,7,12000
4-08-2020,Item-31,Body Lotion Botol,6,12000
21-08-2020,Item-31,Body Lotion Botol,11,12000
13-08-2020,Item-31,Body Lotion Botol,7,12000
18-08-2020,Item-31,Body Lotion Botol,16,12000
8-08-2020,Item-31,Body Lotion Botol,15,12000
25-08-2020,Item-31,Body Lotion Botol,10,12000
3-08-2020,Item-31,Body Lotion Botol,8,12000
18-08-2020,Item-31,Body Lotion Botol,18,12000
18-08-2020,Item-31,Body Lotion Botol,2,12000
2-08-2020,Item-11,Sabun Cuci Piring,2,14000
25-08-2020,Item-03,Gula Pasir Putih 1 kg,2,12500
2-08-2020,Item-11,Sabun Cuci Piring,3,14000
7-08-2020,Item-11,Sabun Cuci Piring,4,14000
26-08-2020,Item-26,Susu Bubuk 195g,7,45000
5-08-2020,Item-31,Body Lotion Botol,20,12000
12-08-2020,Item-31,Body Lotion Botol,8,12000
19-08-2020,Item-31,Body Lotion Botol,6,12000
9-08-2020,Item-31,Body Lotion Botol,12,12000
7-08-2020,Item-31,Body Lotion Botol,5,12000
25-08-2020,Item-31,Body Lotion Botol,17,12000
12-08-2020,Item-18,Telur Ayam Negeri,1,1700
13-08-2020,Item-18,Telur Ayam Negeri,2,1700
12-08-2020,Item-18,Telur Ayam Negeri,3,1700
9-08-2020,Item-18,Telur Ayam Negeri,4,1700
21-08-2020,Item-18,Telur Ayam Negeri,5,1700
9-08-2020,Item-18,Telur Ayam Negeri,1,1700
28-08-2020,Item-18,Telur Ayam Negeri,2,1700
15-08-2020,Item-18,Telur Ayam Negeri,3,1700
8-08-2020,Item-18,Telur Ayam Negeri,4,1700
8-08-2020,Item-18,Telur Ayam Negeri,5,1700
25-08-2020,Item-18,Telur Ayam Negeri,6,1700
16-08-2020,Item-31,Body Lotion Botol,4,12000
14-08-2020,Item-31,Body Lotion Botol,4,12000
7-08-2020,Item-31,Body Lotion Botol,13,12000
17-08-2020,Item-31,Body Lotion Botol,6,12000
1-08-2020,Item-31,Body Lotion Botol,1,12000
16-08-2020,Item-31,Body Lotion Botol,1,12000
28-08-2020,Item-31,Body Lotion Botol,6,12000
10-08-2020,Item-31,Body Lotion Botol,14,12000
12-08-2020,Item-31,Body Lotion Botol,14,12000
28-08-2020,Item-16,Balsem Putih 20 gram,1,22300
16-08-2020,Item-26,Susu Bubuk 195g,14,45000
19-08-2020,Item-11,Sabun Cuci Piring,3,14000
9-08-2020,Item-03,Gula Pasir Putih 1 kg,3,12500
3-08-2020,Item-11,Sabun Cuci Piring,2,14000
26-08-2020,Item-17,Obat Batuk,3,5000
3-08-2020,Item-03,Gula Pasir Putih 1 kg,2,12500
12-08-2020,Item-11,Sabun Cuci Piring,3,14000
17-08-2020,Item-16,Balsem Putih 20 gram,4,22300
23-08-2020,Item-03,Gula Pasir Putih 1 kg,2,12500
17-08-2020,Item-11,Sabun Cuci Piring,2,14000
6-08-2020,Item-16,Balsem Putih 20 gram,2,22300
9-08-2020,Item-03,Gula Pasir Putih 1 kg,1,12500
29-08-2020,Item-26,Susu Bubuk 195g,1,45000
30-08-2020,Item-11,Sabun Cuci Piring,4,14000
28-08-2020,Item-03,Gula Pasir Putih 1 kg,2,12500
18-08-2020,Item-03,Gula Pasir Putih 1 kg,2,12500
9-08-2020,Item-31,Body Lotion Botol,16,12000
14-08-2020,Item-31,Body Lotion Botol,16,12000
29-08-2020,Item-31,Body Lotion Botol,5,12000
16-08-2020,Item-31,Body Lotion Botol,8,12000
25-08-2020,Item-31,Body Lotion Botol,19,12000
6-08-2020,Item-31,Body Lotion Botol,5,12000
11-08-2020,Item-31,Body Lotion Botol,1,12000
1-08-2020,Item-31,Body Lotion Botol,19,12000
19-08-2020,Item-31,Body Lotion Botol,15,12000
3-08-2020,Item-31,Body Lotion Botol,6,12000
16-08-2020,Item-31,Body Lotion Botol,13,12000
20-08-2020,Item-31,Body Lotion Botol,7,12000
12-08-2020,Item-31,Body Lotion Botol,13,12000
22-08-2020,Item-31,Body Lotion Botol,13,12000
28-08-2020,Item-11,Sabun Cuci Piring,2,14000
9-08-2020,Item-03,Gula Pasir Putih 1 kg,2,12500
1-08-2020,Item-11,Sabun Cuci Piring,3,14000
11-08-2020,Item-11,Sabun Cuci Piring,4,14000
18-08-2020,Item-26,Susu Bubuk 195g,7,45000
8-08-2020,Item-31,Body Lotion Botol,1,12000
28-08-2020,Item-31,Body Lotion Botol,10,12000
15-08-2020,Item-31,Body Lotion Botol,20,12000
7-08-2020,Item-31,Body Lotion Botol,12,12000
28-08-2020,Item-31,Body Lotion Botol,3,12000
17-08-2020,Item-31,Body Lotion Botol,10,12000
14-08-2020,Item-31,Body Lotion Botol,18,12000
13-08-2020,Item-31,Body Lotion Botol,20,12000
20-08-2020,Item-31,Body Lotion Botol,9,12000
26-08-2020,Item-31,Body Lotion Botol,9,12000
12-08-2020,Item-31,Body Lotion Botol,4,12000
26-08-2020,Item-31,Body Lotion Botol,1,12000
9-08-2020,Item-31,Body Lotion Botol,1,12000
16-08-2020,Item-31,Body Lotion Botol,17,12000
11-08-2020,Item-18,Telur Ayam Negeri,1,1700
15-08-2020,Item-18,Telur Ayam Negeri,2,1700
28-08-2020,Item-18,Telur Ayam Negeri,3,1700
19-08-2020,Item-18,Telur Ayam Negeri,4,1700
4-08-2020,Item-18,Telur Ayam Negeri,5,1700
30-08-2020,Item-18,Telur Ayam Negeri,1,1700
9-08-2020,Item-18,Telur Ayam Negeri,2,1700
19-08-2020,Item-18,Telur Ayam Negeri,3,1700
18-08-2020,Item-18,Telur Ayam Negeri,4,1700
12-08-2020,Item-18,Telur Ayam Negeri,5,1700
25-08-2020,Item-18,Telur Ayam Negeri,6,1700
21-08-2020,Item-11,Sabun Cuci Piring,2,14000
13-08-2020,Item-03,Gula Pasir Putih 1 kg,2,12500
27-08-2020,Item-11,Sabun Cuci Piring,3,14000
9-08-2020,Item-11,Sabun Cuci Piring,4,14000
15-08-2020,Item-26,Susu Bubuk 195g,7,45000
23-08-2020,Item-32,Biscuit,20,10000
22-08-2020,Item-32,Biscuit,6,10000
21-08-2020,Item-32,Biscuit,11,10000
28-08-2020,Item-32,Biscuit,15,10000
24-08-2020,Item-32,Biscuit,20,10000
4-08-2020,Item-32,Biscuit,9,10000
8-08-2020,Item-32,Biscuit,17,10000
16-08-2020,Item-32,Biscuit,3,10000
29-08-2020,Item-32,Biscuit,3,10000
23-08-2020,Item-32,Biscuit,12,10000
9-08-2020,Item-32,Biscuit,7,10000
26-08-2020,Item-32,Biscuit,18,10000
16-08-2020,Item-32,Biscuit,2,10000
22-08-2020,Item-32,Biscuit,15,10000
22-08-2020,Item-32,Biscuit,4,10000
25-08-2020,Item-32,Biscuit,7,10000
24-08-2020,Item-32,Biscuit,13,10000
5-08-2020,Item-32,Biscuit,11,10000
6-08-2020,Item-32,Biscuit,11,10000
4-08-2020,Item-32,Biscuit,1,10000
20-08-2020,Item-16,Balsem Putih 20 gram,1,22300
9-08-2020,Item-26,Susu Bubuk 195g,14,45000
30-08-2020,Item-11,Sabun Cuci Piring,3,14000
9-08-2020,Item-03,Gula Pasir Putih 1 kg,3,12500
18-08-2020,Item-11,Sabun Cuci Piring,2,14000
13-08-2020,Item-17,Obat Batuk,3,5000
23-08-2020,Item-03,Gula Pasir Putih 1 kg,2,12500
19-08-2020,Item-11,Sabun Cuci Piring,3,14000
29-08-2020,Item-16,Balsem Putih 20 gram,4,22300
30-08-2020,Item-03,Gula Pasir Putih 1 kg,2,12500
11-08-2020,Item-11,Sabun Cuci Piring,2,14000
6-08-2020,Item-16,Balsem Putih 20 gram,2,22300
24-08-2020,Item-03,Gula Pasir Putih 1 kg,1,12500
28-08-2020,Item-26,Susu Bubuk 195g,1,45000
24-08-2020,Item-11,Sabun Cuci Piring,4,14000
17-08-2020,Item-03,Gula Pasir Putih 1 kg,2,12500
23-08-2020,Item-03,Gula Pasir Putih 1 kg,2,12500
13-08-2020,Item-32,Biscuit,11,10000
18-08-2020,Item-32,Biscuit,7,10000
8-08-2020,Item-32,Biscuit,16,10000
6-08-2020,Item-32,Biscuit,1,10000
4-08-2020,Item-32,Biscuit,14,10000
2-08-2020,Item-32,Biscuit,12,10000
5-08-2020,Item-32,Biscuit,14,10000
5-08-2020,Item-32,Biscuit,19,10000
6-08-2020,Item-32,Biscuit,19,10000
25-08-2020,Item-32,Biscuit,20,10000
18-08-2020,Item-11,Sabun Cuci Piring,2,14000
16-08-2020,Item-03,Gula Pasir Putih 1 kg,2,12500
11-08-2020,Item-11,Sabun Cuci Piring,3,14000
3-08-2020,Item-11,Sabun Cuci Piring,4,14000
21-08-2020,Item-26,Susu Bubuk 195g,7,45000
4-08-2020,Item-18,Telur Ayam Negeri,1,1700
4-08-2020,Item-18,Telur Ayam Negeri,2,1700
20-08-2020,Item-18,Telur Ayam Negeri,3,1700
27-08-2020,Item-18,Telur Ayam Negeri,4,1700
14-08-2020,Item-18,Telur Ayam Negeri,5,1700
3-08-2020,Item-18,Telur Ayam Negeri,1,1700
9-08-2020,Item-18,Telur Ayam Negeri,2,1700
22-08-2020,Item-18,Telur Ayam Negeri,3,1700
28-08-2020,Item-18,Telur Ayam Negeri,4,1700
20-08-2020,Item-18,Telur Ayam Negeri,5,1700
3-08-2020,Item-18,Telur Ayam Negeri,6,1700
13-08-2020,Item-11,Sabun Cuci Piring,2,14000
10-08-2020,Item-03,Gula Pasir Putih 1 kg,2,12500
25-08-2020,Item-11,Sabun Cuci Piring,3,14000
6-08-2020,Item-11,Sabun Cuci Piring,4,14000
3-08-2020,Item-26,Susu Bubuk 195g,7,45000
20-08-2020,Item-32,Biscuit,8,10000
10-08-2020,Item-32,Biscuit,18,10000
21-08-2020,Item-32,Biscuit,4,10000
12-08-2020,Item-32,Biscuit,17,10000
21-08-2020,Item-32,Biscuit,11,10000
23-08-2020,Item-32,Biscuit,3,10000
24-08-2020,Item-32,Biscuit,19,10000
8-08-2020,Item-32,Biscuit,4,10000
11-08-2020,Item-32,Biscuit,10,10000
1-08-2020,Item-32,Biscuit,13,10000
8-08-2020,Item-32,Biscuit,4,10000
11-08-2020,Item-32,Biscuit,14,10000
23-08-2020,Item-32,Biscuit,8,10000
1-08-2020,Item-32,Biscuit,6,10000
27-08-2020,Item-32,Biscuit,1,10000
19-08-2020,Item-32,Biscuit,5,10000
24-08-2020,Item-32,Biscuit,15,10000
24-08-2020,Item-32,Biscuit,10,10000
22-08-2020,Item-32,Biscuit,10,10000
6-08-2020,Item-32,Biscuit,4,10000
21-08-2020,Item-32,Biscuit,4,10000
10-08-2020,Item-32,Biscuit,1,10000
13-08-2020,Item-32,Biscuit,10,10000
29-08-2020,Item-32,Biscuit,14,10000
11-08-2020,Item-32,Biscuit,10,10000
18-08-2020,Item-32,Biscuit,7,10000
2-08-2020,Item-32,Biscuit,9,10000
12-08-2020,Item-32,Biscuit,18,10000
6-08-2020,Item-32,Biscuit,14,10000
21-08-2020,Item-32,Biscuit,16,10000
27-08-2020,Item-11,Sabun Cuci Piring,2,14000
13-08-2020,Item-03,Gula Pasir Putih 1 kg,2,12500
23-08-2020,Item-11,Sabun Cuci Piring,3,14000
8-08-2020,Item-11,Sabun Cuci Piring,4,14000
29-08-2020,Item-26,Susu Bubuk 195g,7,45000
12-08-2020,Item-32,Biscuit,1,10000
3-08-2020,Item-32,Biscuit,5,10000
24-08-2020,Item-32,Biscuit,3,10000
23-08-2020,Item-32,Biscuit,11,10000
2-08-2020,Item-32,Biscuit,9,10000
15-08-2020,Item-32,Biscuit,14,10000
20-08-2020,Item-32,Biscuit,17,10000
9-08-2020,Item-05,Mi Goreng Instant,2,2600
12-08-2020,Item-05,Mi Goreng Instant,2,2600
29-08-2020,Item-05,Mi Goreng Instant,2,2600
14-08-2020,Item-05,Mi Goreng Instant,1,2600
20-08-2020,Item-05,Mi Goreng Instant,3,2600
12-08-2020,Item-05,Mi Goreng Instant,1,2600
17-08-2020,Item-05,Mi Goreng Instant,1,2600
25-08-2020,Item-05,Mi Goreng Instant,4,2600
6-08-2020,Item-32,Biscuit,8,10000
18-08-2020,Item-32,Biscuit,4,10000
28-08-2020,Item-32,Biscuit,20,10000
11-08-2020,Item-32,Biscuit,8,10000
10-08-2020,Item-32,Biscuit,14,10000
30-08-2020,Item-32,Biscuit,19,10000
15-08-2020,Item-32,Biscuit,2,10000
18-08-2020,Item-32,Biscuit,12,10000
13-08-2020,Item-32,Biscuit,13,10000
11-08-2020,Item-32,Biscuit,6,10000
4-08-2020,Item-32,Biscuit,19,10000
4-08-2020,Item-32,Biscuit,7,10000
26-08-2020,Item-32,Biscuit,8,10000
24-08-2020,Item-32,Biscuit,13,10000
27-08-2020,Item-11,Sabun Cuci Piring,2,14000
4-08-2020,Item-03,Gula Pasir Putih 1 kg,2,12500
8-08-2020,Item-11,Sabun Cuci Piring,3,14000
21-08-2020,Item-11,Sabun Cuci Piring,4,14000
7-08-2020,Item-26,Susu Bubuk 195g,7,45000
27-08-2020,Item-32,Biscuit,2,10000
2-08-2020,Item-32,Biscuit,17,10000
29-08-2020,Item-32,Biscuit,16,10000
10-08-2020,Item-32,Biscuit,9,10000
6-08-2020,Item-32,Biscuit,8,10000
15-08-2020,Item-32,Biscuit,16,10000
2-08-2020,Item-32,Biscuit,7,10000
17-08-2020,Item-32,Biscuit,4,10000
23-08-2020,Item-32,Biscuit,15,10000
23-08-2020,Item-32,Biscuit,6,10000
1-08-2020,Item-32,Biscuit,6,10000
13-08-2020,Item-32,Biscuit,6,10000
10-08-2020,Item-32,Biscuit,5,10000
27-08-2020,Item-32,Biscuit,17,10000
12-08-2020,Item-32,Biscuit,4,10000
13-08-2020,Item-32,Biscuit,15,10000
2-08-2020,Item-32,Biscuit,5,10000
15-08-2020,Item-32,Biscuit,19,10000
11-08-2020,Item-32,Biscuit,16,10000
7-08-2020,Item-32,Biscuit,13,10000
16-08-2020,Item-32,Biscuit,12,10000
9-08-2020,Item-05,Mi Goreng Instant,2,2600
21-08-2020,Item-05,Mi Goreng Instant,2,2600
29-08-2020,Item-05,Mi Goreng Instant,2,2600
14-08-2020,Item-05,Mi Goreng Instant,1,2600
27-08-2020,Item-05,Mi Goreng Instant,3,2600
1-08-2020,Item-05,Mi Goreng Instant,1,2600
11-08-2020,Item-05,Mi Goreng Instant,1,2600
3-08-2020,Item-05,Mi Goreng Instant,4,2600
18-08-2020,Item-32,Biscuit,18,10000
30-08-2020,Item-32,Biscuit,13,10000
10-08-2020,Item-16,Balsem Putih 20 gram,1,22300
3-08-2020,Item-26,Susu Bubuk 195g,14,45000
4-08-2020,Item-11,Sabun Cuci Piring,3,14000
1-08-2020,Item-03,Gula Pasir Putih 1 kg,3,12500
21-08-2020,Item-11,Sabun Cuci Piring,2,14000
20-08-2020,Item-17,Obat Batuk,3,5000
24-08-2020,Item-03,Gula Pasir Putih 1 kg,2,12500
5-08-2020,Item-11,Sabun Cuci Piring,3,14000
18-08-2020,Item-16,Balsem Putih 20 gram,4,22300
7-08-2020,Item-03,Gula Pasir Putih 1 kg,2,12500
13-08-2020,Item-11,Sabun Cuci Piring,2,14000
27-08-2020,Item-16,Balsem Putih 20 gram,2,22300
3-08-2020,Item-03,Gula Pasir Putih 1 kg,1,12500
28-08-2020,Item-26,Susu Bubuk 195g,1,45000
19-08-2020,Item-11,Sabun Cuci Piring,4,14000
5-08-2020,Item-03,Gula Pasir Putih 1 kg,2,12500
25-08-2020,Item-03,Gula Pasir Putih 1 kg,2,12500
19-08-2020,Item-11,Sabun Cuci Piring,2,14000
12-08-2020,Item-03,Gula Pasir Putih 1 kg,2,12500
20-08-2020,Item-11,Sabun Cuci Piring,3,14000
9-08-2020,Item-11,Sabun Cuci Piring,4,14000
14-08-2020,Item-26,Susu Bubuk 195g,7,45000
28-08-2020,Item-11,Sabun Cuci Piring,2,14000
14-08-2020,Item-03,Gula Pasir Putih 1 kg,2,12500
6-08-2020,Item-11,Sabun Cuci Piring,3,14000
5-08-2020,Item-11,Sabun Cuci Piring,4,14000
17-08-2020,Item-26,Susu Bubuk 195g,7,45000
29-08-2020,Item-11,Sabun Cuci Piring,2,14000
4-08-2020,Item-03,Gula Pasir Putih 1 kg,2,12500
15-08-2020,Item-11,Sabun Cuci Piring,3,14000
26-08-2020,Item-11,Sabun Cuci Piring,4,14000
26-08-2020,Item-26,Susu Bubuk 195g,7,45000
18-08-2020,Item-33,Es Cream,16,5000
22-08-2020,Item-33,Es Cream,17,5000
2-08-2020,Item-33,Es Cream,17,5000
9-08-2020,Item-33,Es Cream,20,5000
9-08-2020,Item-33,Es Cream,16,5000
25-08-2020,Item-11,Sabun Cuci Piring,2,14000
27-08-2020,Item-03,Gula Pasir Putih 1 kg,2,12500
14-08-2020,Item-11,Sabun Cuci Piring,3,14000
7-08-2020,Item-11,Sabun Cuci Piring,4,14000
7-08-2020,Item-26,Susu Bubuk 195g,7,45000
10-08-2020,Item-33,Es Cream,11,5000
20-08-2020,Item-33,Es Cream,2,5000
14-08-2020,Item-33,Es Cream,12,5000
2-08-2020,Item-33,Es Cream,6,5000
17-08-2020,Item-33,Es Cream,11,5000
4-08-2020,Item-05,Mi Goreng Instant,2,2600
2-08-2020,Item-05,Mi Goreng Instant,2,2600
13-08-2020,Item-05,Mi Goreng Instant,2,2600
27-08-2020,Item-05,Mi Goreng Instant,1,2600
16-08-2020,Item-05,Mi Goreng Instant,3,2600
23-08-2020,Item-05,Mi Goreng Instant,1,2600
24-08-2020,Item-05,Mi Goreng Instant,1,2600
17-08-2020,Item-05,Mi Goreng Instant,4,2600
25-08-2020,Item-11,Sabun Cuci Piring,2,14000
11-08-2020,Item-03,Gula Pasir Putih 1 kg,2,12500
4-08-2020,Item-11,Sabun Cuci Piring,3,14000
29-08-2020,Item-11,Sabun Cuci Piring,4,14000
24-08-2020,Item-26,Susu Bubuk 195g,7,45000
1-08-2020,Item-33,Es Cream,1,5000
3-08-2020,Item-33,Es Cream,8,5000
2-08-2020,Item-33,Es Cream,9,5000
25-08-2020,Item-33,Es Cream,7,5000
4-08-2020,Item-33,Es Cream,11,5000
4-08-2020,Item-33,Es Cream,8,5000
26-08-2020,Item-33,Es Cream,8,5000
11-08-2020,Item-33,Es Cream,12,5000
5-08-2020,Item-33,Es Cream,18,5000
8-08-2020,Item-33,Es Cream,18,5000
21-08-2020,Item-33,Es Cream,11,5000
21-08-2020,Item-33,Es Cream,3,5000
5-08-2020,Item-33,Es Cream,2,5000
25-08-2020,Item-33,Es Cream,9,5000
11-08-2020,Item-33,Es Cream,12,5000
10-08-2020,Item-33,Es Cream,4,5000
7-08-2020,Item-33,Es Cream,13,5000
5-08-2020,Item-33,Es Cream,20,5000
20-08-2020,Item-33,Es Cream,16,5000
13-08-2020,Item-33,Es Cream,17,5000
1-08-2020,Item-33,Es Cream,11,5000
13-08-2020,Item-33,Es Cream,16,5000
9-08-2020,Item-33,Es Cream,13,5000
10-08-2020,Item-33,Es Cream,12,5000
14-08-2020,Item-33,Es Cream,15,5000
22-08-2020,Item-33,Es Cream,2,5000
5-08-2020,Item-33,Es Cream,12,5000
1-08-2020,Item-33,Es Cream,8,5000
26-08-2020,Item-33,Es Cream,15,5000
9-08-2020,Item-11,Sabun Cuci Piring,2,14000
6-08-2020,Item-03,Gula Pasir Putih 1 kg,2,12500
15-08-2020,Item-11,Sabun Cuci Piring,3,14000
10-08-2020,Item-11,Sabun Cuci Piring,4,14000
18-08-2020,Item-26,Susu Bubuk 195g,7,45000
28-08-2020,Item-33,Es Cream,9,5000
13-08-2020,Item-11,Sabun Cuci Piring,2,14000
1-08-2020,Item-03,Gula Pasir Putih 1 kg,2,12500
29-08-2020,Item-11,Sabun Cuci Piring,3,14000
27-08-2020,Item-11,Sabun Cuci Piring,4,14000
24-08-2020,Item-26,Susu Bubuk 195g,7,45000
3-08-2020,Item-34,Sirup Botol,1,12000
26-08-2020,Item-34,Sirup Botol,4,12000
14-08-2020,Item-34,Sirup Botol,8,12000
24-08-2020,Item-34,Sirup Botol,10,12000
1-08-2020,Item-11,Sabun Cuci Piring,2,14000
8-08-2020,Item-03,Gula Pasir Putih 1 kg,2,12500
8-08-2020,Item-11,Sabun Cuci Piring,3,14000
26-08-2020,Item-11,Sabun Cuci Piring,4,14000
6-08-2020,Item-26,Susu Bubuk 195g,7,45000
24-08-2020,Item-34,Sirup Botol,11,12000
11-08-2020,Item-34,Sirup Botol,1,12000
26-08-2020,Item-34,Sirup Botol,6,12000
14-08-2020,Item-34,Sirup Botol,13,12000
21-08-2020,Item-34,Sirup Botol,11,12000
9-08-2020,Item-34,Sirup Botol,3,12000
1-08-2020,Item-34,Sirup Botol,5,12000
18-08-2020,Item-34,Sirup Botol,17,12000
24-08-2020,Item-34,Sirup Botol,7,12000
21-08-2020,Item-34,Sirup Botol,5,12000
4-08-2020,Item-34,Sirup Botol,12,12000
22-08-2020,Item-34,Sirup Botol,4,12000
15-08-2020,Item-34,Sirup Botol,20,12000
19-08-2020,Item-34,Sirup Botol,20,12000
3-08-2020,Item-34,Sirup Botol,3,12000
16-08-2020,Item-11,Sabun Cuci Piring,2,14000
11-08-2020,Item-03,Gula Pasir Putih 1 kg,2,12500
26-08-2020,Item-11,Sabun Cuci Piring,3,14000
2-08-2020,Item-11,Sabun Cuci Piring,4,14000
22-08-2020,Item-26,Susu Bubuk 195g,7,45000
30-08-2020,Item-34,Sirup Botol,11,12000
23-08-2020,Item-34,Sirup Botol,2,12000
29-08-2020,Item-34,Sirup Botol,20,12000
20-08-2020,Item-34,Sirup Botol,3,12000
25-08-2020,Item-34,Sirup Botol,16,12000
9-08-2020,Item-34,Sirup Botol,4,12000
3-08-2020,Item-34,Sirup Botol,5,12000
21-08-2020,Item-12,Beras Pulen 5 kg,3,63000
29-08-2020,Item-12,Beras Pulen 5 kg,4,63000
13-08-2020,Item-34,Sirup Botol,13,12000
21-08-2020,Item-34,Sirup Botol,6,12000
25-08-2020,Item-34,Sirup Botol,11,12000
24-08-2020,Item-34,Sirup Botol,17,12000
3-08-2020,Item-11,Sabun Cuci Piring,2,14000
2-08-2020,Item-03,Gula Pasir Putih 1 kg,2,12500
25-08-2020,Item-11,Sabun Cuci Piring,3,14000
12-08-2020,Item-11,Sabun Cuci Piring,4,14000
2-08-2020,Item-26,Susu Bubuk 195g,7,45000
15-08-2020,Item-05,Mi Goreng Instant,2,2600
16-08-2020,Item-05,Mi Goreng Instant,2,2600
16-08-2020,Item-05,Mi Goreng Instant,2,2600
10-08-2020,Item-05,Mi Goreng Instant,1,2600
6-08-2020,Item-05,Mi Goreng Instant,3,2600
22-08-2020,Item-05,Mi Goreng Instant,1,2600
6-08-2020,Item-05,Mi Goreng Instant,1,2600
9-08-2020,Item-05,Mi Goreng Instant,4,2600
2-08-2020,Item-34,Sirup Botol,20,12000
11-08-2020,Item-34,Sirup Botol,13,12000
16-08-2020,Item-11,Sabun Cuci Piring,2,14000
11-08-2020,Item-03,Gula Pasir Putih 1 kg,2,12500
15-08-2020,Item-11,Sabun Cuci Piring,3,14000
27-08-2020,Item-11,Sabun Cuci Piring,4,14000
21-08-2020,Item-26,Susu Bubuk 195g,7,45000
21-08-2020,Item-34,Sirup Botol,1,12000
19-08-2020,Item-34,Sirup Botol,12,12000
18-08-2020,Item-34,Sirup Botol,2,12000
26-08-2020,Item-34,Sirup Botol,19,12000
13-08-2020,Item-34,Sirup Botol,11,12000
4-08-2020,Item-34,Sirup Botol,6,12000
9-08-2020,Item-34,Sirup Botol,9,12000
11-08-2020,Item-34,Sirup Botol,20,12000
30-08-2020,Item-34,Sirup Botol,13,12000
21-08-2020,Item-34,Sirup Botol,11,12000
20-08-2020,Item-34,Sirup Botol,4,12000
22-08-2020,Item-34,Sirup Botol,7,12000
13-08-2020,Item-34,Sirup Botol,20,12000
12-08-2020,Item-34,Sirup Botol,4,12000
9-08-2020,Item-34,Sirup Botol,20,12000
6-08-2020,Item-34,Sirup Botol,10,12000
28-08-2020,Item-34,Sirup Botol,1,12000
4-08-2020,Item-34,Sirup Botol,4,12000
15-08-2020,Item-34,Sirup Botol,19,12000
7-08-2020,Item-34,Sirup Botol,10,12000
11-08-2020,Item-34,Sirup Botol,15,12000
18-08-2020,Item-34,Sirup Botol,16,12000
16-08-2020,Item-34,Sirup Botol,4,12000
5-08-2020,Item-34,Sirup Botol,9,12000
19-08-2020,Item-34,Sirup Botol,9,12000
21-08-2020,Item-34,Sirup Botol,5,12000
30-08-2020,Item-34,Sirup Botol,13,12000
8-08-2020,Item-34,Sirup Botol,11,12000
22-08-2020,Item-11,Sabun Cuci Piring,2,14000
10-08-2020,Item-03,Gula Pasir Putih 1 kg,2,12500
7-08-2020,Item-11,Sabun Cuci Piring,3,14000
1-08-2020,Item-11,Sabun Cuci Piring,4,14000
14-08-2020,Item-26,Susu Bubuk 195g,7,45000
3-08-2020,Item-11,Sabun Cuci Piring,2,14000
13-08-2020,Item-03,Gula Pasir Putih 1 kg,2,12500
30-08-2020,Item-11,Sabun Cuci Piring,3,14000
16-08-2020,Item-11,Sabun Cuci Piring,4,14000
21-08-2020,Item-26,Susu Bubuk 195g,7,45000
14-08-2020,Item-34,Sirup Botol,3,12000
9-08-2020,Item-34,Sirup Botol,13,12000
14-08-2020,Item-34,Sirup Botol,3,12000
8-08-2020,Item-34,Sirup Botol,19,12000
17-08-2020,Item-34,Sirup Botol,19,12000
29-08-2020,Item-34,Sirup Botol,3,12000
26-08-2020,Item-34,Sirup Botol,11,12000
11-08-2020,Item-34,Sirup Botol,12,12000
18-08-2020,Item-34,Sirup Botol,10,12000
19-08-2020,Item-34,Sirup Botol,8,12000
21-08-2020,Item-34,Sirup Botol,12,12000
29-08-2020,Item-34,Sirup Botol,20,12000
14-08-2020,Item-11,Sabun Cuci Piring,2,14000
30-08-2020,Item-03,Gula Pasir Putih 1 kg,2,12500
27-08-2020,Item-11,Sabun Cuci Piring,3,14000
14-08-2020,Item-11,Sabun Cuci Piring,4,14000
4-08-2020,Item-26,Susu Bubuk 195g,7,45000
5-08-2020,Item-34,Sirup Botol,11,12000
9-08-2020,Item-34,Sirup Botol,11,12000
9-08-2020,Item-34,Sirup Botol,8,12000
14-08-2020,Item-34,Sirup Botol,11,12000
9-08-2020,Item-34,Sirup Botol,6,12000
2-08-2020,Item-34,Sirup Botol,13,12000
7-08-2020,Item-34,Sirup Botol,7,12000
27-08-2020,Item-34,Sirup Botol,18,12000
5-08-2020,Item-34,Sirup Botol,5,12000
16-08-2020,Item-34,Sirup Botol,13,12000
28-08-2020,Item-34,Sirup Botol,16,12000
11-08-2020,Item-34,Sirup Botol,3,12000
19-08-2020,Item-34,Sirup Botol,15,12000
5-08-2020,Item-34,Sirup Botol,16,12000
24-08-2020,Item-34,Sirup Botol,13,12000
5-08-2020,Item-34,Sirup Botol,17,12000
10-08-2020,Item-34,Sirup Botol,8,12000
29-08-2020,Item-34,Sirup Botol,12,12000
21-08-2020,Item-16,Balsem Putih 20 gram,1,22300
10-08-2020,Item-26,Susu Bubuk 195g,14,45000
29-08-2020,Item-11,Sabun Cuci Piring,3,14000
2-08-2020,Item-03,Gula Pasir Putih 1 kg,3,12500
11-08-2020,Item-11,Sabun Cuci Piring,2,14000
2-08-2020,Item-17,Obat Batuk,3,5000
11-08-2020,Item-03,Gula Pasir Putih 1 kg,2,12500
20-08-2020,Item-11,Sabun Cuci Piring,3,14000
1-08-2020,Item-16,Balsem Putih 20 gram,4,22300
9-08-2020,Item-03,Gula Pasir Putih 1 kg,2,12500
24-08-2020,Item-11,Sabun Cuci Piring,2,14000
5-08-2020,Item-16,Balsem Putih 20 gram,2,22300
9-08-2020,Item-03,Gula Pasir Putih 1 kg,1,12500
4-08-2020,Item-26,Susu Bubuk 195g,1,45000
17-08-2020,Item-11,Sabun Cuci Piring,4,14000
29-08-2020,Item-03,Gula Pasir Putih 1 kg,2,12500
16-08-2020,Item-03,Gula Pasir Putih 1 kg,2,12500
8-08-2020,Item-12,Beras Pulen 5 kg,3,63000
27-08-2020,Item-12,Beras Pulen 5 kg,4,63000
2-08-2020,Item-12,Beras Pulen 5 kg,3,63000
26-08-2020,Item-12,Beras Pulen 5 kg,4,63000
28-08-2020,Item-12,Beras Pulen 5 kg,3,63000
24-08-2020,Item-18,Telur Ayam Negeri,1,1700
23-08-2020,Item-18,Telur Ayam Negeri,2,1700
13-08-2020,Item-18,Telur Ayam Negeri,3,1700
26-08-2020,Item-18,Telur Ayam Negeri,4,1700
29-08-2020,Item-18,Telur Ayam Negeri,5,1700
29-08-2020,Item-18,Telur Ayam Negeri,1,1700
8-08-2020,Item-18,Telur Ayam Negeri,2,1700
24-08-2020,Item-18,Telur Ayam Negeri,3,1700
18-08-2020,Item-18,Telur Ayam Negeri,4,1700
6-08-2020,Item-18,Telur Ayam Negeri,5,1700
25-08-2020,Item-18,Telur Ayam Negeri,6,1700
23-08-2020,Item-12,Beras Pulen 5 kg,4,63000
20-08-2020,Item-12,Beras Pulen 5 kg,3,63000
29-08-2020,Item-12,Beras Pulen 5 kg,4,63000
13-08-2020,Item-12,Beras Pulen 5 kg,3,63000
18-08-2020,Item-12,Beras Pulen 5 kg,4,63000
6-08-2020,Item-12,Beras Pulen 5 kg,3,63000
15-08-2020,Item-12,Beras Pulen 5 kg,4,63000
1-08-2020,Item-11,Sabun Cuci Piring,2,14000
20-08-2020,Item-03,Gula Pasir Putih 1 kg,2,12500
23-08-2020,Item-11,Sabun Cuci Piring,3,14000
24-08-2020,Item-11,Sabun Cuci Piring,4,14000
25-08-2020,Item-26,Susu Bubuk 195g,7,45000
21-09-2020,Item-21,Shampoo Sachet,3,1000
27-09-2020,Item-21,Shampoo Sachet,2,1000
15-09-2020,Item-04,Kopi Instant,1,5200
26-09-2020,Item-21,Shampoo Sachet,1,1000
11-09-2020,Item-21,Shampoo Sachet,4,1000
25-09-2020,Item-21,Shampoo Sachet,1,1000
14-09-2020,Item-21,Shampoo Sachet,2,1000
26-09-2020,Item-21,Shampoo Sachet,4,1000
10-09-2020,Item-21,Shampoo Sachet,4,1000
19-09-2020,Item-21,Shampoo Sachet,1,1000
21-09-2020,Item-21,Shampoo Sachet,2,1000
16-09-2020,Item-21,Shampoo Sachet,4,1000
2-09-2020,Item-21,Shampoo Sachet,3,1000
1-09-2020,Item-21,Shampoo Sachet,1,1000
7-09-2020,Item-20,Pampers Bayi Size M,1,41000
14-09-2020,Item-20,Pampers Bayi Size M,4,41000
26-09-2020,Item-20,Pampers Bayi Size M,2,41000
12-09-2020,Item-20,Pampers Bayi Size M,3,41000
20-09-2020,Item-20,Pampers Bayi Size M,3,41000
28-09-2020,Item-20,Pampers Bayi Size M,2,41000
6-09-2020,Item-20,Pampers Bayi Size M,2,41000
24-09-2020,Item-20,Pampers Bayi Size M,4,41000
8-09-2020,Item-20,Pampers Bayi Size M,1,41000
28-09-2020,Item-20,Pampers Bayi Size M,4,41000
23-09-2020,Item-20,Pampers Bayi Size M,3,41000
28-09-2020,Item-20,Pampers Bayi Size M,2,41000
11-09-2020,Item-20,Pampers Bayi Size M,2,41000
16-09-2020,Item-20,Pampers Bayi Size M,4,41000
10-09-2020,Item-20,Pampers Bayi Size M,1,41000
15-09-2020,Item-20,Pampers Bayi Size M,1,41000
22-09-2020,Item-20,Pampers Bayi Size M,4,41000
27-09-2020,Item-20,Pampers Bayi Size M,4,41000
6-09-2020,Item-20,Pampers Bayi Size M,1,41000
12-09-2020,Item-20,Pampers Bayi Size M,2,41000
12-09-2020,Item-20,Pampers Bayi Size M,1,41000
18-09-2020,Item-20,Pampers Bayi Size M,1,41000
7-09-2020,Item-20,Pampers Bayi Size M,2,41000
28-09-2020,Item-20,Pampers Bayi Size M,1,41000
23-09-2020,Item-20,Pampers Bayi Size M,1,41000
5-09-2020,Item-20,Pampers Bayi Size M,2,41000
27-09-2020,Item-20,Pampers Bayi Size M,4,41000
28-09-2020,Item-20,Pampers Bayi Size M,3,41000
27-09-2020,Item-20,Pampers Bayi Size M,2,41000
14-09-2020,Item-20,Pampers Bayi Size M,4,41000
6-09-2020,Item-20,Pampers Bayi Size M,3,41000
26-09-2020,Item-20,Pampers Bayi Size M,1,41000
3-09-2020,Item-20,Pampers Bayi Size M,4,41000
7-09-2020,Item-20,Pampers Bayi Size M,2,41000
22-09-2020,Item-20,Pampers Bayi Size M,4,41000
16-09-2020,Item-20,Pampers Bayi Size M,3,41000
26-09-2020,Item-20,Pampers Bayi Size M,3,41000
21-09-2020,Item-20,Pampers Bayi Size M,1,41000
16-09-2020,Item-20,Pampers Bayi Size M,2,41000
1-09-2020,Item-20,Pampers Bayi Size M,2,41000
26-09-2020,Item-20,Pampers Bayi Size M,4,41000
13-09-2020,Item-20,Pampers Bayi Size M,1,41000
29-09-2020,Item-20,Pampers Bayi Size M,2,41000
2-09-2020,Item-20,Pampers Bayi Size M,2,41000
14-09-2020,Item-20,Pampers Bayi Size M,2,41000
13-09-2020,Item-20,Pampers Bayi Size M,2,41000
10-09-2020,Item-20,Pampers Bayi Size M,2,41000
22-09-2020,Item-20,Pampers Bayi Size M,2,41000
25-09-2020,Item-20,Pampers Bayi Size M,1,41000
26-09-2020,Item-20,Pampers Bayi Size M,1,41000
9-09-2020,Item-20,Pampers Bayi Size M,1,41000
14-09-2020,Item-20,Pampers Bayi Size M,2,41000
20-09-2020,Item-20,Pampers Bayi Size M,1,41000
9-09-2020,Item-20,Pampers Bayi Size M,3,41000
4-09-2020,Item-20,Pampers Bayi Size M,4,41000
18-09-2020,Item-20,Pampers Bayi Size M,3,41000
12-09-2020,Item-20,Pampers Bayi Size M,2,41000
23-09-2020,Item-20,Pampers Bayi Size M,3,41000
28-09-2020,Item-20,Pampers Bayi Size M,3,41000
12-09-2020,Item-20,Pampers Bayi Size M,4,41000
6-09-2020,Item-20,Pampers Bayi Size M,4,41000
29-09-2020,Item-20,Pampers Bayi Size M,2,41000
17-09-2020,Item-20,Pampers Bayi Size M,4,41000
5-09-2020,Item-08,Vitamin C,1,2000
29-09-2020,Item-08,Vitamin C,1,2000
29-09-2020,Item-08,Vitamin C,3,2000
6-09-2020,Item-10,Biskuit Waver Kaleng,1,24000
13-09-2020,Item-10,Biskuit Waver Kaleng,3,24000
14-09-2020,Item-11,Sabun Cuci Piring,4,14000
18-09-2020,Item-11,Sabun Cuci Piring,3,14000
24-09-2020,Item-10,Biskuit Waver Kaleng,4,24000
17-09-2020,Item-11,Sabun Cuci Piring,4,14000
19-09-2020,Item-10,Biskuit Waver Kaleng,4,24000
18-09-2020,Item-11,Sabun Cuci Piring,1,14000
11-09-2020,Item-09,Roti Tawar,4,12500
10-09-2020,Item-09,Roti Tawar,1,12500
11-09-2020,Item-10,Biskuit Waver Kaleng,4,24000
21-09-2020,Item-09,Roti Tawar,4,12500
19-09-2020,Item-10,Biskuit Waver Kaleng,3,24000
27-09-2020,Item-10,Biskuit Waver Kaleng,1,24000
10-09-2020,Item-20,Pampers Bayi Size M,2,41000
18-09-2020,Item-20,Pampers Bayi Size M,3,41000
1-09-2020,Item-20,Pampers Bayi Size M,2,41000
5-09-2020,Item-20,Pampers Bayi Size M,3,41000
26-09-2020,Item-20,Pampers Bayi Size M,4,41000
30-09-2020,Item-20,Pampers Bayi Size M,2,41000
23-09-2020,Item-20,Pampers Bayi Size M,3,41000
24-09-2020,Item-20,Pampers Bayi Size M,1,41000
4-09-2020,Item-06,Sabun Mandi Cair 100 ml,4,10500
19-09-2020,Item-01,Batere AA,3,12000
20-09-2020,Item-01,Batere AA,3,12000
19-09-2020,Item-09,Roti Tawar,1,12500
3-09-2020,Item-09,Roti Tawar,4,12500
2-09-2020,Item-09,Roti Tawar,2,12500
20-09-2020,Item-09,Roti Tawar,1,12500
15-09-2020,Item-09,Roti Tawar,3,12500
26-09-2020,Item-09,Roti Tawar,1,12500
17-09-2020,Item-09,Roti Tawar,3,12500
7-09-2020,Item-20,Pampers Bayi Size M,4,41000
20-09-2020,Item-20,Pampers Bayi Size M,4,41000
23-09-2020,Item-20,Pampers Bayi Size M,3,41000
15-09-2020,Item-20,Pampers Bayi Size M,1,41000
1-09-2020,Item-20,Pampers Bayi Size M,2,41000
12-09-2020,Item-20,Pampers Bayi Size M,4,41000
29-09-2020,Item-10,Biskuit Waver Kaleng,4,24000
4-09-2020,Item-10,Biskuit Waver Kaleng,4,24000
8-09-2020,Item-10,Biskuit Waver Kaleng,2,24000
3-09-2020,Item-10,Biskuit Waver Kaleng,2,24000
30-09-2020,Item-10,Biskuit Waver Kaleng,2,24000
23-09-2020,Item-10,Biskuit Waver Kaleng,1,24000
6-09-2020,Item-10,Biskuit Waver Kaleng,1,24000
3-09-2020,Item-10,Biskuit Waver Kaleng,4,24000
3-09-2020,Item-10,Biskuit Waver Kaleng,3,24000
10-09-2020,Item-09,Roti Tawar,1,12500
5-09-2020,Item-09,Roti Tawar,3,12500
17-09-2020,Item-09,Roti Tawar,1,12500
21-09-2020,Item-09,Roti Tawar,4,12500
15-09-2020,Item-09,Roti Tawar,1,12500
28-09-2020,Item-09,Roti Tawar,4,12500
7-09-2020,Item-09,Roti Tawar,4,12500
6-09-2020,Item-09,Roti Tawar,4,12500
27-09-2020,Item-09,Roti Tawar,2,12500
18-09-2020,Item-09,Roti Tawar,1,12500
9-09-2020,Item-09,Roti Tawar,2,12500
18-09-2020,Item-09,Roti Tawar,4,12500
19-09-2020,Item-09,Roti Tawar,1,12500
1-09-2020,Item-09,Roti Tawar,4,12500
18-09-2020,Item-09,Roti Tawar,2,12500
27-09-2020,Item-09,Roti Tawar,3,12500
16-09-2020,Item-09,Roti Tawar,1,12500
5-09-2020,Item-20,Pampers Bayi Size M,4,41000
18-09-2020,Item-20,Pampers Bayi Size M,3,41000
2-09-2020,Item-20,Pampers Bayi Size M,2,41000
13-09-2020,Item-06,Sabun Mandi Cair 100 ml,3,10500
25-09-2020,Item-06,Sabun Mandi Cair 100 ml,4,10500
20-09-2020,Item-20,Pampers Bayi Size M,4,41000
23-09-2020,Item-20,Pampers Bayi Size M,1,41000
19-09-2020,Item-20,Pampers Bayi Size M,2,41000
4-09-2020,Item-02,Bawang Putih 200 gram,3,15000
13-09-2020,Item-05,Mi Goreng Instant,2,2600
11-09-2020,Item-05,Mi Goreng Instant,4,2600
27-09-2020,Item-05,Mi Goreng Instant,2,2600
28-09-2020,Item-05,Mi Goreng Instant,3,2600
28-09-2020,Item-05,Mi Goreng Instant,4,2600
13-09-2020,Item-05,Mi Goreng Instant,1,2600
3-09-2020,Item-05,Mi Goreng Instant,4,2600
18-09-2020,Item-05,Mi Goreng Instant,1,2600
4-09-2020,Item-05,Mi Goreng Instant,2,2600
15-09-2020,Item-05,Mi Goreng Instant,2,2600
16-09-2020,Item-05,Mi Goreng Instant,2,2600
19-09-2020,Item-05,Mi Goreng Instant,1,2600
24-09-2020,Item-05,Mi Goreng Instant,1,2600
7-09-2020,Item-06,Sabun Mandi Cair 100 ml,2,10500
18-09-2020,Item-06,Sabun Mandi Cair 100 ml,2,10500
12-09-2020,Item-06,Sabun Mandi Cair 100 ml,1,10500
23-09-2020,Item-06,Sabun Mandi Cair 100 ml,3,10500
20-09-2020,Item-06,Sabun Mandi Cair 100 ml,2,10500
8-09-2020,Item-06,Sabun Mandi Cair 100 ml,2,10500
23-09-2020,Item-06,Sabun Mandi Cair 100 ml,4,10500
10-09-2020,Item-06,Sabun Mandi Cair 100 ml,1,10500
15-09-2020,Item-01,Batere AA,3,12000
18-09-2020,Item-01,Batere AA,2,12000
8-09-2020,Item-01,Batere AA,1,12000
14-09-2020,Item-01,Batere AA,2,12000
6-09-2020,Item-01,Batere AA,3,12000
16-09-2020,Item-01,Batere AA,1,12000
4-09-2020,Item-04,Kopi Instant,4,5200
5-09-2020,Item-04,Kopi Instant,2,5200
16-09-2020,Item-04,Kopi Instant,3,5200
23-09-2020,Item-04,Kopi Instant,3,5200
29-09-2020,Item-04,Kopi Instant,2,5200
11-09-2020,Item-04,Kopi Instant,2,5200
26-09-2020,Item-04,Kopi Instant,4,5200
7-09-2020,Item-04,Kopi Instant,1,5200
5-09-2020,Item-04,Kopi Instant,4,5200
21-09-2020,Item-04,Kopi Instant,3,5200
28-09-2020,Item-04,Kopi Instant,2,5200
25-09-2020,Item-04,Kopi Instant,2,5200
3-09-2020,Item-04,Kopi Instant,4,5200
30-09-2020,Item-04,Kopi Instant,1,5200
20-09-2020,Item-04,Kopi Instant,1,5200
2-09-2020,Item-04,Kopi Instant,4,5200
6-09-2020,Item-03,Gula Pasir Putih 1 kg,4,12500
11-09-2020,Item-03,Gula Pasir Putih 1 kg,4,12500
5-09-2020,Item-03,Gula Pasir Putih 1 kg,1,12500
10-09-2020,Item-03,Gula Pasir Putih 1 kg,1,12500
22-09-2020,Item-08,Vitamin C,4,2000
11-09-2020,Item-08,Vitamin C,2,2000
27-09-2020,Item-03,Gula Pasir Putih 1 kg,3,12500
7-09-2020,Item-08,Vitamin C,1,2000
10-09-2020,Item-03,Gula Pasir Putih 1 kg,1,12500
30-09-2020,Item-08,Vitamin C,4,2000
26-09-2020,Item-08,Vitamin C,3,2000
18-09-2020,Item-03,Gula Pasir Putih 1 kg,1,12500
27-09-2020,Item-08,Vitamin C,1,2000
4-09-2020,Item-03,Gula Pasir Putih 1 kg,3,12500
27-09-2020,Item-08,Vitamin C,4,2000
17-09-2020,Item-03,Gula Pasir Putih 1 kg,3,12500
22-09-2020,Item-08,Vitamin C,3,2000
21-09-2020,Item-08,Vitamin C,1,2000
13-09-2020,Item-03,Gula Pasir Putih 1 kg,3,12500
9-09-2020,Item-20,Pampers Bayi Size M,3,41000
11-09-2020,Item-03,Gula Pasir Putih 1 kg,3,12500
15-09-2020,Item-03,Gula Pasir Putih 1 kg,2,12500
15-09-2020,Item-03,Gula Pasir Putih 1 kg,3,12500
2-09-2020,Item-03,Gula Pasir Putih 1 kg,4,12500
15-09-2020,Item-20,Pampers Bayi Size M,1,41000
20-09-2020,Item-03,Gula Pasir Putih 1 kg,3,12500
23-09-2020,Item-03,Gula Pasir Putih 1 kg,2,12500
3-09-2020,Item-20,Pampers Bayi Size M,2,41000
2-09-2020,Item-03,Gula Pasir Putih 1 kg,2,12500
9-09-2020,Item-03,Gula Pasir Putih 1 kg,4,12500
19-09-2020,Item-20,Pampers Bayi Size M,3,41000
11-09-2020,Item-03,Gula Pasir Putih 1 kg,3,12500
24-09-2020,Item-03,Gula Pasir Putih 1 kg,3,12500
23-09-2020,Item-20,Pampers Bayi Size M,2,41000
5-09-2020,Item-03,Gula Pasir Putih 1 kg,1,12500
18-09-2020,Item-06,Sabun Mandi Cair 100 ml,2,10500
1-09-2020,Item-20,Pampers Bayi Size M,1,41000
6-09-2020,Item-06,Sabun Mandi Cair 100 ml,3,10500
28-09-2020,Item-05,Mi Goreng Instant,1,2600
13-09-2020,Item-05,Mi Goreng Instant,2,2600
22-09-2020,Item-05,Mi Goreng Instant,1,2600
23-09-2020,Item-05,Mi Goreng Instant,1,2600
13-09-2020,Item-05,Mi Goreng Instant,3,2600
4-09-2020,Item-05,Mi Goreng Instant,3,2600
22-09-2020,Item-05,Mi Goreng Instant,2,2600
24-09-2020,Item-05,Mi Goreng Instant,1,2600
18-09-2020,Item-05,Mi Goreng Instant,4,2600
6-09-2020,Item-05,Mi Goreng Instant,1,2600
4-09-2020,Item-05,Mi Goreng Instant,4,2600
18-09-2020,Item-05,Mi Goreng Instant,4,2600
16-09-2020,Item-05,Mi Goreng Instant,2,2600
5-09-2020,Item-05,Mi Goreng Instant,4,2600
6-09-2020,Item-05,Mi Goreng Instant,1,2600
26-09-2020,Item-05,Mi Goreng Instant,3,2600
12-09-2020,Item-05,Mi Goreng Instant,2,2600
14-09-2020,Item-06,Sabun Mandi Cair 100 ml,1,10500
19-09-2020,Item-06,Sabun Mandi Cair 100 ml,4,10500
14-09-2020,Item-06,Sabun Mandi Cair 100 ml,3,10500
30-09-2020,Item-06,Sabun Mandi Cair 100 ml,2,10500
21-09-2020,Item-06,Sabun Mandi Cair 100 ml,1,10500
13-09-2020,Item-06,Sabun Mandi Cair 100 ml,1,10500
10-09-2020,Item-06,Sabun Mandi Cair 100 ml,4,10500
30-09-2020,Item-06,Sabun Mandi Cair 100 ml,2,10500
11-09-2020,Item-06,Sabun Mandi Cair 100 ml,4,10500
2-09-2020,Item-06,Sabun Mandi Cair 100 ml,4,10500
30-09-2020,Item-06,Sabun Mandi Cair 100 ml,1,10500
2-09-2020,Item-06,Sabun Mandi Cair 100 ml,1,10500
5-09-2020,Item-06,Sabun Mandi Cair 100 ml,1,10500
16-09-2020,Item-06,Sabun Mandi Cair 100 ml,4,10500
18-09-2020,Item-01,Batere AA,2,12000
27-09-2020,Item-01,Batere AA,4,12000
18-09-2020,Item-01,Batere AA,2,12000
26-09-2020,Item-01,Batere AA,4,12000
30-09-2020,Item-01,Batere AA,3,12000
2-09-2020,Item-01,Batere AA,1,12000
9-09-2020,Item-01,Batere AA,4,12000
26-09-2020,Item-01,Batere AA,4,12000
7-09-2020,Item-04,Kopi Instant,4,5200
3-09-2020,Item-04,Kopi Instant,1,5200
26-09-2020,Item-04,Kopi Instant,2,5200
22-09-2020,Item-04,Kopi Instant,1,5200
3-09-2020,Item-04,Kopi Instant,1,5200
11-09-2020,Item-04,Kopi Instant,2,5200
21-09-2020,Item-04,Kopi Instant,1,5200
13-09-2020,Item-03,Gula Pasir Putih 1 kg,2,12500
11-09-2020,Item-03,Gula Pasir Putih 1 kg,1,12500
18-09-2020,Item-03,Gula Pasir Putih 1 kg,2,12500
9-09-2020,Item-03,Gula Pasir Putih 1 kg,3,12500
12-09-2020,Item-03,Gula Pasir Putih 1 kg,4,12500
18-09-2020,Item-03,Gula Pasir Putih 1 kg,2,12500
14-09-2020,Item-03,Gula Pasir Putih 1 kg,2,12500
23-09-2020,Item-08,Vitamin C,3,2000
22-09-2020,Item-03,Gula Pasir Putih 1 kg,3,12500
26-09-2020,Item-09,Roti Tawar,2,12500
5-09-2020,Item-09,Roti Tawar,2,12500
24-09-2020,Item-03,Gula Pasir Putih 1 kg,4,12500
29-09-2020,Item-09,Roti Tawar,2,12500
27-09-2020,Item-09,Roti Tawar,1,12500
2-09-2020,Item-03,Gula Pasir Putih 1 kg,1,12500
26-09-2020,Item-09,Roti Tawar,2,12500
26-09-2020,Item-03,Gula Pasir Putih 1 kg,1,12500
5-09-2020,Item-03,Gula Pasir Putih 1 kg,2,12500
23-09-2020,Item-03,Gula Pasir Putih 1 kg,1,12500
16-09-2020,Item-03,Gula Pasir Putih 1 kg,1,12500
13-09-2020,Item-03,Gula Pasir Putih 1 kg,1,12500
13-09-2020,Item-03,Gula Pasir Putih 1 kg,3,12500
19-09-2020,Item-03,Gula Pasir Putih 1 kg,1,12500
29-09-2020,Item-03,Gula Pasir Putih 1 kg,3,12500
25-09-2020,Item-03,Gula Pasir Putih 1 kg,2,12500
20-09-2020,Item-03,Gula Pasir Putih 1 kg,3,12500
2-09-2020,Item-03,Gula Pasir Putih 1 kg,2,12500
22-09-2020,Item-03,Gula Pasir Putih 1 kg,1,12500
27-09-2020,Item-03,Gula Pasir Putih 1 kg,3,12500
27-09-2020,Item-06,Sabun Mandi Cair 100 ml,4,10500
8-09-2020,Item-06,Sabun Mandi Cair 100 ml,2,10500
26-09-2020,Item-21,Shampoo Sachet,3,1000
30-09-2020,Item-21,Shampoo Sachet,2,1000
5-09-2020,Item-05,Mi Goreng Instant,2,2600
26-09-2020,Item-05,Mi Goreng Instant,4,2600
20-09-2020,Item-05,Mi Goreng Instant,1,2600
22-09-2020,Item-05,Mi Goreng Instant,1,2600
7-09-2020,Item-05,Mi Goreng Instant,4,2600
17-09-2020,Item-05,Mi Goreng Instant,1,2600
13-09-2020,Item-05,Mi Goreng Instant,2,2600
16-09-2020,Item-05,Mi Goreng Instant,3,2600
1-09-2020,Item-05,Mi Goreng Instant,3,2600
30-09-2020,Item-05,Mi Goreng Instant,1,2600
8-09-2020,Item-05,Mi Goreng Instant,4,2600
28-09-2020,Item-06,Sabun Mandi Cair 100 ml,3,10500
23-09-2020,Item-06,Sabun Mandi Cair 100 ml,2,10500
3-09-2020,Item-06,Sabun Mandi Cair 100 ml,4,10500
21-09-2020,Item-06,Sabun Mandi Cair 100 ml,2,10500
19-09-2020,Item-06,Sabun Mandi Cair 100 ml,2,10500
7-09-2020,Item-06,Sabun Mandi Cair 100 ml,1,10500
20-09-2020,Item-06,Sabun Mandi Cair 100 ml,3,10500
14-09-2020,Item-06,Sabun Mandi Cair 100 ml,4,10500
6-09-2020,Item-06,Sabun Mandi Cair 100 ml,1,10500
7-09-2020,Item-06,Sabun Mandi Cair 100 ml,2,10500
11-09-2020,Item-06,Sabun Mandi Cair 100 ml,4,10500
19-09-2020,Item-06,Sabun Mandi Cair 100 ml,3,10500
11-09-2020,Item-06,Sabun Mandi Cair 100 ml,2,10500
18-09-2020,Item-06,Sabun Mandi Cair 100 ml,1,10500
7-09-2020,Item-06,Sabun Mandi Cair 100 ml,1,10500
30-09-2020,Item-06,Sabun Mandi Cair 100 ml,4,10500
30-09-2020,Item-06,Sabun Mandi Cair 100 ml,4,10500
21-09-2020,Item-01,Batere AA,1,12000
7-09-2020,Item-01,Batere AA,4,12000
17-09-2020,Item-01,Batere AA,2,12000
27-09-2020,Item-01,Batere AA,2,12000
25-09-2020,Item-01,Batere AA,3,12000
26-09-2020,Item-01,Batere AA,2,12000
15-09-2020,Item-01,Batere AA,3,12000
30-09-2020,Item-01,Batere AA,2,12000
28-09-2020,Item-04,Kopi Instant,1,5200
18-09-2020,Item-04,Kopi Instant,2,5200
19-09-2020,Item-04,Kopi Instant,4,5200
22-09-2020,Item-04,Kopi Instant,3,5200
23-09-2020,Item-04,Kopi Instant,2,5200
5-09-2020,Item-04,Kopi Instant,4,5200
18-09-2020,Item-04,Kopi Instant,3,5200
8-09-2020,Item-21,Shampoo Sachet,3,1000
22-09-2020,Item-03,Gula Pasir Putih 1 kg,3,12500
29-09-2020,Item-03,Gula Pasir Putih 1 kg,3,12500
5-09-2020,Item-03,Gula Pasir Putih 1 kg,2,12500
12-09-2020,Item-03,Gula Pasir Putih 1 kg,2,12500
5-09-2020,Item-03,Gula Pasir Putih 1 kg,4,12500
3-09-2020,Item-03,Gula Pasir Putih 1 kg,2,12500
20-09-2020,Item-03,Gula Pasir Putih 1 kg,3,12500
11-09-2020,Item-03,Gula Pasir Putih 1 kg,3,12500
2-09-2020,Item-03,Gula Pasir Putih 1 kg,3,12500
6-09-2020,Item-03,Gula Pasir Putih 1 kg,2,12500
13-09-2020,Item-03,Gula Pasir Putih 1 kg,2,12500
16-09-2020,Item-03,Gula Pasir Putih 1 kg,1,12500
30-09-2020,Item-03,Gula Pasir Putih 1 kg,3,12500
26-09-2020,Item-03,Gula Pasir Putih 1 kg,2,12500
7-09-2020,Item-03,Gula Pasir Putih 1 kg,1,12500
9-09-2020,Item-03,Gula Pasir Putih 1 kg,2,12500
20-09-2020,Item-03,Gula Pasir Putih 1 kg,2,12500
15-09-2020,Item-03,Gula Pasir Putih 1 kg,4,12500
26-09-2020,Item-03,Gula Pasir Putih 1 kg,3,12500
21-09-2020,Item-03,Gula Pasir Putih 1 kg,1,12500
16-09-2020,Item-08,Vitamin C,3,2000
8-09-2020,Item-03,Gula Pasir Putih 1 kg,1,12500
29-09-2020,Item-03,Gula Pasir Putih 1 kg,4,12500
1-09-2020,Item-08,Vitamin C,3,2000
22-09-2020,Item-03,Gula Pasir Putih 1 kg,1,12500
4-09-2020,Item-08,Vitamin C,3,2000
29-09-2020,Item-03,Gula Pasir Putih 1 kg,2,12500
7-09-2020,Item-08,Vitamin C,1,2000
16-09-2020,Item-03,Gula Pasir Putih 1 kg,3,12500
15-09-2020,Item-03,Gula Pasir Putih 1 kg,1,12500
25-09-2020,Item-03,Gula Pasir Putih 1 kg,3,12500
15-09-2020,Item-06,Sabun Mandi Cair 100 ml,2,10500
24-09-2020,Item-06,Sabun Mandi Cair 100 ml,1,10500
26-09-2020,Item-02,Bawang Putih 200 gram,3,15000
25-09-2020,Item-05,Mi Goreng Instant,2,2600
3-09-2020,Item-05,Mi Goreng Instant,3,2600
30-09-2020,Item-05,Mi Goreng Instant,2,2600
7-09-2020,Item-05,Mi Goreng Instant,4,2600
25-09-2020,Item-05,Mi Goreng Instant,4,2600
16-09-2020,Item-05,Mi Goreng Instant,4,2600
23-09-2020,Item-05,Mi Goreng Instant,2,2600
5-09-2020,Item-05,Mi Goreng Instant,2,2600
24-09-2020,Item-05,Mi Goreng Instant,3,2600
4-09-2020,Item-05,Mi Goreng Instant,4,2600
22-09-2020,Item-05,Mi Goreng Instant,4,2600
2-09-2020,Item-05,Mi Goreng Instant,1,2600
7-09-2020,Item-05,Mi Goreng Instant,1,2600
3-09-2020,Item-05,Mi Goreng Instant,4,2600
29-09-2020,Item-05,Mi Goreng Instant,2,2600
22-09-2020,Item-06,Sabun Mandi Cair 100 ml,2,10500
18-09-2020,Item-06,Sabun Mandi Cair 100 ml,2,10500
1-09-2020,Item-06,Sabun Mandi Cair 100 ml,2,10500
16-09-2020,Item-06,Sabun Mandi Cair 100 ml,3,10500
16-09-2020,Item-06,Sabun Mandi Cair 100 ml,1,10500
16-09-2020,Item-06,Sabun Mandi Cair 100 ml,2,10500
20-09-2020,Item-06,Sabun Mandi Cair 100 ml,4,10500
7-09-2020,Item-01,Batere AA,3,12000
25-09-2020,Item-01,Batere AA,4,12000
24-09-2020,Item-01,Batere AA,1,12000
16-09-2020,Item-01,Batere AA,1,12000
18-09-2020,Item-01,Batere AA,1,12000
24-09-2020,Item-01,Batere AA,3,12000
12-09-2020,Item-01,Batere AA,1,12000
12-09-2020,Item-04,Kopi Instant,1,5200
19-09-2020,Item-04,Kopi Instant,4,5200
1-09-2020,Item-04,Kopi Instant,2,5200
18-09-2020,Item-04,Kopi Instant,4,5200
9-09-2020,Item-04,Kopi Instant,3,5200
27-09-2020,Item-04,Kopi Instant,3,5200
27-09-2020,Item-04,Kopi Instant,1,5200
2-09-2020,Item-04,Kopi Instant,2,5200
29-09-2020,Item-04,Kopi Instant,2,5200
12-09-2020,Item-04,Kopi Instant,4,5200
28-09-2020,Item-04,Kopi Instant,1,5200
12-09-2020,Item-04,Kopi Instant,2,5200
17-09-2020,Item-04,Kopi Instant,2,5200
28-09-2020,Item-04,Kopi Instant,2,5200
14-09-2020,Item-04,Kopi Instant,2,5200
26-09-2020,Item-04,Kopi Instant,2,5200
16-09-2020,Item-04,Kopi Instant,2,5200
13-09-2020,Item-04,Kopi Instant,1,5200
24-09-2020,Item-04,Kopi Instant,1,5200
14-09-2020,Item-03,Gula Pasir Putih 1 kg,1,12500
7-09-2020,Item-03,Gula Pasir Putih 1 kg,4,12500
10-09-2020,Item-03,Gula Pasir Putih 1 kg,1,12500
8-09-2020,Item-03,Gula Pasir Putih 1 kg,1,12500
6-09-2020,Item-03,Gula Pasir Putih 1 kg,1,12500
6-09-2020,Item-03,Gula Pasir Putih 1 kg,3,12500
27-09-2020,Item-03,Gula Pasir Putih 1 kg,2,12500
9-09-2020,Item-03,Gula Pasir Putih 1 kg,2,12500
16-09-2020,Item-03,Gula Pasir Putih 1 kg,2,12500
29-09-2020,Item-03,Gula Pasir Putih 1 kg,3,12500
24-09-2020,Item-03,Gula Pasir Putih 1 kg,4,12500
28-09-2020,Item-03,Gula Pasir Putih 1 kg,1,12500
11-09-2020,Item-03,Gula Pasir Putih 1 kg,3,12500
23-09-2020,Item-03,Gula Pasir Putih 1 kg,4,12500
13-09-2020,Item-03,Gula Pasir Putih 1 kg,3,12500
30-09-2020,Item-03,Gula Pasir Putih 1 kg,3,12500
18-09-2020,Item-03,Gula Pasir Putih 1 kg,3,12500
14-09-2020,Item-03,Gula Pasir Putih 1 kg,2,12500
27-09-2020,Item-03,Gula Pasir Putih 1 kg,4,12500
23-09-2020,Item-03,Gula Pasir Putih 1 kg,2,12500
11-09-2020,Item-03,Gula Pasir Putih 1 kg,4,12500
30-09-2020,Item-03,Gula Pasir Putih 1 kg,2,12500
19-09-2020,Item-03,Gula Pasir Putih 1 kg,3,12500
3-09-2020,Item-06,Sabun Mandi Cair 100 ml,2,10500
19-09-2020,Item-06,Sabun Mandi Cair 100 ml,4,10500
9-09-2020,Item-06,Sabun Mandi Cair 100 ml,1,10500
27-09-2020,Item-06,Sabun Mandi Cair 100 ml,1,10500
16-09-2020,Item-06,Sabun Mandi Cair 100 ml,1,10500
9-09-2020,Item-06,Sabun Mandi Cair 100 ml,2,10500
20-09-2020,Item-06,Sabun Mandi Cair 100 ml,4,10500
2-09-2020,Item-06,Sabun Mandi Cair 100 ml,3,10500
5-09-2020,Item-02,Bawang Putih 200 gram,2,15000
25-09-2020,Item-05,Mi Goreng Instant,2,2600
19-09-2020,Item-05,Mi Goreng Instant,1,2600
22-09-2020,Item-05,Mi Goreng Instant,1,2600
6-09-2020,Item-05,Mi Goreng Instant,1,2600
11-09-2020,Item-05,Mi Goreng Instant,3,2600
25-09-2020,Item-05,Mi Goreng Instant,2,2600
14-09-2020,Item-05,Mi Goreng Instant,1,2600
12-09-2020,Item-05,Mi Goreng Instant,3,2600
2-09-2020,Item-05,Mi Goreng Instant,3,2600
10-09-2020,Item-05,Mi Goreng Instant,2,2600
20-09-2020,Item-06,Sabun Mandi Cair 100 ml,2,10500
10-09-2020,Item-06,Sabun Mandi Cair 100 ml,2,10500
10-09-2020,Item-06,Sabun Mandi Cair 100 ml,4,10500
23-09-2020,Item-06,Sabun Mandi Cair 100 ml,1,10500
2-09-2020,Item-06,Sabun Mandi Cair 100 ml,3,10500
3-09-2020,Item-06,Sabun Mandi Cair 100 ml,3,10500
2-09-2020,Item-06,Sabun Mandi Cair 100 ml,2,10500
21-09-2020,Item-06,Sabun Mandi Cair 100 ml,2,10500
17-09-2020,Item-06,Sabun Mandi Cair 100 ml,3,10500
8-09-2020,Item-06,Sabun Mandi Cair 100 ml,4,10500
30-09-2020,Item-06,Sabun Mandi Cair 100 ml,4,10500
4-09-2020,Item-06,Sabun Mandi Cair 100 ml,1,10500
14-09-2020,Item-01,Batere AA,3,12000
18-09-2020,Item-01,Batere AA,2,12000
12-09-2020,Item-01,Batere AA,1,12000
10-09-2020,Item-04,Kopi Instant,1,5200
3-09-2020,Item-04,Kopi Instant,2,5200
17-09-2020,Item-04,Kopi Instant,1,5200
11-09-2020,Item-04,Kopi Instant,3,5200
7-09-2020,Item-04,Kopi Instant,4,5200
19-09-2020,Item-04,Kopi Instant,3,5200
30-09-2020,Item-04,Kopi Instant,2,5200
3-09-2020,Item-04,Kopi Instant,3,5200
10-09-2020,Item-04,Kopi Instant,3,5200
16-09-2020,Item-04,Kopi Instant,4,5200
8-09-2020,Item-04,Kopi Instant,4,5200
20-09-2020,Item-04,Kopi Instant,2,5200
13-09-2020,Item-04,Kopi Instant,4,5200
14-09-2020,Item-04,Kopi Instant,2,5200
22-09-2020,Item-04,Kopi Instant,3,5200
14-09-2020,Item-04,Kopi Instant,2,5200
17-09-2020,Item-04,Kopi Instant,3,5200
2-09-2020,Item-04,Kopi Instant,4,5200
15-09-2020,Item-04,Kopi Instant,2,5200
24-09-2020,Item-08,Vitamin C,3,2000
12-09-2020,Item-08,Vitamin C,1,2000
16-09-2020,Item-08,Vitamin C,2,2000
15-09-2020,Item-08,Vitamin C,1,2000
2-09-2020,Item-26,Susu Bubuk 195g,7,45000
10-09-2020,Item-26,Susu Bubuk 195g,11,45000
28-09-2020,Item-26,Susu Bubuk 195g,2,45000
20-09-2020,Item-03,Gula Pasir Putih 1 kg,1,12500
3-09-2020,Item-03,Gula Pasir Putih 1 kg,1,12500
6-09-2020,Item-03,Gula Pasir Putih 1 kg,1,12500
17-09-2020,Item-03,Gula Pasir Putih 1 kg,3,12500
8-09-2020,Item-03,Gula Pasir Putih 1 kg,3,12500
14-09-2020,Item-03,Gula Pasir Putih 1 kg,1,12500
18-09-2020,Item-03,Gula Pasir Putih 1 kg,1,12500
4-09-2020,Item-03,Gula Pasir Putih 1 kg,3,12500
2-09-2020,Item-03,Gula Pasir Putih 1 kg,4,12500
12-09-2020,Item-03,Gula Pasir Putih 1 kg,3,12500
16-09-2020,Item-03,Gula Pasir Putih 1 kg,2,12500
12-09-2020,Item-06,Sabun Mandi Cair 100 ml,1,10500
26-09-2020,Item-06,Sabun Mandi Cair 100 ml,4,10500
11-09-2020,Item-06,Sabun Mandi Cair 100 ml,2,10500
23-09-2020,Item-01,Batere AA,4,12000
16-09-2020,Item-01,Batere AA,4,12000
24-09-2020,Item-01,Batere AA,1,12000
20-09-2020,Item-05,Mi Goreng Instant,1,2600
5-09-2020,Item-05,Mi Goreng Instant,2,2600
30-09-2020,Item-05,Mi Goreng Instant,4,2600
11-09-2020,Item-05,Mi Goreng Instant,2,2600
22-09-2020,Item-05,Mi Goreng Instant,2,2600
24-09-2020,Item-05,Mi Goreng Instant,1,2600
10-09-2020,Item-05,Mi Goreng Instant,2,2600
13-09-2020,Item-05,Mi Goreng Instant,2,2600
29-09-2020,Item-05,Mi Goreng Instant,1,2600
3-09-2020,Item-05,Mi Goreng Instant,1,2600
20-09-2020,Item-05,Mi Goreng Instant,4,2600
11-09-2020,Item-01,Batere AA,1,12000
21-09-2020,Item-01,Batere AA,2,12000
19-09-2020,Item-04,Kopi Instant,3,5200
10-09-2020,Item-04,Kopi Instant,1,5200
24-09-2020,Item-04,Kopi Instant,4,5200
7-09-2020,Item-04,Kopi Instant,4,5200
2-09-2020,Item-04,Kopi Instant,3,5200
26-09-2020,Item-04,Kopi Instant,1,5200
2-09-2020,Item-04,Kopi Instant,2,5200
1-09-2020,Item-04,Kopi Instant,4,5200
7-09-2020,Item-04,Kopi Instant,4,5200
13-09-2020,Item-04,Kopi Instant,3,5200
23-09-2020,Item-04,Kopi Instant,2,5200
26-09-2020,Item-04,Kopi Instant,4,5200
10-09-2020,Item-04,Kopi Instant,1,5200
19-09-2020,Item-04,Kopi Instant,2,5200
1-09-2020,Item-21,Shampoo Sachet,2,1000
28-09-2020,Item-21,Shampoo Sachet,2,1000
11-09-2020,Item-21,Shampoo Sachet,3,1000
17-09-2020,Item-21,Shampoo Sachet,3,1000
30-09-2020,Item-21,Shampoo Sachet,1,1000
10-09-2020,Item-21,Shampoo Sachet,2,1000
15-09-2020,Item-21,Shampoo Sachet,3,1000
17-09-2020,Item-21,Shampoo Sachet,4,1000
21-09-2020,Item-21,Shampoo Sachet,4,1000
21-09-2020,Item-21,Shampoo Sachet,4,1000
3-09-2020,Item-21,Shampoo Sachet,2,1000
24-09-2020,Item-21,Shampoo Sachet,1,1000
19-09-2020,Item-21,Shampoo Sachet,4,1000
5-09-2020,Item-21,Shampoo Sachet,4,1000
18-09-2020,Item-21,Shampoo Sachet,1,1000
30-09-2020,Item-06,Sabun Mandi Cair 100 ml,3,10500
22-09-2020,Item-06,Sabun Mandi Cair 100 ml,1,10500
17-09-2020,Item-06,Sabun Mandi Cair 100 ml,1,10500
24-09-2020,Item-06,Sabun Mandi Cair 100 ml,2,10500
13-09-2020,Item-06,Sabun Mandi Cair 100 ml,2,10500
4-09-2020,Item-04,Kopi Instant,3,5200
11-09-2020,Item-04,Kopi Instant,1,5200
13-09-2020,Item-04,Kopi Instant,2,5200
11-09-2020,Item-04,Kopi Instant,3,5200
20-09-2020,Item-04,Kopi Instant,2,5200
2-09-2020,Item-04,Kopi Instant,1,5200
24-09-2020,Item-21,Shampoo Sachet,2,1000
16-09-2020,Item-21,Shampoo Sachet,4,1000
6-09-2020,Item-21,Shampoo Sachet,4,1000
21-09-2020,Item-21,Shampoo Sachet,3,1000
20-09-2020,Item-21,Shampoo Sachet,4,1000
11-09-2020,Item-21,Shampoo Sachet,2,1000
12-09-2020,Item-21,Shampoo Sachet,2,1000
7-09-2020,Item-21,Shampoo Sachet,3,1000
6-09-2020,Item-21,Shampoo Sachet,4,1000
12-09-2020,Item-21,Shampoo Sachet,1,1000
16-09-2020,Item-21,Shampoo Sachet,3,1000
17-09-2020,Item-21,Shampoo Sachet,2,1000
30-09-2020,Item-21,Shampoo Sachet,2,1000
2-09-2020,Item-21,Shampoo Sachet,2,1000
30-09-2020,Item-21,Shampoo Sachet,2,1000
10-09-2020,Item-21,Shampoo Sachet,4,1000
2-09-2020,Item-21,Shampoo Sachet,4,1000
21-09-2020,Item-21,Shampoo Sachet,2,1000
1-09-2020,Item-21,Shampoo Sachet,4,1000
16-09-2020,Item-21,Shampoo Sachet,4,1000
4-09-2020,Item-21,Shampoo Sachet,4,1000
5-09-2020,Item-21,Shampoo Sachet,2,1000
14-09-2020,Item-21,Shampoo Sachet,4,1000
18-09-2020,Item-05,Mi Goreng Instant,2,2600
3-09-2020,Item-05,Mi Goreng Instant,2,2600
7-09-2020,Item-05,Mi Goreng Instant,2,2600
9-09-2020,Item-05,Mi Goreng Instant,1,2600
16-09-2020,Item-05,Mi Goreng Instant,3,2600
10-09-2020,Item-05,Mi Goreng Instant,1,2600
22-09-2020,Item-05,Mi Goreng Instant,1,2600
24-09-2020,Item-21,Shampoo Sachet,2,1000
19-09-2020,Item-21,Shampoo Sachet,4,1000
10-09-2020,Item-21,Shampoo Sachet,4,1000
2-09-2020,Item-21,Shampoo Sachet,1,1000
29-09-2020,Item-21,Shampoo Sachet,2,1000
20-09-2020,Item-21,Shampoo Sachet,2,1000
15-09-2020,Item-21,Shampoo Sachet,4,1000
3-09-2020,Item-21,Shampoo Sachet,3,1000
2-09-2020,Item-21,Shampoo Sachet,3,1000
8-09-2020,Item-21,Shampoo Sachet,1,1000
24-09-2020,Item-21,Shampoo Sachet,4,1000
11-09-2020,Item-21,Shampoo Sachet,2,1000
7-09-2020,Item-21,Shampoo Sachet,4,1000
9-09-2020,Item-21,Shampoo Sachet,2,1000
16-09-2020,Item-21,Shampoo Sachet,1,1000
29-09-2020,Item-21,Shampoo Sachet,2,1000
14-09-2020,Item-21,Shampoo Sachet,2,1000
29-09-2020,Item-21,Shampoo Sachet,4,1000
27-09-2020,Item-21,Shampoo Sachet,3,1000
27-09-2020,Item-21,Shampoo Sachet,2,1000
24-09-2020,Item-21,Shampoo Sachet,1,1000
14-09-2020,Item-21,Shampoo Sachet,4,1000
21-09-2020,Item-21,Shampoo Sachet,1,1000
8-09-2020,Item-21,Shampoo Sachet,2,1000
19-09-2020,Item-21,Shampoo Sachet,4,1000
30-09-2020,Item-21,Shampoo Sachet,4,1000
16-09-2020,Item-21,Shampoo Sachet,1,1000
8-09-2020,Item-21,Shampoo Sachet,2,1000
29-09-2020,Item-21,Shampoo Sachet,4,1000
3-09-2020,Item-21,Shampoo Sachet,3,1000
18-09-2020,Item-21,Shampoo Sachet,1,1000
28-09-2020,Item-21,Shampoo Sachet,2,1000
23-09-2020,Item-21,Shampoo Sachet,1,1000
3-09-2020,Item-21,Shampoo Sachet,4,1000
12-09-2020,Item-21,Shampoo Sachet,4,1000
21-09-2020,Item-21,Shampoo Sachet,2,1000
8-09-2020,Item-09,Roti Tawar,1,12500
26-09-2020,Item-21,Shampoo Sachet,3,1000
23-09-2020,Item-21,Shampoo Sachet,1,1000
12-09-2020,Item-21,Shampoo Sachet,1,1000
17-09-2020,Item-21,Shampoo Sachet,1,1000
20-09-2020,Item-21,Shampoo Sachet,4,1000
24-09-2020,Item-21,Shampoo Sachet,2,1000
26-09-2020,Item-21,Shampoo Sachet,3,1000
12-09-2020,Item-21,Shampoo Sachet,3,1000
22-09-2020,Item-21,Shampoo Sachet,2,1000
7-09-2020,Item-02,Bawang Putih 200 gram,2,15000
15-09-2020,Item-02,Bawang Putih 200 gram,2,15000
15-09-2020,Item-02,Bawang Putih 200 gram,3,15000
24-09-2020,Item-02,Bawang Putih 200 gram,3,15000
4-09-2020,Item-02,Bawang Putih 200 gram,1,15000
13-09-2020,Item-02,Bawang Putih 200 gram,2,15000
25-09-2020,Item-02,Bawang Putih 200 gram,3,15000
8-09-2020,Item-02,Bawang Putih 200 gram,4,15000
20-09-2020,Item-02,Bawang Putih 200 gram,4,15000
23-09-2020,Item-02,Bawang Putih 200 gram,4,15000
17-09-2020,Item-02,Bawang Putih 200 gram,2,15000
23-09-2020,Item-02,Bawang Putih 200 gram,1,15000
22-09-2020,Item-02,Bawang Putih 200 gram,4,15000
27-09-2020,Item-02,Bawang Putih 200 gram,4,15000
15-09-2020,Item-02,Bawang Putih 200 gram,1,15000
17-09-2020,Item-02,Bawang Putih 200 gram,2,15000
2-09-2020,Item-02,Bawang Putih 200 gram,4,15000
15-09-2020,Item-02,Bawang Putih 200 gram,4,15000
23-09-2020,Item-02,Bawang Putih 200 gram,3,15000
7-09-2020,Item-02,Bawang Putih 200 gram,4,15000
2-09-2020,Item-02,Bawang Putih 200 gram,2,15000
11-09-2020,Item-02,Bawang Putih 200 gram,2,15000
12-09-2020,Item-02,Bawang Putih 200 gram,3,15000
20-09-2020,Item-02,Bawang Putih 200 gram,4,15000
23-09-2020,Item-02,Bawang Putih 200 gram,1,15000
22-09-2020,Item-02,Bawang Putih 200 gram,3,15000
21-09-2020,Item-02,Bawang Putih 200 gram,2,15000
11-09-2020,Item-02,Bawang Putih 200 gram,2,15000
24-09-2020,Item-02,Bawang Putih 200 gram,2,15000
22-09-2020,Item-02,Bawang Putih 200 gram,2,15000
18-09-2020,Item-02,Bawang Putih 200 gram,4,15000
8-09-2020,Item-02,Bawang Putih 200 gram,4,15000
26-09-2020,Item-02,Bawang Putih 200 gram,2,15000
7-09-2020,Item-02,Bawang Putih 200 gram,4,15000
7-09-2020,Item-02,Bawang Putih 200 gram,4,15000
20-09-2020,Item-02,Bawang Putih 200 gram,4,15000
3-09-2020,Item-02,Bawang Putih 200 gram,2,15000
7-09-2020,Item-02,Bawang Putih 200 gram,4,15000
10-09-2020,Item-02,Bawang Putih 200 gram,2,15000
18-09-2020,Item-02,Bawang Putih 200 gram,4,15000
16-09-2020,Item-02,Bawang Putih 200 gram,4,15000
12-09-2020,Item-02,Bawang Putih 200 gram,1,15000
27-09-2020,Item-02,Bawang Putih 200 gram,2,15000
11-09-2020,Item-02,Bawang Putih 200 gram,2,15000
26-09-2020,Item-02,Bawang Putih 200 gram,4,15000
17-09-2020,Item-02,Bawang Putih 200 gram,3,15000
16-09-2020,Item-02,Bawang Putih 200 gram,3,15000
6-09-2020,Item-02,Bawang Putih 200 gram,1,15000
23-09-2020,Item-02,Bawang Putih 200 gram,4,15000
2-09-2020,Item-02,Bawang Putih 200 gram,2,15000
13-09-2020,Item-02,Bawang Putih 200 gram,4,15000
13-09-2020,Item-02,Bawang Putih 200 gram,2,15000
17-09-2020,Item-02,Bawang Putih 200 gram,1,15000
20-09-2020,Item-02,Bawang Putih 200 gram,2,15000
13-09-2020,Item-02,Bawang Putih 200 gram,2,15000
27-09-2020,Item-02,Bawang Putih 200 gram,4,15000
2-09-2020,Item-02,Bawang Putih 200 gram,3,15000
5-09-2020,Item-02,Bawang Putih 200 gram,2,15000
28-09-2020,Item-02,Bawang Putih 200 gram,1,15000
18-09-2020,Item-02,Bawang Putih 200 gram,4,15000
6-09-2020,Item-02,Bawang Putih 200 gram,1,15000
12-09-2020,Item-02,Bawang Putih 200 gram,2,15000
12-09-2020,Item-02,Bawang Putih 200 gram,4,15000
13-09-2020,Item-02,Bawang Putih 200 gram,4,15000
5-09-2020,Item-02,Bawang Putih 200 gram,1,15000
14-09-2020,Item-02,Bawang Putih 200 gram,2,15000
3-09-2020,Item-02,Bawang Putih 200 gram,4,15000
23-09-2020,Item-02,Bawang Putih 200 gram,3,15000
15-09-2020,Item-27,Bedak Bayi,8,25000
3-09-2020,Item-02,Bawang Putih 200 gram,1,15000
22-09-2020,Item-02,Bawang Putih 200 gram,2,15000
22-09-2020,Item-02,Bawang Putih 200 gram,1,15000
5-09-2020,Item-02,Bawang Putih 200 gram,4,15000
26-09-2020,Item-02,Bawang Putih 200 gram,4,15000
19-09-2020,Item-02,Bawang Putih 200 gram,2,15000
3-09-2020,Item-02,Bawang Putih 200 gram,3,15000
18-09-2020,Item-02,Bawang Putih 200 gram,1,15000
10-09-2020,Item-02,Bawang Putih 200 gram,1,15000
5-09-2020,Item-02,Bawang Putih 200 gram,1,15000
14-09-2020,Item-02,Bawang Putih 200 gram,4,15000
28-09-2020,Item-02,Bawang Putih 200 gram,2,15000
19-09-2020,Item-05,Mi Goreng Instant,4,2600
8-09-2020,Item-05,Mi Goreng Instant,2,2600
9-09-2020,Item-05,Mi Goreng Instant,1,2600
18-09-2020,Item-05,Mi Goreng Instant,4,2600
10-09-2020,Item-05,Mi Goreng Instant,1,2600
16-09-2020,Item-05,Mi Goreng Instant,2,2600
23-09-2020,Item-05,Mi Goreng Instant,1,2600
26-09-2020,Item-05,Mi Goreng Instant,2,2600
4-09-2020,Item-05,Mi Goreng Instant,1,2600
2-09-2020,Item-05,Mi Goreng Instant,4,2600
18-09-2020,Item-05,Mi Goreng Instant,3,2600
19-09-2020,Item-05,Mi Goreng Instant,1,2600
1-09-2020,Item-05,Mi Goreng Instant,1,2600
27-09-2020,Item-05,Mi Goreng Instant,3,2600
24-09-2020,Item-05,Mi Goreng Instant,2,2600
17-09-2020,Item-05,Mi Goreng Instant,2,2600
4-09-2020,Item-05,Mi Goreng Instant,3,2600
6-09-2020,Item-05,Mi Goreng Instant,1,2600
5-09-2020,Item-05,Mi Goreng Instant,2,2600
24-09-2020,Item-05,Mi Goreng Instant,3,2600
3-09-2020,Item-05,Mi Goreng Instant,1,2600
11-09-2020,Item-05,Mi Goreng Instant,2,2600
27-09-2020,Item-05,Mi Goreng Instant,3,2600
27-09-2020,Item-05,Mi Goreng Instant,3,2600
20-09-2020,Item-05,Mi Goreng Instant,2,2600
4-09-2020,Item-05,Mi Goreng Instant,2,2600
20-09-2020,Item-05,Mi Goreng Instant,1,2600
27-09-2020,Item-05,Mi Goreng Instant,3,2600
6-09-2020,Item-05,Mi Goreng Instant,2,2600
18-09-2020,Item-05,Mi Goreng Instant,3,2600
30-09-2020,Item-05,Mi Goreng Instant,1,2600
8-09-2020,Item-05,Mi Goreng Instant,4,2600
21-09-2020,Item-05,Mi Goreng Instant,4,2600
6-09-2020,Item-05,Mi Goreng Instant,1,2600
6-09-2020,Item-05,Mi Goreng Instant,3,2600
3-09-2020,Item-05,Mi Goreng Instant,3,2600
9-09-2020,Item-05,Mi Goreng Instant,4,2600
29-09-2020,Item-05,Mi Goreng Instant,3,2600
2-09-2020,Item-05,Mi Goreng Instant,4,2600
9-09-2020,Item-05,Mi Goreng Instant,4,2600
2-09-2020,Item-05,Mi Goreng Instant,4,2600
1-09-2020,Item-05,Mi Goreng Instant,1,2600
14-09-2020,Item-05,Mi Goreng Instant,1,2600
3-09-2020,Item-05,Mi Goreng Instant,4,2600
25-09-2020,Item-05,Mi Goreng Instant,4,2600
20-09-2020,Item-05,Mi Goreng Instant,2,2600
28-09-2020,Item-05,Mi Goreng Instant,1,2600
11-09-2020,Item-05,Mi Goreng Instant,3,2600
24-09-2020,Item-05,Mi Goreng Instant,3,2600
22-09-2020,Item-05,Mi Goreng Instant,2,2600
2-09-2020,Item-05,Mi Goreng Instant,3,2600
4-09-2020,Item-05,Mi Goreng Instant,3,2600
5-09-2020,Item-05,Mi Goreng Instant,1,2600
30-09-2020,Item-05,Mi Goreng Instant,2,2600
27-09-2020,Item-05,Mi Goreng Instant,2,2600
26-09-2020,Item-05,Mi Goreng Instant,3,2600
22-09-2020,Item-05,Mi Goreng Instant,1,2600
23-09-2020,Item-05,Mi Goreng Instant,1,2600
8-09-2020,Item-05,Mi Goreng Instant,2,2600
2-09-2020,Item-05,Mi Goreng Instant,1,2600
10-09-2020,Item-05,Mi Goreng Instant,2,2600
10-09-2020,Item-05,Mi Goreng Instant,4,2600
19-09-2020,Item-21,Shampoo Sachet,2,1000
14-09-2020,Item-21,Shampoo Sachet,2,1000
10-09-2020,Item-21,Shampoo Sachet,3,1000
3-09-2020,Item-21,Shampoo Sachet,3,1000
18-09-2020,Item-21,Shampoo Sachet,1,1000
23-09-2020,Item-21,Shampoo Sachet,2,1000
25-09-2020,Item-21,Shampoo Sachet,3,1000
6-09-2020,Item-21,Shampoo Sachet,4,1000
22-09-2020,Item-21,Shampoo Sachet,4,1000
28-09-2020,Item-21,Shampoo Sachet,4,1000
29-09-2020,Item-21,Shampoo Sachet,2,1000
16-09-2020,Item-21,Shampoo Sachet,1,1000
7-09-2020,Item-21,Shampoo Sachet,4,1000
22-09-2020,Item-21,Shampoo Sachet,4,1000
22-09-2020,Item-21,Shampoo Sachet,1,1000
8-09-2020,Item-21,Shampoo Sachet,2,1000
5-09-2020,Item-21,Shampoo Sachet,4,1000
11-09-2020,Item-21,Shampoo Sachet,4,1000
17-09-2020,Item-21,Shampoo Sachet,3,1000
27-09-2020,Item-21,Shampoo Sachet,4,1000
24-09-2020,Item-21,Shampoo Sachet,2,1000
6-09-2020,Item-21,Shampoo Sachet,2,1000
17-09-2020,Item-21,Shampoo Sachet,3,1000
14-09-2020,Item-21,Shampoo Sachet,4,1000
21-09-2020,Item-21,Shampoo Sachet,1,1000
11-09-2020,Item-21,Shampoo Sachet,3,1000
7-09-2020,Item-21,Shampoo Sachet,2,1000
14-09-2020,Item-21,Shampoo Sachet,2,1000
16-09-2020,Item-21,Shampoo Sachet,2,1000
28-09-2020,Item-21,Shampoo Sachet,2,1000
20-09-2020,Item-21,Shampoo Sachet,4,1000
28-09-2020,Item-21,Shampoo Sachet,4,1000
27-09-2020,Item-21,Shampoo Sachet,2,1000
18-09-2020,Item-21,Shampoo Sachet,4,1000
1-09-2020,Item-21,Shampoo Sachet,4,1000
18-09-2020,Item-21,Shampoo Sachet,4,1000
11-09-2020,Item-21,Shampoo Sachet,2,1000
10-09-2020,Item-21,Shampoo Sachet,4,1000
27-09-2020,Item-21,Shampoo Sachet,2,1000
23-09-2020,Item-21,Shampoo Sachet,4,1000
7-09-2020,Item-21,Shampoo Sachet,4,1000
16-09-2020,Item-21,Shampoo Sachet,1,1000
27-09-2020,Item-21,Shampoo Sachet,2,1000
26-09-2020,Item-21,Shampoo Sachet,2,1000
13-09-2020,Item-21,Shampoo Sachet,4,1000
19-09-2020,Item-21,Shampoo Sachet,3,1000
5-09-2020,Item-21,Shampoo Sachet,3,1000
27-09-2020,Item-21,Shampoo Sachet,1,1000
6-09-2020,Item-21,Shampoo Sachet,4,1000
6-09-2020,Item-21,Shampoo Sachet,2,1000
9-09-2020,Item-21,Shampoo Sachet,4,1000
2-09-2020,Item-21,Shampoo Sachet,2,1000
8-09-2020,Item-21,Shampoo Sachet,1,1000
1-09-2020,Item-21,Shampoo Sachet,2,1000
15-09-2020,Item-21,Shampoo Sachet,2,1000
1-09-2020,Item-21,Shampoo Sachet,4,1000
18-09-2020,Item-21,Shampoo Sachet,2,1000
25-09-2020,Item-21,Shampoo Sachet,1,1000
25-09-2020,Item-21,Shampoo Sachet,4,1000
30-09-2020,Item-21,Shampoo Sachet,4,1000
5-09-2020,Item-21,Shampoo Sachet,2,1000
22-09-2020,Item-21,Shampoo Sachet,3,1000
18-09-2020,Item-21,Shampoo Sachet,1,1000
30-09-2020,Item-21,Shampoo Sachet,1,1000
23-09-2020,Item-21,Shampoo Sachet,1,1000
28-09-2020,Item-21,Shampoo Sachet,4,1000
16-09-2020,Item-21,Shampoo Sachet,2,1000
29-09-2020,Item-26,Susu Bubuk 195g,16,45000
29-09-2020,Item-26,Susu Bubuk 195g,13,45000
19-09-2020,Item-26,Susu Bubuk 195g,16,45000
19-09-2020,Item-26,Susu Bubuk 195g,5,45000
7-09-2020,Item-26,Susu Bubuk 195g,15,45000
15-09-2020,Item-26,Susu Bubuk 195g,15,45000
9-09-2020,Item-26,Susu Bubuk 195g,17,45000
3-09-2020,Item-26,Susu Bubuk 195g,16,45000
28-09-2020,Item-26,Susu Bubuk 195g,11,45000
1-09-2020,Item-26,Susu Bubuk 195g,16,45000
11-09-2020,Item-26,Susu Bubuk 195g,20,45000
4-09-2020,Item-26,Susu Bubuk 195g,3,45000
20-09-2020,Item-26,Susu Bubuk 195g,1,45000
9-09-2020,Item-26,Susu Bubuk 195g,5,45000
25-09-2020,Item-26,Susu Bubuk 195g,3,45000
22-09-2020,Item-26,Susu Bubuk 195g,7,45000
16-09-2020,Item-26,Susu Bubuk 195g,8,45000
17-09-2020,Item-26,Susu Bubuk 195g,6,45000
1-09-2020,Item-26,Susu Bubuk 195g,2,45000
14-09-2020,Item-26,Susu Bubuk 195g,9,45000
20-09-2020,Item-26,Susu Bubuk 195g,4,45000
13-09-2020,Item-26,Susu Bubuk 195g,14,45000
23-09-2020,Item-26,Susu Bubuk 195g,1,45000
17-09-2020,Item-26,Susu Bubuk 195g,4,45000
7-09-2020,Item-26,Susu Bubuk 195g,8,45000
12-09-2020,Item-26,Susu Bubuk 195g,14,45000
13-09-2020,Item-26,Susu Bubuk 195g,20,45000
1-09-2020,Item-26,Susu Bubuk 195g,10,45000
24-09-2020,Item-26,Susu Bubuk 195g,10,45000
25-09-2020,Item-26,Susu Bubuk 195g,7,45000
10-09-2020,Item-26,Susu Bubuk 195g,8,45000
5-09-2020,Item-26,Susu Bubuk 195g,17,45000
16-09-2020,Item-26,Susu Bubuk 195g,19,45000
1-09-2020,Item-26,Susu Bubuk 195g,8,45000
22-09-2020,Item-26,Susu Bubuk 195g,17,45000
18-09-2020,Item-26,Susu Bubuk 195g,10,45000
16-09-2020,Item-26,Susu Bubuk 195g,8,45000
14-09-2020,Item-26,Susu Bubuk 195g,11,45000
11-09-2020,Item-26,Susu Bubuk 195g,13,45000
22-09-2020,Item-26,Susu Bubuk 195g,13,45000
2-09-2020,Item-26,Susu Bubuk 195g,20,45000
19-09-2020,Item-26,Susu Bubuk 195g,14,45000
3-09-2020,Item-26,Susu Bubuk 195g,1,45000
3-09-2020,Item-26,Susu Bubuk 195g,13,45000
23-09-2020,Item-26,Susu Bubuk 195g,1,45000
2-09-2020,Item-26,Susu Bubuk 195g,3,45000
17-09-2020,Item-26,Susu Bubuk 195g,5,45000
22-09-2020,Item-26,Susu Bubuk 195g,11,45000
26-09-2020,Item-26,Susu Bubuk 195g,13,45000
29-09-2020,Item-26,Susu Bubuk 195g,16,45000
24-09-2020,Item-26,Susu Bubuk 195g,6,45000
14-09-2020,Item-26,Susu Bubuk 195g,18,45000
10-09-2020,Item-26,Susu Bubuk 195g,18,45000
26-09-2020,Item-26,Susu Bubuk 195g,16,45000
24-09-2020,Item-26,Susu Bubuk 195g,12,45000
12-09-2020,Item-26,Susu Bubuk 195g,12,45000
11-09-2020,Item-26,Susu Bubuk 195g,10,45000
28-09-2020,Item-26,Susu Bubuk 195g,11,45000
20-09-2020,Item-26,Susu Bubuk 195g,7,45000
11-09-2020,Item-26,Susu Bubuk 195g,4,45000
5-09-2020,Item-26,Susu Bubuk 195g,3,45000
19-09-2020,Item-26,Susu Bubuk 195g,14,45000
23-09-2020,Item-26,Susu Bubuk 195g,12,45000
25-09-2020,Item-26,Susu Bubuk 195g,13,45000
15-09-2020,Item-26,Susu Bubuk 195g,12,45000
25-09-2020,Item-26,Susu Bubuk 195g,11,45000
27-09-2020,Item-26,Susu Bubuk 195g,17,45000
28-09-2020,Item-26,Susu Bubuk 195g,4,45000
3-09-2020,Item-26,Susu Bubuk 195g,8,45000
22-09-2020,Item-26,Susu Bubuk 195g,8,45000
14-09-2020,Item-26,Susu Bubuk 195g,17,45000
12-09-2020,Item-26,Susu Bubuk 195g,18,45000
30-09-2020,Item-26,Susu Bubuk 195g,2,45000
16-09-2020,Item-26,Susu Bubuk 195g,4,45000
28-09-2020,Item-26,Susu Bubuk 195g,20,45000
1-09-2020,Item-26,Susu Bubuk 195g,4,45000
16-09-2020,Item-26,Susu Bubuk 195g,6,45000
29-09-2020,Item-26,Susu Bubuk 195g,2,45000
30-09-2020,Item-26,Susu Bubuk 195g,7,45000
6-09-2020,Item-26,Susu Bubuk 195g,20,45000
20-09-2020,Item-26,Susu Bubuk 195g,20,45000
21-09-2020,Item-26,Susu Bubuk 195g,1,45000
13-09-2020,Item-26,Susu Bubuk 195g,20,45000
17-09-2020,Item-26,Susu Bubuk 195g,19,45000
11-09-2020,Item-26,Susu Bubuk 195g,16,45000
4-09-2020,Item-26,Susu Bubuk 195g,9,45000
15-09-2020,Item-26,Susu Bubuk 195g,6,45000
18-09-2020,Item-26,Susu Bubuk 195g,3,45000
1-09-2020,Item-26,Susu Bubuk 195g,9,45000
2-09-2020,Item-26,Susu Bubuk 195g,11,45000
19-09-2020,Item-26,Susu Bubuk 195g,16,45000
27-09-2020,Item-26,Susu Bubuk 195g,6,45000
19-09-2020,Item-26,Susu Bubuk 195g,15,45000
17-09-2020,Item-26,Susu Bubuk 195g,18,45000
28-09-2020,Item-26,Susu Bubuk 195g,19,45000
27-09-2020,Item-26,Susu Bubuk 195g,9,45000
1-09-2020,Item-26,Susu Bubuk 195g,8,45000
21-09-2020,Item-26,Susu Bubuk 195g,18,45000
25-09-2020,Item-26,Susu Bubuk 195g,11,45000
18-09-2020,Item-26,Susu Bubuk 195g,13,45000
24-09-2020,Item-26,Susu Bubuk 195g,5,45000
27-09-2020,Item-26,Susu Bubuk 195g,16,45000
1-09-2020,Item-26,Susu Bubuk 195g,3,45000
16-09-2020,Item-26,Susu Bubuk 195g,17,45000
22-09-2020,Item-26,Susu Bubuk 195g,4,45000
27-09-2020,Item-26,Susu Bubuk 195g,12,45000
7-09-2020,Item-26,Susu Bubuk 195g,10,45000
21-09-2020,Item-26,Susu Bubuk 195g,17,45000
5-09-2020,Item-26,Susu Bubuk 195g,3,45000
9-09-2020,Item-26,Susu Bubuk 195g,10,45000
19-09-2020,Item-26,Susu Bubuk 195g,13,45000
4-09-2020,Item-26,Susu Bubuk 195g,15,45000
1-09-2020,Item-26,Susu Bubuk 195g,19,45000
18-09-2020,Item-07,Pembersih Lantai,2,12000
14-09-2020,Item-07,Pembersih Lantai,2,12000
9-09-2020,Item-07,Pembersih Lantai,4,12000
23-09-2020,Item-07,Pembersih Lantai,3,12000
24-09-2020,Item-07,Pembersih Lantai,3,12000
13-09-2020,Item-07,Pembersih Lantai,2,12000
18-09-2020,Item-07,Pembersih Lantai,2,12000
21-09-2020,Item-07,Pembersih Lantai,2,12000
12-09-2020,Item-07,Pembersih Lantai,3,12000
20-09-2020,Item-07,Pembersih Lantai,3,12000
18-09-2020,Item-07,Pembersih Lantai,1,12000
10-09-2020,Item-07,Pembersih Lantai,2,12000
6-09-2020,Item-07,Pembersih Lantai,3,12000
5-09-2020,Item-07,Pembersih Lantai,4,12000
24-09-2020,Item-07,Pembersih Lantai,4,12000
7-09-2020,Item-07,Pembersih Lantai,4,12000
18-09-2020,Item-07,Pembersih Lantai,2,12000
7-09-2020,Item-07,Pembersih Lantai,1,12000
7-09-2020,Item-07,Pembersih Lantai,4,12000
6-09-2020,Item-07,Pembersih Lantai,4,12000
21-09-2020,Item-07,Pembersih Lantai,1,12000
11-09-2020,Item-07,Pembersih Lantai,2,12000
24-09-2020,Item-07,Pembersih Lantai,4,12000
10-09-2020,Item-07,Pembersih Lantai,4,12000
4-09-2020,Item-07,Pembersih Lantai,3,12000
22-09-2020,Item-07,Pembersih Lantai,4,12000
17-09-2020,Item-07,Pembersih Lantai,2,12000
15-09-2020,Item-07,Pembersih Lantai,2,12000
10-09-2020,Item-07,Pembersih Lantai,3,12000
18-09-2020,Item-07,Pembersih Lantai,4,12000
27-09-2020,Item-07,Pembersih Lantai,1,12000
25-09-2020,Item-07,Pembersih Lantai,3,12000
7-09-2020,Item-07,Pembersih Lantai,2,12000
18-09-2020,Item-07,Pembersih Lantai,2,12000
25-09-2020,Item-07,Pembersih Lantai,2,12000
6-09-2020,Item-07,Pembersih Lantai,2,12000
12-09-2020,Item-07,Pembersih Lantai,4,12000
29-09-2020,Item-07,Pembersih Lantai,4,12000
1-09-2020,Item-07,Pembersih Lantai,2,12000
15-09-2020,Item-07,Pembersih Lantai,4,12000
23-09-2020,Item-07,Pembersih Lantai,4,12000
24-09-2020,Item-07,Pembersih Lantai,4,12000
1-09-2020,Item-07,Pembersih Lantai,2,12000
6-09-2020,Item-07,Pembersih Lantai,4,12000
5-09-2020,Item-07,Pembersih Lantai,2,12000
29-09-2020,Item-07,Pembersih Lantai,4,12000
28-09-2020,Item-07,Pembersih Lantai,4,12000
20-09-2020,Item-07,Pembersih Lantai,1,12000
16-09-2020,Item-07,Pembersih Lantai,2,12000
30-09-2020,Item-07,Pembersih Lantai,2,12000
5-09-2020,Item-07,Pembersih Lantai,4,12000
5-09-2020,Item-07,Pembersih Lantai,3,12000
12-09-2020,Item-07,Pembersih Lantai,3,12000
5-09-2020,Item-07,Pembersih Lantai,1,12000
25-09-2020,Item-07,Pembersih Lantai,4,12000
4-09-2020,Item-07,Pembersih Lantai,2,12000
16-09-2020,Item-07,Pembersih Lantai,4,12000
10-09-2020,Item-07,Pembersih Lantai,2,12000
7-09-2020,Item-07,Pembersih Lantai,1,12000
13-09-2020,Item-07,Pembersih Lantai,2,12000
20-09-2020,Item-07,Pembersih Lantai,2,12000
6-09-2020,Item-07,Pembersih Lantai,4,12000
17-09-2020,Item-07,Pembersih Lantai,3,12000
7-09-2020,Item-07,Pembersih Lantai,2,12000
4-09-2020,Item-07,Pembersih Lantai,1,12000
4-09-2020,Item-07,Pembersih Lantai,4,12000
19-09-2020,Item-07,Pembersih Lantai,1,12000
10-09-2020,Item-07,Pembersih Lantai,2,12000
21-09-2020,Item-07,Pembersih Lantai,4,12000
7-09-2020,Item-07,Pembersih Lantai,4,12000
29-09-2020,Item-07,Pembersih Lantai,1,12000
8-09-2020,Item-07,Pembersih Lantai,2,12000
20-09-2020,Item-07,Pembersih Lantai,4,12000
24-09-2020,Item-07,Pembersih Lantai,3,12000
17-09-2020,Item-07,Pembersih Lantai,1,12000
5-09-2020,Item-07,Pembersih Lantai,2,12000
3-09-2020,Item-07,Pembersih Lantai,1,12000
13-09-2020,Item-07,Pembersih Lantai,4,12000
20-09-2020,Item-07,Pembersih Lantai,4,12000
8-09-2020,Item-07,Pembersih Lantai,2,12000
2-09-2020,Item-07,Pembersih Lantai,3,12000
20-09-2020,Item-07,Pembersih Lantai,1,12000
13-09-2020,Item-07,Pembersih Lantai,1,12000
14-09-2020,Item-07,Pembersih Lantai,1,12000
26-09-2020,Item-07,Pembersih Lantai,4,12000
5-09-2020,Item-07,Pembersih Lantai,2,12000
6-09-2020,Item-07,Pembersih Lantai,3,12000
13-09-2020,Item-07,Pembersih Lantai,3,12000
22-09-2020,Item-07,Pembersih Lantai,2,12000
5-09-2020,Item-07,Pembersih Lantai,2,12000
13-09-2020,Item-07,Pembersih Lantai,2,12000
9-09-2020,Item-07,Pembersih Lantai,3,12000
14-09-2020,Item-07,Pembersih Lantai,3,12000
4-09-2020,Item-07,Pembersih Lantai,1,12000
8-09-2020,Item-07,Pembersih Lantai,2,12000
10-09-2020,Item-07,Pembersih Lantai,3,12000
12-09-2020,Item-07,Pembersih Lantai,4,12000
28-09-2020,Item-07,Pembersih Lantai,4,12000
19-09-2020,Item-07,Pembersih Lantai,4,12000
23-09-2020,Item-07,Pembersih Lantai,2,12000
28-09-2020,Item-07,Pembersih Lantai,1,12000
3-09-2020,Item-07,Pembersih Lantai,4,12000
6-09-2020,Item-07,Pembersih Lantai,4,12000
21-09-2020,Item-07,Pembersih Lantai,1,12000
30-09-2020,Item-07,Pembersih Lantai,2,12000
14-09-2020,Item-07,Pembersih Lantai,4,12000
2-09-2020,Item-07,Pembersih Lantai,4,12000
15-09-2020,Item-07,Pembersih Lantai,3,12000
19-09-2020,Item-07,Pembersih Lantai,4,12000
28-09-2020,Item-07,Pembersih Lantai,2,12000
28-09-2020,Item-07,Pembersih Lantai,2,12000
18-09-2020,Item-07,Pembersih Lantai,3,12000
24-09-2020,Item-07,Pembersih Lantai,4,12000
11-09-2020,Item-07,Pembersih Lantai,1,12000
6-09-2020,Item-07,Pembersih Lantai,3,12000
21-09-2020,Item-07,Pembersih Lantai,2,12000
7-09-2020,Item-07,Pembersih Lantai,2,12000
6-09-2020,Item-07,Pembersih Lantai,2,12000
5-09-2020,Item-07,Pembersih Lantai,2,12000
19-09-2020,Item-07,Pembersih Lantai,4,12000
16-09-2020,Item-07,Pembersih Lantai,4,12000
10-09-2020,Item-07,Pembersih Lantai,2,12000
11-09-2020,Item-07,Pembersih Lantai,4,12000
27-09-2020,Item-07,Pembersih Lantai,4,12000
17-09-2020,Item-07,Pembersih Lantai,4,12000
25-09-2020,Item-07,Pembersih Lantai,2,12000
23-09-2020,Item-07,Pembersih Lantai,4,12000
4-09-2020,Item-07,Pembersih Lantai,2,12000
14-09-2020,Item-07,Pembersih Lantai,4,12000
4-09-2020,Item-07,Pembersih Lantai,4,12000
19-09-2020,Item-07,Pembersih Lantai,1,12000
12-09-2020,Item-07,Pembersih Lantai,2,12000
24-09-2020,Item-07,Pembersih Lantai,2,12000
25-09-2020,Item-07,Pembersih Lantai,4,12000
5-09-2020,Item-07,Pembersih Lantai,3,12000
30-09-2020,Item-07,Pembersih Lantai,3,12000
6-09-2020,Item-07,Pembersih Lantai,1,12000
5-09-2020,Item-07,Pembersih Lantai,4,12000
17-09-2020,Item-07,Pembersih Lantai,2,12000
5-09-2020,Item-07,Pembersih Lantai,4,12000
3-09-2020,Item-07,Pembersih Lantai,2,12000
19-09-2020,Item-07,Pembersih Lantai,1,12000
8-09-2020,Item-07,Pembersih Lantai,2,12000
21-09-2020,Item-07,Pembersih Lantai,2,12000
25-09-2020,Item-07,Pembersih Lantai,4,12000
6-09-2020,Item-07,Pembersih Lantai,3,12000
20-09-2020,Item-07,Pembersih Lantai,2,12000
12-09-2020,Item-07,Pembersih Lantai,1,12000
8-09-2020,Item-07,Pembersih Lantai,4,12000
8-09-2020,Item-07,Pembersih Lantai,1,12000
24-09-2020,Item-07,Pembersih Lantai,2,12000
4-09-2020,Item-07,Pembersih Lantai,4,12000
25-09-2020,Item-07,Pembersih Lantai,4,12000
10-09-2020,Item-07,Pembersih Lantai,1,12000
2-09-2020,Item-07,Pembersih Lantai,2,12000
22-09-2020,Item-07,Pembersih Lantai,4,12000
28-09-2020,Item-07,Pembersih Lantai,3,12000
12-09-2020,Item-07,Pembersih Lantai,1,12000
30-09-2020,Item-07,Pembersih Lantai,2,12000
7-09-2020,Item-07,Pembersih Lantai,1,12000
6-09-2020,Item-07,Pembersih Lantai,4,12000
16-09-2020,Item-07,Pembersih Lantai,4,12000
17-09-2020,Item-07,Pembersih Lantai,2,12000
2-09-2020,Item-07,Pembersih Lantai,3,12000
9-09-2020,Item-07,Pembersih Lantai,1,12000
6-09-2020,Item-07,Pembersih Lantai,1,12000
21-09-2020,Item-07,Pembersih Lantai,1,12000
22-09-2020,Item-07,Pembersih Lantai,4,12000
22-09-2020,Item-07,Pembersih Lantai,2,12000
23-09-2020,Item-22,Minyak Goreng 1 Lt,4,16000
14-09-2020,Item-22,Minyak Goreng 1 Lt,4,16000
9-09-2020,Item-22,Minyak Goreng 1 Lt,1,16000
16-09-2020,Item-22,Minyak Goreng 1 Lt,1,16000
17-09-2020,Item-22,Minyak Goreng 1 Lt,3,16000
20-09-2020,Item-22,Minyak Goreng 1 Lt,1,16000
30-09-2020,Item-22,Minyak Goreng 1 Lt,1,16000
11-09-2020,Item-22,Minyak Goreng 1 Lt,3,16000
3-09-2020,Item-22,Minyak Goreng 1 Lt,3,16000
20-09-2020,Item-22,Minyak Goreng 1 Lt,3,16000
10-09-2020,Item-22,Minyak Goreng 1 Lt,3,16000
26-09-2020,Item-22,Minyak Goreng 1 Lt,2,16000
2-09-2020,Item-22,Minyak Goreng 1 Lt,3,16000
12-09-2020,Item-22,Minyak Goreng 1 Lt,4,16000
13-09-2020,Item-22,Minyak Goreng 1 Lt,3,16000
18-09-2020,Item-22,Minyak Goreng 1 Lt,2,16000
23-09-2020,Item-22,Minyak Goreng 1 Lt,2,16000
16-09-2020,Item-22,Minyak Goreng 1 Lt,4,16000
16-09-2020,Item-22,Minyak Goreng 1 Lt,3,16000
1-09-2020,Item-22,Minyak Goreng 1 Lt,3,16000
21-09-2020,Item-22,Minyak Goreng 1 Lt,1,16000
25-09-2020,Item-22,Minyak Goreng 1 Lt,2,16000
6-09-2020,Item-22,Minyak Goreng 1 Lt,1,16000
4-09-2020,Item-22,Minyak Goreng 1 Lt,2,16000
23-09-2020,Item-22,Minyak Goreng 1 Lt,3,16000
6-09-2020,Item-22,Minyak Goreng 1 Lt,4,16000
26-09-2020,Item-22,Minyak Goreng 1 Lt,2,16000
6-09-2020,Item-22,Minyak Goreng 1 Lt,2,16000
6-09-2020,Item-22,Minyak Goreng 1 Lt,3,16000
5-09-2020,Item-22,Minyak Goreng 1 Lt,4,16000
23-09-2020,Item-22,Minyak Goreng 1 Lt,1,16000
1-09-2020,Item-22,Minyak Goreng 1 Lt,1,16000
25-09-2020,Item-22,Minyak Goreng 1 Lt,2,16000
28-09-2020,Item-22,Minyak Goreng 1 Lt,1,16000
22-09-2020,Item-22,Minyak Goreng 1 Lt,1,16000
3-09-2020,Item-22,Minyak Goreng 1 Lt,1,16000
9-09-2020,Item-22,Minyak Goreng 1 Lt,3,16000
17-09-2020,Item-22,Minyak Goreng 1 Lt,1,16000
25-09-2020,Item-22,Minyak Goreng 1 Lt,3,16000
4-09-2020,Item-22,Minyak Goreng 1 Lt,2,16000
27-09-2020,Item-22,Minyak Goreng 1 Lt,3,16000
29-09-2020,Item-22,Minyak Goreng 1 Lt,2,16000
4-09-2020,Item-22,Minyak Goreng 1 Lt,1,16000
21-09-2020,Item-22,Minyak Goreng 1 Lt,3,16000
16-09-2020,Item-22,Minyak Goreng 1 Lt,3,16000
24-09-2020,Item-22,Minyak Goreng 1 Lt,3,16000
5-09-2020,Item-22,Minyak Goreng 1 Lt,2,16000
29-09-2020,Item-22,Minyak Goreng 1 Lt,2,16000
27-09-2020,Item-22,Minyak Goreng 1 Lt,4,16000
12-09-2020,Item-22,Minyak Goreng 1 Lt,2,16000
3-09-2020,Item-22,Minyak Goreng 1 Lt,3,16000
24-09-2020,Item-22,Minyak Goreng 1 Lt,3,16000
1-09-2020,Item-22,Minyak Goreng 1 Lt,3,16000
25-09-2020,Item-22,Minyak Goreng 1 Lt,2,16000
18-09-2020,Item-22,Minyak Goreng 1 Lt,2,16000
7-09-2020,Item-22,Minyak Goreng 1 Lt,1,16000
28-09-2020,Item-22,Minyak Goreng 1 Lt,3,16000
29-09-2020,Item-22,Minyak Goreng 1 Lt,2,16000
25-09-2020,Item-22,Minyak Goreng 1 Lt,1,16000
22-09-2020,Item-22,Minyak Goreng 1 Lt,2,16000
29-09-2020,Item-22,Minyak Goreng 1 Lt,2,16000
24-09-2020,Item-22,Minyak Goreng 1 Lt,4,16000
24-09-2020,Item-22,Minyak Goreng 1 Lt,3,16000
21-09-2020,Item-22,Minyak Goreng 1 Lt,1,16000
3-09-2020,Item-22,Minyak Goreng 1 Lt,1,16000
17-09-2020,Item-22,Minyak Goreng 1 Lt,4,16000
20-09-2020,Item-22,Minyak Goreng 1 Lt,1,16000
3-09-2020,Item-22,Minyak Goreng 1 Lt,2,16000
7-09-2020,Item-22,Minyak Goreng 1 Lt,3,16000
11-09-2020,Item-22,Minyak Goreng 1 Lt,1,16000
15-09-2020,Item-22,Minyak Goreng 1 Lt,3,16000
25-09-2020,Item-22,Minyak Goreng 1 Lt,1,16000
2-09-2020,Item-22,Minyak Goreng 1 Lt,4,16000
25-09-2020,Item-22,Minyak Goreng 1 Lt,1,16000
25-09-2020,Item-22,Minyak Goreng 1 Lt,1,16000
27-09-2020,Item-22,Minyak Goreng 1 Lt,1,16000
27-09-2020,Item-22,Minyak Goreng 1 Lt,3,16000
15-09-2020,Item-22,Minyak Goreng 1 Lt,2,16000
3-09-2020,Item-22,Minyak Goreng 1 Lt,2,16000
17-09-2020,Item-22,Minyak Goreng 1 Lt,2,16000
12-09-2020,Item-22,Minyak Goreng 1 Lt,3,16000
26-09-2020,Item-22,Minyak Goreng 1 Lt,4,16000
23-09-2020,Item-22,Minyak Goreng 1 Lt,1,16000
14-09-2020,Item-22,Minyak Goreng 1 Lt,3,16000
26-09-2020,Item-22,Minyak Goreng 1 Lt,4,16000
6-09-2020,Item-22,Minyak Goreng 1 Lt,3,16000
17-09-2020,Item-22,Minyak Goreng 1 Lt,3,16000
11-09-2020,Item-22,Minyak Goreng 1 Lt,3,16000
1-09-2020,Item-22,Minyak Goreng 1 Lt,2,16000
17-09-2020,Item-22,Minyak Goreng 1 Lt,4,16000
2-09-2020,Item-22,Minyak Goreng 1 Lt,2,16000
21-09-2020,Item-22,Minyak Goreng 1 Lt,4,16000
15-09-2020,Item-22,Minyak Goreng 1 Lt,2,16000
10-09-2020,Item-22,Minyak Goreng 1 Lt,3,16000
27-09-2020,Item-22,Minyak Goreng 1 Lt,1,16000
7-09-2020,Item-22,Minyak Goreng 1 Lt,1,16000
7-09-2020,Item-22,Minyak Goreng 1 Lt,1,16000
11-09-2020,Item-22,Minyak Goreng 1 Lt,3,16000
10-09-2020,Item-22,Minyak Goreng 1 Lt,3,16000
8-09-2020,Item-22,Minyak Goreng 1 Lt,1,16000
17-09-2020,Item-22,Minyak Goreng 1 Lt,1,16000
1-09-2020,Item-22,Minyak Goreng 1 Lt,3,16000
8-09-2020,Item-22,Minyak Goreng 1 Lt,4,16000
25-09-2020,Item-22,Minyak Goreng 1 Lt,3,16000
24-09-2020,Item-22,Minyak Goreng 1 Lt,2,16000
9-09-2020,Item-22,Minyak Goreng 1 Lt,3,16000
30-09-2020,Item-22,Minyak Goreng 1 Lt,3,16000
21-09-2020,Item-22,Minyak Goreng 1 Lt,3,16000
21-09-2020,Item-22,Minyak Goreng 1 Lt,2,16000
3-09-2020,Item-22,Minyak Goreng 1 Lt,1,16000
5-09-2020,Item-22,Minyak Goreng 1 Lt,2,16000
30-09-2020,Item-22,Minyak Goreng 1 Lt,3,16000
2-09-2020,Item-22,Minyak Goreng 1 Lt,1,16000
18-09-2020,Item-22,Minyak Goreng 1 Lt,2,16000
21-09-2020,Item-22,Minyak Goreng 1 Lt,4,16000
25-09-2020,Item-22,Minyak Goreng 1 Lt,2,16000
11-09-2020,Item-22,Minyak Goreng 1 Lt,4,16000
20-09-2020,Item-22,Minyak Goreng 1 Lt,3,16000
4-09-2020,Item-22,Minyak Goreng 1 Lt,1,16000
24-09-2020,Item-22,Minyak Goreng 1 Lt,4,16000
1-09-2020,Item-22,Minyak Goreng 1 Lt,4,16000
15-09-2020,Item-22,Minyak Goreng 1 Lt,1,16000
11-09-2020,Item-22,Minyak Goreng 1 Lt,4,16000
18-09-2020,Item-22,Minyak Goreng 1 Lt,2,16000
22-09-2020,Item-22,Minyak Goreng 1 Lt,2,16000
20-09-2020,Item-22,Minyak Goreng 1 Lt,3,16000
11-09-2020,Item-22,Minyak Goreng 1 Lt,2,16000
30-09-2020,Item-22,Minyak Goreng 1 Lt,3,16000
28-09-2020,Item-22,Minyak Goreng 1 Lt,2,16000
1-09-2020,Item-22,Minyak Goreng 1 Lt,3,16000
28-09-2020,Item-22,Minyak Goreng 1 Lt,4,16000
16-09-2020,Item-22,Minyak Goreng 1 Lt,1,16000
22-09-2020,Item-22,Minyak Goreng 1 Lt,1,16000
14-09-2020,Item-22,Minyak Goreng 1 Lt,1,16000
8-09-2020,Item-22,Minyak Goreng 1 Lt,3,16000
15-09-2020,Item-22,Minyak Goreng 1 Lt,1,16000
13-09-2020,Item-22,Minyak Goreng 1 Lt,3,16000
9-09-2020,Item-22,Minyak Goreng 1 Lt,2,16000
20-09-2020,Item-22,Minyak Goreng 1 Lt,1,16000
12-09-2020,Item-22,Minyak Goreng 1 Lt,4,16000
9-09-2020,Item-22,Minyak Goreng 1 Lt,4,16000
11-09-2020,Item-22,Minyak Goreng 1 Lt,1,16000
23-09-2020,Item-22,Minyak Goreng 1 Lt,1,16000
6-09-2020,Item-22,Minyak Goreng 1 Lt,2,16000
23-09-2020,Item-23,Air Mineral Botol 500 ml,3,3000
27-09-2020,Item-23,Air Mineral Botol 500 ml,3,3000
30-09-2020,Item-23,Air Mineral Botol 500 ml,3,3000
10-09-2020,Item-23,Air Mineral Botol 500 ml,2,3000
24-09-2020,Item-23,Air Mineral Botol 500 ml,1,3000
24-09-2020,Item-23,Air Mineral Botol 500 ml,2,3000
4-09-2020,Item-23,Air Mineral Botol 500 ml,3,3000
4-09-2020,Item-23,Air Mineral Botol 500 ml,1,3000
25-09-2020,Item-23,Air Mineral Botol 500 ml,2,3000
27-09-2020,Item-23,Air Mineral Botol 500 ml,4,3000
6-09-2020,Item-23,Air Mineral Botol 500 ml,2,3000
14-09-2020,Item-23,Air Mineral Botol 500 ml,4,3000
1-09-2020,Item-23,Air Mineral Botol 500 ml,3,3000
1-09-2020,Item-23,Air Mineral Botol 500 ml,1,3000
30-09-2020,Item-23,Air Mineral Botol 500 ml,4,3000
22-09-2020,Item-23,Air Mineral Botol 500 ml,4,3000
14-09-2020,Item-23,Air Mineral Botol 500 ml,1,3000
13-09-2020,Item-23,Air Mineral Botol 500 ml,4,3000
6-09-2020,Item-23,Air Mineral Botol 500 ml,2,3000
12-09-2020,Item-23,Air Mineral Botol 500 ml,2,3000
17-09-2020,Item-23,Air Mineral Botol 500 ml,3,3000
16-09-2020,Item-23,Air Mineral Botol 500 ml,2,3000
12-09-2020,Item-23,Air Mineral Botol 500 ml,3,3000
24-09-2020,Item-23,Air Mineral Botol 500 ml,2,3000
15-09-2020,Item-23,Air Mineral Botol 500 ml,3,3000
28-09-2020,Item-23,Air Mineral Botol 500 ml,4,3000
29-09-2020,Item-23,Air Mineral Botol 500 ml,1,3000
1-09-2020,Item-23,Air Mineral Botol 500 ml,1,3000
9-09-2020,Item-23,Air Mineral Botol 500 ml,1,3000
14-09-2020,Item-23,Air Mineral Botol 500 ml,3,3000
19-09-2020,Item-23,Air Mineral Botol 500 ml,1,3000
5-09-2020,Item-23,Air Mineral Botol 500 ml,3,3000
2-09-2020,Item-23,Air Mineral Botol 500 ml,2,3000
8-09-2020,Item-23,Air Mineral Botol 500 ml,1,3000
21-09-2020,Item-23,Air Mineral Botol 500 ml,4,3000
28-09-2020,Item-23,Air Mineral Botol 500 ml,4,3000
23-09-2020,Item-23,Air Mineral Botol 500 ml,1,3000
29-09-2020,Item-23,Air Mineral Botol 500 ml,1,3000
24-09-2020,Item-23,Air Mineral Botol 500 ml,2,3000
8-09-2020,Item-23,Air Mineral Botol 500 ml,1,3000
13-09-2020,Item-23,Air Mineral Botol 500 ml,4,3000
4-09-2020,Item-23,Air Mineral Botol 500 ml,2,3000
13-09-2020,Item-23,Air Mineral Botol 500 ml,3,3000
20-09-2020,Item-23,Air Mineral Botol 500 ml,3,3000
7-09-2020,Item-23,Air Mineral Botol 500 ml,2,3000
1-09-2020,Item-23,Air Mineral Botol 500 ml,2,3000
13-09-2020,Item-23,Air Mineral Botol 500 ml,4,3000
4-09-2020,Item-23,Air Mineral Botol 500 ml,1,3000
3-09-2020,Item-23,Air Mineral Botol 500 ml,4,3000
16-09-2020,Item-23,Air Mineral Botol 500 ml,3,3000
24-09-2020,Item-23,Air Mineral Botol 500 ml,2,3000
11-09-2020,Item-23,Air Mineral Botol 500 ml,2,3000
4-09-2020,Item-23,Air Mineral Botol 500 ml,4,3000
13-09-2020,Item-23,Air Mineral Botol 500 ml,1,3000
26-09-2020,Item-23,Air Mineral Botol 500 ml,1,3000
24-09-2020,Item-23,Air Mineral Botol 500 ml,4,3000
27-09-2020,Item-23,Air Mineral Botol 500 ml,4,3000
12-09-2020,Item-23,Air Mineral Botol 500 ml,1,3000
12-09-2020,Item-23,Air Mineral Botol 500 ml,2,3000
15-09-2020,Item-23,Air Mineral Botol 500 ml,1,3000
18-09-2020,Item-23,Air Mineral Botol 500 ml,1,3000
5-09-2020,Item-23,Air Mineral Botol 500 ml,2,3000
5-09-2020,Item-23,Air Mineral Botol 500 ml,1,3000
28-09-2020,Item-23,Air Mineral Botol 500 ml,1,3000
9-09-2020,Item-23,Air Mineral Botol 500 ml,2,3000
30-09-2020,Item-23,Air Mineral Botol 500 ml,4,3000
21-09-2020,Item-23,Air Mineral Botol 500 ml,3,3000
13-09-2020,Item-23,Air Mineral Botol 500 ml,2,3000
8-09-2020,Item-23,Air Mineral Botol 500 ml,4,3000
22-09-2020,Item-23,Air Mineral Botol 500 ml,3,3000
30-09-2020,Item-23,Air Mineral Botol 500 ml,1,3000
23-09-2020,Item-23,Air Mineral Botol 500 ml,4,3000
7-09-2020,Item-23,Air Mineral Botol 500 ml,2,3000
11-09-2020,Item-23,Air Mineral Botol 500 ml,4,3000
30-09-2020,Item-23,Air Mineral Botol 500 ml,3,3000
11-09-2020,Item-23,Air Mineral Botol 500 ml,3,3000
7-09-2020,Item-23,Air Mineral Botol 500 ml,1,3000
10-09-2020,Item-23,Air Mineral Botol 500 ml,2,3000
29-09-2020,Item-23,Air Mineral Botol 500 ml,2,3000
7-09-2020,Item-23,Air Mineral Botol 500 ml,4,3000
9-09-2020,Item-23,Air Mineral Botol 500 ml,1,3000
11-09-2020,Item-23,Air Mineral Botol 500 ml,2,3000
27-09-2020,Item-23,Air Mineral Botol 500 ml,2,3000
14-09-2020,Item-23,Air Mineral Botol 500 ml,2,3000
28-09-2020,Item-23,Air Mineral Botol 500 ml,2,3000
9-09-2020,Item-23,Air Mineral Botol 500 ml,2,3000
2-09-2020,Item-23,Air Mineral Botol 500 ml,2,3000
7-09-2020,Item-23,Air Mineral Botol 500 ml,1,3000
23-09-2020,Item-23,Air Mineral Botol 500 ml,1,3000
1-09-2020,Item-23,Air Mineral Botol 500 ml,1,3000
24-09-2020,Item-23,Air Mineral Botol 500 ml,2,3000
11-09-2020,Item-23,Air Mineral Botol 500 ml,1,3000
13-09-2020,Item-23,Air Mineral Botol 500 ml,3,3000
25-09-2020,Item-23,Air Mineral Botol 500 ml,4,3000
12-09-2020,Item-23,Air Mineral Botol 500 ml,3,3000
3-09-2020,Item-23,Air Mineral Botol 500 ml,2,3000
15-09-2020,Item-23,Air Mineral Botol 500 ml,3,3000
20-09-2020,Item-23,Air Mineral Botol 500 ml,3,3000
6-09-2020,Item-23,Air Mineral Botol 500 ml,4,3000
23-09-2020,Item-23,Air Mineral Botol 500 ml,4,3000
24-09-2020,Item-23,Air Mineral Botol 500 ml,2,3000
8-09-2020,Item-23,Air Mineral Botol 500 ml,4,3000
1-09-2020,Item-23,Air Mineral Botol 500 ml,2,3000
15-09-2020,Item-23,Air Mineral Botol 500 ml,3,3000
22-09-2020,Item-23,Air Mineral Botol 500 ml,2,3000
4-09-2020,Item-23,Air Mineral Botol 500 ml,3,3000
18-09-2020,Item-23,Air Mineral Botol 500 ml,4,3000
29-09-2020,Item-23,Air Mineral Botol 500 ml,2,3000
2-09-2020,Item-23,Air Mineral Botol 500 ml,3,3000
4-09-2020,Item-23,Air Mineral Botol 500 ml,1,3000
13-09-2020,Item-23,Air Mineral Botol 500 ml,4,3000
25-09-2020,Item-23,Air Mineral Botol 500 ml,4,3000
28-09-2020,Item-23,Air Mineral Botol 500 ml,3,3000
20-09-2020,Item-23,Air Mineral Botol 500 ml,1,3000
22-09-2020,Item-23,Air Mineral Botol 500 ml,2,3000
10-09-2020,Item-23,Air Mineral Botol 500 ml,4,3000
1-09-2020,Item-23,Air Mineral Botol 500 ml,4,3000
3-09-2020,Item-23,Air Mineral Botol 500 ml,3,3000
21-09-2020,Item-23,Air Mineral Botol 500 ml,2,3000
29-09-2020,Item-23,Air Mineral Botol 500 ml,4,3000
23-09-2020,Item-23,Air Mineral Botol 500 ml,1,3000
1-09-2020,Item-23,Air Mineral Botol 500 ml,2,3000
6-09-2020,Item-23,Air Mineral Botol 500 ml,3,3000
4-09-2020,Item-23,Air Mineral Botol 500 ml,1,3000
18-09-2020,Item-23,Air Mineral Botol 500 ml,2,3000
22-09-2020,Item-23,Air Mineral Botol 500 ml,3,3000
11-09-2020,Item-23,Air Mineral Botol 500 ml,2,3000
8-09-2020,Item-23,Air Mineral Botol 500 ml,1,3000
11-09-2020,Item-24,Pengharum Ruangan,18,7000
23-09-2020,Item-24,Pengharum Ruangan,10,7000
10-09-2020,Item-24,Pengharum Ruangan,1,7000
25-09-2020,Item-24,Pengharum Ruangan,20,7000
4-09-2020,Item-24,Pengharum Ruangan,5,7000
25-09-2020,Item-24,Pengharum Ruangan,17,7000
6-09-2020,Item-24,Pengharum Ruangan,3,7000
15-09-2020,Item-24,Pengharum Ruangan,17,7000
4-09-2020,Item-24,Pengharum Ruangan,13,7000
12-09-2020,Item-24,Pengharum Ruangan,2,7000
13-09-2020,Item-24,Pengharum Ruangan,12,7000
2-09-2020,Item-24,Pengharum Ruangan,6,7000
9-09-2020,Item-24,Pengharum Ruangan,3,7000
4-09-2020,Item-24,Pengharum Ruangan,20,7000
15-09-2020,Item-24,Pengharum Ruangan,11,7000
15-09-2020,Item-24,Pengharum Ruangan,19,7000
28-09-2020,Item-24,Pengharum Ruangan,19,7000
5-09-2020,Item-24,Pengharum Ruangan,3,7000
13-09-2020,Item-24,Pengharum Ruangan,7,7000
20-09-2020,Item-24,Pengharum Ruangan,17,7000
19-09-2020,Item-24,Pengharum Ruangan,5,7000
8-09-2020,Item-24,Pengharum Ruangan,11,7000
18-09-2020,Item-24,Pengharum Ruangan,1,7000
19-09-2020,Item-24,Pengharum Ruangan,19,7000
14-09-2020,Item-24,Pengharum Ruangan,8,7000
12-09-2020,Item-24,Pengharum Ruangan,8,7000
3-09-2020,Item-24,Pengharum Ruangan,6,7000
5-09-2020,Item-24,Pengharum Ruangan,6,7000
4-09-2020,Item-24,Pengharum Ruangan,2,7000
26-09-2020,Item-24,Pengharum Ruangan,9,7000
5-09-2020,Item-24,Pengharum Ruangan,16,7000
28-09-2020,Item-24,Pengharum Ruangan,3,7000
10-09-2020,Item-24,Pengharum Ruangan,8,7000
10-09-2020,Item-24,Pengharum Ruangan,6,7000
14-09-2020,Item-24,Pengharum Ruangan,12,7000
27-09-2020,Item-24,Pengharum Ruangan,18,7000
1-09-2020,Item-24,Pengharum Ruangan,15,7000
6-09-2020,Item-24,Pengharum Ruangan,3,7000
26-09-2020,Item-24,Pengharum Ruangan,18,7000
29-09-2020,Item-24,Pengharum Ruangan,8,7000
11-09-2020,Item-24,Pengharum Ruangan,15,7000
15-09-2020,Item-24,Pengharum Ruangan,10,7000
19-09-2020,Item-24,Pengharum Ruangan,19,7000
21-09-2020,Item-24,Pengharum Ruangan,14,7000
3-09-2020,Item-24,Pengharum Ruangan,5,7000
22-09-2020,Item-24,Pengharum Ruangan,11,7000
3-09-2020,Item-24,Pengharum Ruangan,7,7000
23-09-2020,Item-24,Pengharum Ruangan,10,7000
3-09-2020,Item-24,Pengharum Ruangan,4,7000
1-09-2020,Item-24,Pengharum Ruangan,9,7000
18-09-2020,Item-24,Pengharum Ruangan,16,7000
10-09-2020,Item-24,Pengharum Ruangan,15,7000
4-09-2020,Item-24,Pengharum Ruangan,18,7000
29-09-2020,Item-24,Pengharum Ruangan,14,7000
19-09-2020,Item-24,Pengharum Ruangan,7,7000
30-09-2020,Item-24,Pengharum Ruangan,8,7000
21-09-2020,Item-24,Pengharum Ruangan,4,7000
14-09-2020,Item-24,Pengharum Ruangan,2,7000
22-09-2020,Item-24,Pengharum Ruangan,18,7000
2-09-2020,Item-24,Pengharum Ruangan,6,7000
7-09-2020,Item-24,Pengharum Ruangan,8,7000
8-09-2020,Item-24,Pengharum Ruangan,11,7000
7-09-2020,Item-24,Pengharum Ruangan,3,7000
1-09-2020,Item-24,Pengharum Ruangan,3,7000
22-09-2020,Item-24,Pengharum Ruangan,3,7000
21-09-2020,Item-24,Pengharum Ruangan,11,7000
7-09-2020,Item-24,Pengharum Ruangan,15,7000
30-09-2020,Item-24,Pengharum Ruangan,5,7000
26-09-2020,Item-24,Pengharum Ruangan,11,7000
20-09-2020,Item-24,Pengharum Ruangan,18,7000
13-09-2020,Item-24,Pengharum Ruangan,8,7000
20-09-2020,Item-24,Pengharum Ruangan,3,7000
30-09-2020,Item-24,Pengharum Ruangan,16,7000
8-09-2020,Item-24,Pengharum Ruangan,9,7000
30-09-2020,Item-24,Pengharum Ruangan,9,7000
27-09-2020,Item-24,Pengharum Ruangan,14,7000
21-09-2020,Item-24,Pengharum Ruangan,3,7000
9-09-2020,Item-24,Pengharum Ruangan,14,7000
11-09-2020,Item-24,Pengharum Ruangan,19,7000
26-09-2020,Item-24,Pengharum Ruangan,9,7000
12-09-2020,Item-24,Pengharum Ruangan,1,7000
22-09-2020,Item-24,Pengharum Ruangan,14,7000
15-09-2020,Item-24,Pengharum Ruangan,7,7000
14-09-2020,Item-24,Pengharum Ruangan,2,7000
3-09-2020,Item-24,Pengharum Ruangan,10,7000
19-09-2020,Item-24,Pengharum Ruangan,12,7000
4-09-2020,Item-24,Pengharum Ruangan,18,7000
21-09-2020,Item-24,Pengharum Ruangan,17,7000
21-09-2020,Item-24,Pengharum Ruangan,2,7000
18-09-2020,Item-24,Pengharum Ruangan,1,7000
22-09-2020,Item-24,Pengharum Ruangan,13,7000
26-09-2020,Item-24,Pengharum Ruangan,5,7000
28-09-2020,Item-24,Pengharum Ruangan,7,7000
23-09-2020,Item-24,Pengharum Ruangan,1,7000
16-09-2020,Item-24,Pengharum Ruangan,9,7000
4-09-2020,Item-24,Pengharum Ruangan,13,7000
26-09-2020,Item-24,Pengharum Ruangan,6,7000
1-09-2020,Item-24,Pengharum Ruangan,19,7000
21-09-2020,Item-24,Pengharum Ruangan,10,7000
24-09-2020,Item-24,Pengharum Ruangan,19,7000
27-09-2020,Item-27,Bedak Bayi,5,25000
15-09-2020,Item-24,Pengharum Ruangan,6,7000
16-09-2020,Item-24,Pengharum Ruangan,7,7000
17-09-2020,Item-24,Pengharum Ruangan,4,7000
20-09-2020,Item-24,Pengharum Ruangan,16,7000
17-09-2020,Item-24,Pengharum Ruangan,12,7000
8-09-2020,Item-24,Pengharum Ruangan,10,7000
15-09-2020,Item-24,Pengharum Ruangan,1,7000
14-09-2020,Item-24,Pengharum Ruangan,9,7000
22-09-2020,Item-24,Pengharum Ruangan,4,7000
16-09-2020,Item-24,Pengharum Ruangan,15,7000
24-09-2020,Item-24,Pengharum Ruangan,3,7000
12-09-2020,Item-24,Pengharum Ruangan,9,7000
23-09-2020,Item-24,Pengharum Ruangan,6,7000
18-09-2020,Item-24,Pengharum Ruangan,5,7000
20-09-2020,Item-24,Pengharum Ruangan,13,7000
20-09-2020,Item-24,Pengharum Ruangan,3,7000
27-09-2020,Item-24,Pengharum Ruangan,4,7000
23-09-2020,Item-24,Pengharum Ruangan,12,7000
20-09-2020,Item-24,Pengharum Ruangan,18,7000
11-09-2020,Item-24,Pengharum Ruangan,6,7000
18-09-2020,Item-24,Pengharum Ruangan,15,7000
29-09-2020,Item-24,Pengharum Ruangan,13,7000
8-09-2020,Item-25,Pembalut Wanita Size L,13,15000
26-09-2020,Item-25,Pembalut Wanita Size L,16,15000
9-09-2020,Item-25,Pembalut Wanita Size L,2,15000
25-09-2020,Item-25,Pembalut Wanita Size L,3,15000
6-09-2020,Item-25,Pembalut Wanita Size L,19,15000
9-09-2020,Item-25,Pembalut Wanita Size L,14,15000
7-09-2020,Item-25,Pembalut Wanita Size L,8,15000
26-09-2020,Item-25,Pembalut Wanita Size L,3,15000
3-09-2020,Item-25,Pembalut Wanita Size L,14,15000
25-09-2020,Item-25,Pembalut Wanita Size L,14,15000
28-09-2020,Item-25,Pembalut Wanita Size L,3,15000
11-09-2020,Item-25,Pembalut Wanita Size L,8,15000
21-09-2020,Item-25,Pembalut Wanita Size L,8,15000
7-09-2020,Item-25,Pembalut Wanita Size L,17,15000
19-09-2020,Item-25,Pembalut Wanita Size L,20,15000
26-09-2020,Item-25,Pembalut Wanita Size L,9,15000
12-09-2020,Item-25,Pembalut Wanita Size L,9,15000
8-09-2020,Item-25,Pembalut Wanita Size L,17,15000
9-09-2020,Item-25,Pembalut Wanita Size L,12,15000
12-09-2020,Item-25,Pembalut Wanita Size L,7,15000
26-09-2020,Item-25,Pembalut Wanita Size L,2,15000
2-09-2020,Item-25,Pembalut Wanita Size L,17,15000
14-09-2020,Item-25,Pembalut Wanita Size L,15,15000
1-09-2020,Item-25,Pembalut Wanita Size L,19,15000
28-09-2020,Item-25,Pembalut Wanita Size L,10,15000
17-09-2020,Item-25,Pembalut Wanita Size L,1,15000
20-09-2020,Item-25,Pembalut Wanita Size L,10,15000
23-09-2020,Item-25,Pembalut Wanita Size L,9,15000
20-09-2020,Item-25,Pembalut Wanita Size L,15,15000
7-09-2020,Item-25,Pembalut Wanita Size L,9,15000
6-09-2020,Item-25,Pembalut Wanita Size L,11,15000
15-09-2020,Item-25,Pembalut Wanita Size L,19,15000
7-09-2020,Item-25,Pembalut Wanita Size L,3,15000
11-09-2020,Item-25,Pembalut Wanita Size L,11,15000
14-09-2020,Item-25,Pembalut Wanita Size L,15,15000
28-09-2020,Item-25,Pembalut Wanita Size L,1,15000
4-09-2020,Item-25,Pembalut Wanita Size L,15,15000
3-09-2020,Item-25,Pembalut Wanita Size L,1,15000
21-09-2020,Item-25,Pembalut Wanita Size L,20,15000
21-09-2020,Item-25,Pembalut Wanita Size L,14,15000
10-09-2020,Item-25,Pembalut Wanita Size L,1,15000
23-09-2020,Item-25,Pembalut Wanita Size L,3,15000
8-09-2020,Item-25,Pembalut Wanita Size L,1,15000
6-09-2020,Item-25,Pembalut Wanita Size L,5,15000
5-09-2020,Item-25,Pembalut Wanita Size L,2,15000
24-09-2020,Item-25,Pembalut Wanita Size L,19,15000
28-09-2020,Item-25,Pembalut Wanita Size L,20,15000
3-09-2020,Item-25,Pembalut Wanita Size L,1,15000
27-09-2020,Item-25,Pembalut Wanita Size L,9,15000
12-09-2020,Item-25,Pembalut Wanita Size L,5,15000
18-09-2020,Item-25,Pembalut Wanita Size L,2,15000
24-09-2020,Item-25,Pembalut Wanita Size L,8,15000
7-09-2020,Item-25,Pembalut Wanita Size L,4,15000
27-09-2020,Item-25,Pembalut Wanita Size L,18,15000
3-09-2020,Item-25,Pembalut Wanita Size L,19,15000
9-09-2020,Item-25,Pembalut Wanita Size L,12,15000
20-09-2020,Item-25,Pembalut Wanita Size L,12,15000
22-09-2020,Item-25,Pembalut Wanita Size L,20,15000
30-09-2020,Item-25,Pembalut Wanita Size L,10,15000
15-09-2020,Item-25,Pembalut Wanita Size L,16,15000
1-09-2020,Item-25,Pembalut Wanita Size L,12,15000
15-09-2020,Item-25,Pembalut Wanita Size L,3,15000
11-09-2020,Item-25,Pembalut Wanita Size L,7,15000
24-09-2020,Item-25,Pembalut Wanita Size L,11,15000
10-09-2020,Item-25,Pembalut Wanita Size L,12,15000
18-09-2020,Item-25,Pembalut Wanita Size L,19,15000
27-09-2020,Item-25,Pembalut Wanita Size L,1,15000
3-09-2020,Item-25,Pembalut Wanita Size L,4,15000
21-09-2020,Item-25,Pembalut Wanita Size L,5,15000
2-09-2020,Item-25,Pembalut Wanita Size L,20,15000
30-09-2020,Item-25,Pembalut Wanita Size L,6,15000
6-09-2020,Item-25,Pembalut Wanita Size L,5,15000
12-09-2020,Item-25,Pembalut Wanita Size L,13,15000
10-09-2020,Item-25,Pembalut Wanita Size L,5,15000
23-09-2020,Item-25,Pembalut Wanita Size L,4,15000
29-09-2020,Item-25,Pembalut Wanita Size L,13,15000
20-09-2020,Item-25,Pembalut Wanita Size L,2,15000
2-09-2020,Item-25,Pembalut Wanita Size L,10,15000
23-09-2020,Item-25,Pembalut Wanita Size L,19,15000
20-09-2020,Item-25,Pembalut Wanita Size L,4,15000
22-09-2020,Item-25,Pembalut Wanita Size L,10,15000
5-09-2020,Item-25,Pembalut Wanita Size L,7,15000
26-09-2020,Item-25,Pembalut Wanita Size L,20,15000
18-09-2020,Item-25,Pembalut Wanita Size L,13,15000
11-09-2020,Item-25,Pembalut Wanita Size L,7,15000
9-09-2020,Item-25,Pembalut Wanita Size L,20,15000
4-09-2020,Item-25,Pembalut Wanita Size L,8,15000
26-09-2020,Item-25,Pembalut Wanita Size L,8,15000
15-09-2020,Item-25,Pembalut Wanita Size L,13,15000
18-09-2020,Item-25,Pembalut Wanita Size L,15,15000
21-09-2020,Item-25,Pembalut Wanita Size L,9,15000
17-09-2020,Item-25,Pembalut Wanita Size L,19,15000
26-09-2020,Item-25,Pembalut Wanita Size L,7,15000
2-09-2020,Item-25,Pembalut Wanita Size L,16,15000
14-09-2020,Item-25,Pembalut Wanita Size L,18,15000
4-09-2020,Item-25,Pembalut Wanita Size L,17,15000
6-09-2020,Item-25,Pembalut Wanita Size L,1,15000
6-09-2020,Item-25,Pembalut Wanita Size L,19,15000
25-09-2020,Item-25,Pembalut Wanita Size L,2,15000
5-09-2020,Item-25,Pembalut Wanita Size L,6,15000
12-09-2020,Item-25,Pembalut Wanita Size L,3,15000
8-09-2020,Item-25,Pembalut Wanita Size L,4,15000
28-09-2020,Item-25,Pembalut Wanita Size L,12,15000
30-09-2020,Item-25,Pembalut Wanita Size L,16,15000
15-09-2020,Item-25,Pembalut Wanita Size L,20,15000
14-09-2020,Item-25,Pembalut Wanita Size L,9,15000
25-09-2020,Item-25,Pembalut Wanita Size L,16,15000
3-09-2020,Item-25,Pembalut Wanita Size L,8,15000
30-09-2020,Item-25,Pembalut Wanita Size L,9,15000
18-09-2020,Item-25,Pembalut Wanita Size L,7,15000
15-09-2020,Item-25,Pembalut Wanita Size L,6,15000
29-09-2020,Item-25,Pembalut Wanita Size L,19,15000
1-09-2020,Item-25,Pembalut Wanita Size L,5,15000
22-09-2020,Item-25,Pembalut Wanita Size L,13,15000
10-09-2020,Item-25,Pembalut Wanita Size L,3,15000
17-09-2020,Item-25,Pembalut Wanita Size L,5,15000
17-09-2020,Item-25,Pembalut Wanita Size L,12,15000
10-09-2020,Item-25,Pembalut Wanita Size L,11,15000
6-09-2020,Item-25,Pembalut Wanita Size L,13,15000
3-09-2020,Item-25,Pembalut Wanita Size L,14,15000
9-09-2020,Item-25,Pembalut Wanita Size L,12,15000
3-09-2020,Item-25,Pembalut Wanita Size L,20,15000
28-09-2020,Item-25,Pembalut Wanita Size L,6,15000
1-09-2020,Item-25,Pembalut Wanita Size L,15,15000
1-09-2020,Item-25,Pembalut Wanita Size L,10,15000
7-09-2020,Item-25,Pembalut Wanita Size L,15,15000
14-09-2020,Item-25,Pembalut Wanita Size L,16,15000
8-09-2020,Item-25,Pembalut Wanita Size L,10,15000
10-09-2020,Item-26,Susu Bubuk 195g,11,45000
25-09-2020,Item-26,Susu Bubuk 195g,19,45000
4-09-2020,Item-26,Susu Bubuk 195g,9,45000
1-09-2020,Item-26,Susu Bubuk 195g,11,45000
19-09-2020,Item-26,Susu Bubuk 195g,10,45000
9-09-2020,Item-26,Susu Bubuk 195g,2,45000
6-09-2020,Item-26,Susu Bubuk 195g,13,45000
10-09-2020,Item-26,Susu Bubuk 195g,6,45000
10-09-2020,Item-26,Susu Bubuk 195g,11,45000
10-09-2020,Item-26,Susu Bubuk 195g,15,45000
14-09-2020,Item-26,Susu Bubuk 195g,7,45000
8-09-2020,Item-26,Susu Bubuk 195g,18,45000
30-09-2020,Item-26,Susu Bubuk 195g,14,45000
21-09-2020,Item-26,Susu Bubuk 195g,15,45000
18-09-2020,Item-26,Susu Bubuk 195g,8,45000
10-09-2020,Item-26,Susu Bubuk 195g,7,45000
24-09-2020,Item-26,Susu Bubuk 195g,17,45000
17-09-2020,Item-26,Susu Bubuk 195g,16,45000
2-09-2020,Item-26,Susu Bubuk 195g,5,45000
6-09-2020,Item-26,Susu Bubuk 195g,8,45000
24-09-2020,Item-26,Susu Bubuk 195g,14,45000
18-09-2020,Item-26,Susu Bubuk 195g,7,45000
24-09-2020,Item-26,Susu Bubuk 195g,8,45000
27-09-2020,Item-26,Susu Bubuk 195g,19,45000
23-09-2020,Item-26,Susu Bubuk 195g,19,45000
28-09-2020,Item-26,Susu Bubuk 195g,19,45000
15-09-2020,Item-26,Susu Bubuk 195g,14,45000
13-09-2020,Item-26,Susu Bubuk 195g,9,45000
11-09-2020,Item-26,Susu Bubuk 195g,15,45000
17-09-2020,Item-26,Susu Bubuk 195g,4,45000
30-09-2020,Item-26,Susu Bubuk 195g,18,45000
9-09-2020,Item-26,Susu Bubuk 195g,2,45000
16-09-2020,Item-26,Susu Bubuk 195g,20,45000
15-09-2020,Item-26,Susu Bubuk 195g,7,45000
7-09-2020,Item-26,Susu Bubuk 195g,18,45000
27-09-2020,Item-26,Susu Bubuk 195g,14,45000
24-09-2020,Item-26,Susu Bubuk 195g,5,45000
22-09-2020,Item-26,Susu Bubuk 195g,7,45000
14-09-2020,Item-26,Susu Bubuk 195g,13,45000
5-09-2020,Item-26,Susu Bubuk 195g,18,45000
12-09-2020,Item-26,Susu Bubuk 195g,1,45000
24-09-2020,Item-26,Susu Bubuk 195g,2,45000
12-09-2020,Item-26,Susu Bubuk 195g,13,45000
19-09-2020,Item-26,Susu Bubuk 195g,18,45000
19-09-2020,Item-26,Susu Bubuk 195g,4,45000
30-09-2020,Item-26,Susu Bubuk 195g,5,45000
30-09-2020,Item-26,Susu Bubuk 195g,20,45000
10-09-2020,Item-26,Susu Bubuk 195g,8,45000
21-09-2020,Item-26,Susu Bubuk 195g,4,45000
9-09-2020,Item-26,Susu Bubuk 195g,8,45000
20-09-2020,Item-26,Susu Bubuk 195g,8,45000
29-09-2020,Item-33,Es Cream,2,5000
5-09-2020,Item-33,Es Cream,14,5000
21-09-2020,Item-33,Es Cream,9,5000
18-09-2020,Item-33,Es Cream,9,5000
25-09-2020,Item-33,Es Cream,7,5000
8-09-2020,Item-33,Es Cream,7,5000
29-09-2020,Item-33,Es Cream,12,5000
6-09-2020,Item-33,Es Cream,19,5000
24-09-2020,Item-33,Es Cream,16,5000
14-09-2020,Item-33,Es Cream,20,5000
17-09-2020,Item-33,Es Cream,12,5000
8-09-2020,Item-27,Bedak Bayi,19,25000
18-09-2020,Item-27,Bedak Bayi,11,25000
25-09-2020,Item-27,Bedak Bayi,8,25000
8-09-2020,Item-27,Bedak Bayi,15,25000
24-09-2020,Item-27,Bedak Bayi,9,25000
22-09-2020,Item-27,Bedak Bayi,3,25000
22-09-2020,Item-27,Bedak Bayi,4,25000
26-09-2020,Item-27,Bedak Bayi,12,25000
8-09-2020,Item-27,Bedak Bayi,3,25000
22-09-2020,Item-27,Bedak Bayi,16,25000
14-09-2020,Item-27,Bedak Bayi,2,25000
29-09-2020,Item-27,Bedak Bayi,2,25000
21-09-2020,Item-27,Bedak Bayi,13,25000
30-09-2020,Item-27,Bedak Bayi,6,25000
14-09-2020,Item-27,Bedak Bayi,7,25000
19-09-2020,Item-27,Bedak Bayi,12,25000
13-09-2020,Item-27,Bedak Bayi,11,25000
2-09-2020,Item-27,Bedak Bayi,2,25000
3-09-2020,Item-27,Bedak Bayi,13,25000
4-09-2020,Item-27,Bedak Bayi,19,25000
18-09-2020,Item-27,Bedak Bayi,13,25000
17-09-2020,Item-27,Bedak Bayi,4,25000
16-09-2020,Item-27,Bedak Bayi,20,25000
21-09-2020,Item-27,Bedak Bayi,3,25000
2-09-2020,Item-27,Bedak Bayi,18,25000
4-09-2020,Item-27,Bedak Bayi,1,25000
17-09-2020,Item-27,Bedak Bayi,3,25000
20-09-2020,Item-27,Bedak Bayi,2,25000
22-09-2020,Item-27,Bedak Bayi,11,25000
9-09-2020,Item-27,Bedak Bayi,14,25000
4-09-2020,Item-27,Bedak Bayi,6,25000
12-09-2020,Item-27,Bedak Bayi,17,25000
28-09-2020,Item-27,Bedak Bayi,19,25000
6-09-2020,Item-27,Bedak Bayi,15,25000
5-09-2020,Item-27,Bedak Bayi,16,25000
7-09-2020,Item-27,Bedak Bayi,15,25000
16-09-2020,Item-27,Bedak Bayi,15,25000
18-09-2020,Item-27,Bedak Bayi,2,25000
4-09-2020,Item-27,Bedak Bayi,12,25000
28-09-2020,Item-27,Bedak Bayi,10,25000
2-09-2020,Item-27,Bedak Bayi,4,25000
13-09-2020,Item-27,Bedak Bayi,8,25000
10-09-2020,Item-27,Bedak Bayi,13,25000
7-09-2020,Item-27,Bedak Bayi,7,25000
3-09-2020,Item-27,Bedak Bayi,17,25000
3-09-2020,Item-27,Bedak Bayi,4,25000
5-09-2020,Item-27,Bedak Bayi,7,25000
11-09-2020,Item-27,Bedak Bayi,4,25000
2-09-2020,Item-27,Bedak Bayi,10,25000
14-09-2020,Item-27,Bedak Bayi,13,25000
25-09-2020,Item-27,Bedak Bayi,10,25000
11-09-2020,Item-27,Bedak Bayi,9,25000
26-09-2020,Item-27,Bedak Bayi,2,25000
21-09-2020,Item-27,Bedak Bayi,4,25000
4-09-2020,Item-27,Bedak Bayi,1,25000
8-09-2020,Item-27,Bedak Bayi,9,25000
22-09-2020,Item-27,Bedak Bayi,16,25000
8-09-2020,Item-27,Bedak Bayi,3,25000
18-09-2020,Item-27,Bedak Bayi,2,25000
25-09-2020,Item-27,Bedak Bayi,18,25000
10-09-2020,Item-27,Bedak Bayi,20,25000
30-09-2020,Item-27,Bedak Bayi,8,25000
7-09-2020,Item-27,Bedak Bayi,1,25000
29-09-2020,Item-27,Bedak Bayi,11,25000
3-09-2020,Item-27,Bedak Bayi,20,25000
8-09-2020,Item-27,Bedak Bayi,20,25000
24-09-2020,Item-27,Bedak Bayi,1,25000
6-09-2020,Item-27,Bedak Bayi,6,25000
1-09-2020,Item-27,Bedak Bayi,20,25000
3-09-2020,Item-27,Bedak Bayi,4,25000
3-09-2020,Item-27,Bedak Bayi,20,25000
3-09-2020,Item-27,Bedak Bayi,1,25000
3-09-2020,Item-27,Bedak Bayi,18,25000
22-09-2020,Item-27,Bedak Bayi,10,25000
26-09-2020,Item-27,Bedak Bayi,2,25000
14-09-2020,Item-27,Bedak Bayi,4,25000
3-09-2020,Item-27,Bedak Bayi,13,25000
10-09-2020,Item-27,Bedak Bayi,14,25000
7-09-2020,Item-27,Bedak Bayi,11,25000
16-09-2020,Item-27,Bedak Bayi,6,25000
24-09-2020,Item-27,Bedak Bayi,7,25000
4-09-2020,Item-27,Bedak Bayi,14,25000
1-09-2020,Item-27,Bedak Bayi,11,25000
7-09-2020,Item-27,Bedak Bayi,10,25000
20-09-2020,Item-27,Bedak Bayi,13,25000
22-09-2020,Item-27,Bedak Bayi,18,25000
6-09-2020,Item-27,Bedak Bayi,12,25000
24-09-2020,Item-27,Bedak Bayi,9,25000
15-09-2020,Item-27,Bedak Bayi,6,25000
15-09-2020,Item-27,Bedak Bayi,3,25000
12-09-2020,Item-27,Bedak Bayi,14,25000
25-09-2020,Item-27,Bedak Bayi,4,25000
19-09-2020,Item-27,Bedak Bayi,15,25000
5-09-2020,Item-27,Bedak Bayi,15,25000
1-09-2020,Item-27,Bedak Bayi,16,25000
6-09-2020,Item-27,Bedak Bayi,1,25000
4-09-2020,Item-27,Bedak Bayi,12,25000
17-09-2020,Item-27,Bedak Bayi,9,25000
28-09-2020,Item-27,Bedak Bayi,11,25000
1-09-2020,Item-27,Bedak Bayi,16,25000
19-09-2020,Item-27,Bedak Bayi,18,25000
27-09-2020,Item-27,Bedak Bayi,12,25000
23-09-2020,Item-27,Bedak Bayi,17,25000
20-09-2020,Item-27,Bedak Bayi,19,25000
14-09-2020,Item-27,Bedak Bayi,5,25000
10-09-2020,Item-27,Bedak Bayi,7,25000
12-09-2020,Item-27,Bedak Bayi,13,25000
1-09-2020,Item-27,Bedak Bayi,9,25000
9-09-2020,Item-27,Bedak Bayi,9,25000
2-09-2020,Item-27,Bedak Bayi,5,25000
20-09-2020,Item-27,Bedak Bayi,3,25000
28-09-2020,Item-27,Bedak Bayi,14,25000
11-09-2020,Item-27,Bedak Bayi,3,25000
6-09-2020,Item-27,Bedak Bayi,5,25000
28-09-2020,Item-27,Bedak Bayi,13,25000
27-09-2020,Item-28,Tisu,8,7000
7-09-2020,Item-28,Tisu,20,7000
30-09-2020,Item-28,Tisu,20,7000
4-09-2020,Item-28,Tisu,7,7000
14-09-2020,Item-28,Tisu,6,7000
14-09-2020,Item-28,Tisu,6,7000
12-09-2020,Item-28,Tisu,14,7000
6-09-2020,Item-28,Tisu,15,7000
13-09-2020,Item-28,Tisu,10,7000
11-09-2020,Item-28,Tisu,3,7000
22-09-2020,Item-28,Tisu,16,7000
19-09-2020,Item-28,Tisu,16,7000
3-09-2020,Item-28,Tisu,20,7000
17-09-2020,Item-28,Tisu,2,7000
10-09-2020,Item-28,Tisu,19,7000
2-09-2020,Item-28,Tisu,17,7000
20-09-2020,Item-28,Tisu,18,7000
7-09-2020,Item-28,Tisu,9,7000
28-09-2020,Item-28,Tisu,20,7000
20-09-2020,Item-28,Tisu,6,7000
30-09-2020,Item-28,Tisu,14,7000
2-09-2020,Item-28,Tisu,7,7000
5-09-2020,Item-28,Tisu,20,7000
5-09-2020,Item-28,Tisu,10,7000
22-09-2020,Item-28,Tisu,19,7000
25-09-2020,Item-28,Tisu,17,7000
26-09-2020,Item-28,Tisu,7,7000
18-09-2020,Item-28,Tisu,1,7000
4-09-2020,Item-28,Tisu,19,7000
26-09-2020,Item-28,Tisu,11,7000
3-09-2020,Item-28,Tisu,17,7000
1-09-2020,Item-28,Tisu,19,7000
19-09-2020,Item-28,Tisu,18,7000
13-09-2020,Item-28,Tisu,4,7000
9-09-2020,Item-28,Tisu,4,7000
8-09-2020,Item-28,Tisu,9,7000
21-09-2020,Item-28,Tisu,9,7000
8-09-2020,Item-28,Tisu,2,7000
14-09-2020,Item-28,Tisu,17,7000
29-09-2020,Item-28,Tisu,1,7000
30-09-2020,Item-28,Tisu,8,7000
2-09-2020,Item-28,Tisu,20,7000
8-09-2020,Item-28,Tisu,11,7000
12-09-2020,Item-28,Tisu,8,7000
3-09-2020,Item-28,Tisu,1,7000
13-09-2020,Item-28,Tisu,18,7000
15-09-2020,Item-28,Tisu,5,7000
23-09-2020,Item-28,Tisu,19,7000
23-09-2020,Item-28,Tisu,5,7000
20-09-2020,Item-28,Tisu,12,7000
14-09-2020,Item-28,Tisu,9,7000
6-09-2020,Item-28,Tisu,13,7000
18-09-2020,Item-28,Tisu,16,7000
13-09-2020,Item-28,Tisu,11,7000
26-09-2020,Item-28,Tisu,8,7000
24-09-2020,Item-28,Tisu,7,7000
14-09-2020,Item-28,Tisu,10,7000
20-09-2020,Item-28,Tisu,7,7000
16-09-2020,Item-28,Tisu,11,7000
28-09-2020,Item-28,Tisu,2,7000
9-09-2020,Item-28,Tisu,11,7000
1-09-2020,Item-28,Tisu,9,7000
27-09-2020,Item-28,Tisu,11,7000
16-09-2020,Item-28,Tisu,5,7000
11-09-2020,Item-28,Tisu,5,7000
27-09-2020,Item-28,Tisu,19,7000
12-09-2020,Item-28,Tisu,16,7000
25-09-2020,Item-28,Tisu,6,7000
21-09-2020,Item-28,Tisu,16,7000
17-09-2020,Item-28,Tisu,12,7000
2-09-2020,Item-28,Tisu,13,7000
5-09-2020,Item-28,Tisu,12,7000
4-09-2020,Item-28,Tisu,10,7000
9-09-2020,Item-28,Tisu,1,7000
19-09-2020,Item-28,Tisu,8,7000
7-09-2020,Item-28,Tisu,4,7000
6-09-2020,Item-28,Tisu,2,7000
21-09-2020,Item-28,Tisu,1,7000
29-09-2020,Item-28,Tisu,1,7000
2-09-2020,Item-28,Tisu,11,7000
22-09-2020,Item-28,Tisu,9,7000
1-09-2020,Item-28,Tisu,2,7000
28-09-2020,Item-28,Tisu,20,7000
22-09-2020,Item-28,Tisu,13,7000
8-09-2020,Item-28,Tisu,9,7000
21-09-2020,Item-28,Tisu,3,7000
18-09-2020,Item-28,Tisu,14,7000
8-09-2020,Item-28,Tisu,7,7000
7-09-2020,Item-28,Tisu,17,7000
18-09-2020,Item-28,Tisu,1,7000
1-09-2020,Item-28,Tisu,20,7000
22-09-2020,Item-28,Tisu,5,7000
24-09-2020,Item-28,Tisu,6,7000
19-09-2020,Item-28,Tisu,1,7000
21-09-2020,Item-28,Tisu,19,7000
2-09-2020,Item-28,Tisu,5,7000
10-09-2020,Item-28,Tisu,19,7000
24-09-2020,Item-28,Tisu,17,7000
4-09-2020,Item-28,Tisu,8,7000
19-09-2020,Item-28,Tisu,5,7000
14-09-2020,Item-28,Tisu,12,7000
12-09-2020,Item-28,Tisu,18,7000
19-09-2020,Item-28,Tisu,15,7000
7-09-2020,Item-28,Tisu,12,7000
17-09-2020,Item-28,Tisu,2,7000
15-09-2020,Item-28,Tisu,4,7000
14-09-2020,Item-28,Tisu,8,7000
26-09-2020,Item-28,Tisu,11,7000
3-09-2020,Item-28,Tisu,13,7000
21-09-2020,Item-28,Tisu,20,7000
22-09-2020,Item-28,Tisu,4,7000
20-09-2020,Item-28,Tisu,6,7000
6-09-2020,Item-28,Tisu,10,7000
8-09-2020,Item-28,Tisu,19,7000
5-09-2020,Item-28,Tisu,4,7000
30-09-2020,Item-28,Tisu,8,7000
11-09-2020,Item-28,Tisu,15,7000
11-09-2020,Item-28,Tisu,10,7000
21-09-2020,Item-28,Tisu,4,7000
4-09-2020,Item-28,Tisu,5,7000
6-09-2020,Item-28,Tisu,4,7000
15-09-2020,Item-28,Tisu,11,7000
19-09-2020,Item-28,Tisu,19,7000
1-09-2020,Item-28,Tisu,18,7000
24-09-2020,Item-28,Tisu,19,7000
28-09-2020,Item-28,Tisu,18,7000
15-09-2020,Item-28,Tisu,13,7000
4-09-2020,Item-28,Tisu,16,7000
19-09-2020,Item-28,Tisu,14,7000
12-09-2020,Item-28,Tisu,6,7000
22-09-2020,Item-28,Tisu,9,7000
19-09-2020,Item-28,Tisu,11,7000
19-09-2020,Item-28,Tisu,12,7000
2-09-2020,Item-28,Tisu,7,7000
28-09-2020,Item-28,Tisu,20,7000
18-09-2020,Item-28,Tisu,17,7000
9-09-2020,Item-28,Tisu,12,7000
17-09-2020,Item-28,Tisu,16,7000
22-09-2020,Item-28,Tisu,13,7000
29-09-2020,Item-28,Tisu,14,7000
21-09-2020,Item-28,Tisu,14,7000
28-09-2020,Item-28,Tisu,19,7000
5-09-2020,Item-28,Tisu,6,7000
25-09-2020,Item-28,Tisu,5,7000
28-09-2020,Item-28,Tisu,4,7000
23-09-2020,Item-28,Tisu,5,7000
19-09-2020,Item-28,Tisu,13,7000
13-09-2020,Item-28,Tisu,12,7000
29-09-2020,Item-28,Tisu,20,7000
19-09-2020,Item-28,Tisu,6,7000
25-09-2020,Item-28,Tisu,12,7000
8-09-2020,Item-28,Tisu,14,7000
6-09-2020,Item-28,Tisu,6,7000
22-09-2020,Item-28,Tisu,16,7000
13-09-2020,Item-28,Tisu,7,7000
22-09-2020,Item-28,Tisu,15,7000
26-09-2020,Item-28,Tisu,1,7000
27-09-2020,Item-28,Tisu,2,7000
6-09-2020,Item-28,Tisu,7,7000
24-09-2020,Item-28,Tisu,7,7000
3-09-2020,Item-28,Tisu,4,7000
14-09-2020,Item-28,Tisu,15,7000
18-09-2020,Item-28,Tisu,5,7000
28-09-2020,Item-28,Tisu,14,7000
30-09-2020,Item-28,Tisu,11,7000
16-09-2020,Item-28,Tisu,5,7000
12-09-2020,Item-28,Tisu,2,7000
6-09-2020,Item-29,Bubur Bayi,20,8000
13-09-2020,Item-29,Bubur Bayi,16,8000
7-09-2020,Item-29,Bubur Bayi,2,8000
12-09-2020,Item-29,Bubur Bayi,15,8000
7-09-2020,Item-29,Bubur Bayi,17,8000
28-09-2020,Item-29,Bubur Bayi,4,8000
1-09-2020,Item-29,Bubur Bayi,7,8000
10-09-2020,Item-29,Bubur Bayi,2,8000
29-09-2020,Item-29,Bubur Bayi,3,8000
1-09-2020,Item-29,Bubur Bayi,12,8000
23-09-2020,Item-29,Bubur Bayi,2,8000
2-09-2020,Item-29,Bubur Bayi,11,8000
24-09-2020,Item-29,Bubur Bayi,11,8000
8-09-2020,Item-29,Bubur Bayi,13,8000
23-09-2020,Item-29,Bubur Bayi,20,8000
4-09-2020,Item-29,Bubur Bayi,9,8000
24-09-2020,Item-29,Bubur Bayi,1,8000
24-09-2020,Item-29,Bubur Bayi,13,8000
17-09-2020,Item-29,Bubur Bayi,13,8000
24-09-2020,Item-29,Bubur Bayi,12,8000
19-09-2020,Item-29,Bubur Bayi,19,8000
4-09-2020,Item-29,Bubur Bayi,1,8000
22-09-2020,Item-29,Bubur Bayi,1,8000
6-09-2020,Item-29,Bubur Bayi,20,8000
2-09-2020,Item-29,Bubur Bayi,7,8000
19-09-2020,Item-29,Bubur Bayi,18,8000
9-09-2020,Item-29,Bubur Bayi,6,8000
10-09-2020,Item-29,Bubur Bayi,1,8000
4-09-2020,Item-29,Bubur Bayi,17,8000
24-09-2020,Item-29,Bubur Bayi,15,8000
13-09-2020,Item-29,Bubur Bayi,13,8000
4-09-2020,Item-29,Bubur Bayi,7,8000
28-09-2020,Item-29,Bubur Bayi,16,8000
27-09-2020,Item-29,Bubur Bayi,8,8000
19-09-2020,Item-29,Bubur Bayi,6,8000
30-09-2020,Item-29,Bubur Bayi,20,8000
6-09-2020,Item-29,Bubur Bayi,2,8000
5-09-2020,Item-29,Bubur Bayi,20,8000
20-09-2020,Item-29,Bubur Bayi,18,8000
13-09-2020,Item-29,Bubur Bayi,17,8000
25-09-2020,Item-29,Bubur Bayi,18,8000
24-09-2020,Item-29,Bubur Bayi,5,8000
2-09-2020,Item-29,Bubur Bayi,18,8000
2-09-2020,Item-29,Bubur Bayi,5,8000
17-09-2020,Item-29,Bubur Bayi,17,8000
22-09-2020,Item-29,Bubur Bayi,7,8000
4-09-2020,Item-29,Bubur Bayi,8,8000
24-09-2020,Item-29,Bubur Bayi,13,8000
14-09-2020,Item-29,Bubur Bayi,15,8000
27-09-2020,Item-29,Bubur Bayi,9,8000
25-09-2020,Item-29,Bubur Bayi,2,8000
18-09-2020,Item-29,Bubur Bayi,19,8000
18-09-2020,Item-29,Bubur Bayi,2,8000
4-09-2020,Item-29,Bubur Bayi,4,8000
30-09-2020,Item-29,Bubur Bayi,3,8000
25-09-2020,Item-29,Bubur Bayi,11,8000
17-09-2020,Item-29,Bubur Bayi,13,8000
10-09-2020,Item-29,Bubur Bayi,1,8000
19-09-2020,Item-29,Bubur Bayi,2,8000
10-09-2020,Item-29,Bubur Bayi,17,8000
1-09-2020,Item-29,Bubur Bayi,11,8000
30-09-2020,Item-29,Bubur Bayi,12,8000
20-09-2020,Item-29,Bubur Bayi,12,8000
1-09-2020,Item-29,Bubur Bayi,14,8000
8-09-2020,Item-29,Bubur Bayi,5,8000
29-09-2020,Item-29,Bubur Bayi,18,8000
12-09-2020,Item-29,Bubur Bayi,2,8000
8-09-2020,Item-29,Bubur Bayi,13,8000
9-09-2020,Item-29,Bubur Bayi,12,8000
26-09-2020,Item-29,Bubur Bayi,14,8000
30-09-2020,Item-29,Bubur Bayi,6,8000
4-09-2020,Item-29,Bubur Bayi,3,8000
28-09-2020,Item-29,Bubur Bayi,2,8000
4-09-2020,Item-29,Bubur Bayi,14,8000
13-09-2020,Item-29,Bubur Bayi,6,8000
21-09-2020,Item-29,Bubur Bayi,20,8000
17-09-2020,Item-29,Bubur Bayi,18,8000
19-09-2020,Item-29,Bubur Bayi,13,8000
9-09-2020,Item-29,Bubur Bayi,7,8000
15-09-2020,Item-29,Bubur Bayi,3,8000
11-09-2020,Item-29,Bubur Bayi,17,8000
6-09-2020,Item-29,Bubur Bayi,18,8000
22-09-2020,Item-29,Bubur Bayi,20,8000
30-09-2020,Item-29,Bubur Bayi,11,8000
4-09-2020,Item-29,Bubur Bayi,20,8000
8-09-2020,Item-29,Bubur Bayi,8,8000
28-09-2020,Item-29,Bubur Bayi,18,8000
26-09-2020,Item-29,Bubur Bayi,10,8000
30-09-2020,Item-29,Bubur Bayi,15,8000
5-09-2020,Item-29,Bubur Bayi,15,8000
12-09-2020,Item-29,Bubur Bayi,15,8000
19-09-2020,Item-29,Bubur Bayi,5,8000
9-09-2020,Item-29,Bubur Bayi,9,8000
1-09-2020,Item-29,Bubur Bayi,8,8000
18-09-2020,Item-29,Bubur Bayi,19,8000
25-09-2020,Item-29,Bubur Bayi,4,8000
28-09-2020,Item-29,Bubur Bayi,18,8000
21-09-2020,Item-29,Bubur Bayi,3,8000
1-09-2020,Item-29,Bubur Bayi,10,8000
25-09-2020,Item-29,Bubur Bayi,9,8000
17-09-2020,Item-29,Bubur Bayi,7,8000
22-09-2020,Item-29,Bubur Bayi,4,8000
7-09-2020,Item-29,Bubur Bayi,10,8000
9-09-2020,Item-29,Bubur Bayi,15,8000
1-09-2020,Item-29,Bubur Bayi,3,8000
2-09-2020,Item-29,Bubur Bayi,17,8000
13-09-2020,Item-29,Bubur Bayi,1,8000
20-09-2020,Item-29,Bubur Bayi,3,8000
16-09-2020,Item-29,Bubur Bayi,17,8000
7-09-2020,Item-29,Bubur Bayi,10,8000
19-09-2020,Item-29,Bubur Bayi,8,8000
11-09-2020,Item-29,Bubur Bayi,1,8000
2-09-2020,Item-29,Bubur Bayi,3,8000
28-09-2020,Item-29,Bubur Bayi,14,8000
26-09-2020,Item-29,Bubur Bayi,7,8000
9-09-2020,Item-29,Bubur Bayi,11,8000
25-09-2020,Item-29,Bubur Bayi,1,8000
29-09-2020,Item-29,Bubur Bayi,1,8000
16-09-2020,Item-29,Bubur Bayi,18,8000
11-09-2020,Item-29,Bubur Bayi,12,8000
18-09-2020,Item-29,Bubur Bayi,12,8000
25-09-2020,Item-29,Bubur Bayi,1,8000
1-09-2020,Item-29,Bubur Bayi,6,8000
5-09-2020,Item-29,Bubur Bayi,15,8000
29-09-2020,Item-29,Bubur Bayi,4,8000
21-09-2020,Item-29,Bubur Bayi,9,8000
24-09-2020,Item-29,Bubur Bayi,16,8000
2-09-2020,Item-29,Bubur Bayi,15,8000
25-09-2020,Item-29,Bubur Bayi,18,8000
2-09-2020,Item-29,Bubur Bayi,15,8000
23-09-2020,Item-29,Bubur Bayi,8,8000
20-09-2020,Item-29,Bubur Bayi,16,8000
15-09-2020,Item-29,Bubur Bayi,18,8000
9-09-2020,Item-29,Bubur Bayi,10,8000
8-09-2020,Item-29,Bubur Bayi,7,8000
9-09-2020,Item-29,Bubur Bayi,18,8000
29-09-2020,Item-29,Bubur Bayi,3,8000
4-09-2020,Item-29,Bubur Bayi,10,8000
23-09-2020,Item-29,Bubur Bayi,19,8000
2-09-2020,Item-29,Bubur Bayi,11,8000
29-09-2020,Item-29,Bubur Bayi,17,8000
7-09-2020,Item-29,Bubur Bayi,9,8000
2-09-2020,Item-29,Bubur Bayi,1,8000
24-09-2020,Item-29,Bubur Bayi,3,8000
30-09-2020,Item-29,Bubur Bayi,2,8000
12-09-2020,Item-29,Bubur Bayi,14,8000
5-09-2020,Item-29,Bubur Bayi,8,8000
10-09-2020,Item-29,Bubur Bayi,16,8000
8-09-2020,Item-29,Bubur Bayi,15,8000
15-09-2020,Item-29,Bubur Bayi,7,8000
30-09-2020,Item-29,Bubur Bayi,20,8000
27-09-2020,Item-29,Bubur Bayi,18,8000
23-09-2020,Item-29,Bubur Bayi,3,8000
20-09-2020,Item-29,Bubur Bayi,18,8000
21-09-2020,Item-29,Bubur Bayi,14,8000
13-09-2020,Item-29,Bubur Bayi,16,8000
21-09-2020,Item-29,Bubur Bayi,20,8000
14-09-2020,Item-29,Bubur Bayi,13,8000
13-09-2020,Item-29,Bubur Bayi,4,8000
29-09-2020,Item-29,Bubur Bayi,2,8000
28-09-2020,Item-29,Bubur Bayi,1,8000
7-09-2020,Item-29,Bubur Bayi,1,8000
22-09-2020,Item-29,Bubur Bayi,13,8000
25-09-2020,Item-29,Bubur Bayi,6,8000
14-09-2020,Item-29,Bubur Bayi,12,8000
23-09-2020,Item-29,Bubur Bayi,20,8000
20-09-2020,Item-29,Bubur Bayi,14,8000
1-09-2020,Item-30,Kosmetik Wanita,3,8000
22-09-2020,Item-14,Teh Celup Melati,4,7800
30-09-2020,Item-14,Teh Celup Melati,5,7800
8-09-2020,Item-14,Teh Celup Melati,10,7800
19-09-2020,Item-14,Teh Celup Melati,7,7800
17-09-2020,Item-30,Kosmetik Wanita,15,8000
11-09-2020,Item-30,Kosmetik Wanita,20,8000
12-09-2020,Item-30,Kosmetik Wanita,15,8000
27-09-2020,Item-30,Kosmetik Wanita,5,8000
8-09-2020,Item-30,Kosmetik Wanita,18,8000
30-09-2020,Item-30,Kosmetik Wanita,15,8000
5-09-2020,Item-30,Kosmetik Wanita,12,8000
15-09-2020,Item-30,Kosmetik Wanita,5,8000
24-09-2020,Item-30,Kosmetik Wanita,10,8000
14-09-2020,Item-30,Kosmetik Wanita,19,8000
9-09-2020,Item-30,Kosmetik Wanita,19,8000
30-09-2020,Item-30,Kosmetik Wanita,6,8000
13-09-2020,Item-30,Kosmetik Wanita,12,8000
28-09-2020,Item-30,Kosmetik Wanita,4,8000
8-09-2020,Item-30,Kosmetik Wanita,14,8000
13-09-2020,Item-30,Kosmetik Wanita,8,8000
26-09-2020,Item-30,Kosmetik Wanita,8,8000
28-09-2020,Item-30,Kosmetik Wanita,19,8000
3-09-2020,Item-30,Kosmetik Wanita,19,8000
9-09-2020,Item-30,Kosmetik Wanita,17,8000
7-09-2020,Item-30,Kosmetik Wanita,3,8000
9-09-2020,Item-30,Kosmetik Wanita,7,8000
20-09-2020,Item-30,Kosmetik Wanita,5,8000
2-09-2020,Item-30,Kosmetik Wanita,13,8000
21-09-2020,Item-30,Kosmetik Wanita,14,8000
17-09-2020,Item-30,Kosmetik Wanita,13,8000
27-09-2020,Item-30,Kosmetik Wanita,5,8000
9-09-2020,Item-30,Kosmetik Wanita,1,8000
21-09-2020,Item-30,Kosmetik Wanita,18,8000
22-09-2020,Item-30,Kosmetik Wanita,16,8000
5-09-2020,Item-30,Kosmetik Wanita,11,8000
30-09-2020,Item-30,Kosmetik Wanita,15,8000
10-09-2020,Item-30,Kosmetik Wanita,9,8000
21-09-2020,Item-30,Kosmetik Wanita,18,8000
23-09-2020,Item-30,Kosmetik Wanita,15,8000
20-09-2020,Item-30,Kosmetik Wanita,17,8000
29-09-2020,Item-30,Kosmetik Wanita,17,8000
2-09-2020,Item-30,Kosmetik Wanita,20,8000
14-09-2020,Item-30,Kosmetik Wanita,4,8000
28-09-2020,Item-30,Kosmetik Wanita,13,8000
23-09-2020,Item-30,Kosmetik Wanita,14,8000
26-09-2020,Item-30,Kosmetik Wanita,3,8000
27-09-2020,Item-30,Kosmetik Wanita,3,8000
2-09-2020,Item-30,Kosmetik Wanita,7,8000
15-09-2020,Item-30,Kosmetik Wanita,7,8000
10-09-2020,Item-30,Kosmetik Wanita,7,8000
3-09-2020,Item-30,Kosmetik Wanita,15,8000
4-09-2020,Item-30,Kosmetik Wanita,10,8000
10-09-2020,Item-30,Kosmetik Wanita,18,8000
21-09-2020,Item-30,Kosmetik Wanita,3,8000
12-09-2020,Item-30,Kosmetik Wanita,17,8000
6-09-2020,Item-30,Kosmetik Wanita,14,8000
5-09-2020,Item-30,Kosmetik Wanita,11,8000
9-09-2020,Item-30,Kosmetik Wanita,4,8000
21-09-2020,Item-30,Kosmetik Wanita,8,8000
14-09-2020,Item-30,Kosmetik Wanita,2,8000
12-09-2020,Item-30,Kosmetik Wanita,6,8000
25-09-2020,Item-30,Kosmetik Wanita,19,8000
15-09-2020,Item-30,Kosmetik Wanita,10,8000
24-09-2020,Item-30,Kosmetik Wanita,6,8000
10-09-2020,Item-30,Kosmetik Wanita,6,8000
8-09-2020,Item-30,Kosmetik Wanita,14,8000
5-09-2020,Item-30,Kosmetik Wanita,8,8000
3-09-2020,Item-32,Biscuit,13,10000
2-09-2020,Item-30,Kosmetik Wanita,15,8000
6-09-2020,Item-30,Kosmetik Wanita,3,8000
14-09-2020,Item-30,Kosmetik Wanita,12,8000
18-09-2020,Item-30,Kosmetik Wanita,17,8000
16-09-2020,Item-30,Kosmetik Wanita,10,8000
28-09-2020,Item-30,Kosmetik Wanita,3,8000
3-09-2020,Item-30,Kosmetik Wanita,1,8000
30-09-2020,Item-30,Kosmetik Wanita,3,8000
25-09-2020,Item-30,Kosmetik Wanita,14,8000
1-09-2020,Item-30,Kosmetik Wanita,10,8000
5-09-2020,Item-30,Kosmetik Wanita,3,8000
13-09-2020,Item-30,Kosmetik Wanita,9,8000
15-09-2020,Item-30,Kosmetik Wanita,12,8000
20-09-2020,Item-30,Kosmetik Wanita,13,8000
13-09-2020,Item-30,Kosmetik Wanita,19,8000
10-09-2020,Item-30,Kosmetik Wanita,20,8000
5-09-2020,Item-30,Kosmetik Wanita,1,8000
12-09-2020,Item-30,Kosmetik Wanita,4,8000
1-09-2020,Item-30,Kosmetik Wanita,4,8000
27-09-2020,Item-30,Kosmetik Wanita,3,8000
21-09-2020,Item-30,Kosmetik Wanita,19,8000
19-09-2020,Item-30,Kosmetik Wanita,17,8000
4-09-2020,Item-30,Kosmetik Wanita,4,8000
1-09-2020,Item-30,Kosmetik Wanita,11,8000
16-09-2020,Item-30,Kosmetik Wanita,5,8000
29-09-2020,Item-30,Kosmetik Wanita,3,8000
25-09-2020,Item-30,Kosmetik Wanita,14,8000
29-09-2020,Item-30,Kosmetik Wanita,3,8000
19-09-2020,Item-30,Kosmetik Wanita,5,8000
22-09-2020,Item-30,Kosmetik Wanita,13,8000
24-09-2020,Item-30,Kosmetik Wanita,4,8000
21-09-2020,Item-30,Kosmetik Wanita,2,8000
18-09-2020,Item-30,Kosmetik Wanita,2,8000
13-09-2020,Item-30,Kosmetik Wanita,20,8000
8-09-2020,Item-30,Kosmetik Wanita,6,8000
16-09-2020,Item-30,Kosmetik Wanita,12,8000
23-09-2020,Item-30,Kosmetik Wanita,11,8000
29-09-2020,Item-30,Kosmetik Wanita,20,8000
9-09-2020,Item-30,Kosmetik Wanita,13,8000
29-09-2020,Item-30,Kosmetik Wanita,20,8000
11-09-2020,Item-30,Kosmetik Wanita,7,8000
25-09-2020,Item-30,Kosmetik Wanita,9,8000
26-09-2020,Item-30,Kosmetik Wanita,20,8000
24-09-2020,Item-30,Kosmetik Wanita,15,8000
24-09-2020,Item-30,Kosmetik Wanita,9,8000
20-09-2020,Item-30,Kosmetik Wanita,12,8000
22-09-2020,Item-30,Kosmetik Wanita,6,8000
17-09-2020,Item-30,Kosmetik Wanita,14,8000
8-09-2020,Item-30,Kosmetik Wanita,10,8000
4-09-2020,Item-30,Kosmetik Wanita,4,8000
11-09-2020,Item-30,Kosmetik Wanita,18,8000
11-09-2020,Item-30,Kosmetik Wanita,3,8000
21-09-2020,Item-30,Kosmetik Wanita,6,8000
22-09-2020,Item-30,Kosmetik Wanita,3,8000
23-09-2020,Item-30,Kosmetik Wanita,9,8000
13-09-2020,Item-30,Kosmetik Wanita,8,8000
27-09-2020,Item-30,Kosmetik Wanita,4,8000
26-09-2020,Item-30,Kosmetik Wanita,9,8000
21-09-2020,Item-30,Kosmetik Wanita,3,8000
26-09-2020,Item-30,Kosmetik Wanita,13,8000
15-09-2020,Item-30,Kosmetik Wanita,20,8000
24-09-2020,Item-30,Kosmetik Wanita,8,8000
12-09-2020,Item-30,Kosmetik Wanita,13,8000
30-09-2020,Item-30,Kosmetik Wanita,8,8000
11-09-2020,Item-30,Kosmetik Wanita,8,8000
25-09-2020,Item-30,Kosmetik Wanita,8,8000
25-09-2020,Item-30,Kosmetik Wanita,4,8000
17-09-2020,Item-30,Kosmetik Wanita,15,8000
1-09-2020,Item-30,Kosmetik Wanita,4,8000
27-09-2020,Item-30,Kosmetik Wanita,1,8000
8-09-2020,Item-30,Kosmetik Wanita,20,8000
29-09-2020,Item-30,Kosmetik Wanita,3,8000
1-09-2020,Item-30,Kosmetik Wanita,3,8000
1-09-2020,Item-30,Kosmetik Wanita,9,8000
19-09-2020,Item-30,Kosmetik Wanita,1,8000
5-09-2020,Item-30,Kosmetik Wanita,14,8000
7-09-2020,Item-30,Kosmetik Wanita,12,8000
8-09-2020,Item-30,Kosmetik Wanita,6,8000
23-09-2020,Item-30,Kosmetik Wanita,20,8000
26-09-2020,Item-30,Kosmetik Wanita,17,8000
8-09-2020,Item-30,Kosmetik Wanita,2,8000
4-09-2020,Item-30,Kosmetik Wanita,5,8000
27-09-2020,Item-30,Kosmetik Wanita,16,8000
27-09-2020,Item-30,Kosmetik Wanita,19,8000
21-09-2020,Item-30,Kosmetik Wanita,19,8000
5-09-2020,Item-30,Kosmetik Wanita,4,8000
16-09-2020,Item-30,Kosmetik Wanita,10,8000
15-09-2020,Item-30,Kosmetik Wanita,17,8000
20-09-2020,Item-30,Kosmetik Wanita,1,8000
6-09-2020,Item-30,Kosmetik Wanita,3,8000
13-09-2020,Item-30,Kosmetik Wanita,1,8000
3-09-2020,Item-31,Body Lotion Botol,5,12000
20-09-2020,Item-32,Biscuit,6,10000
29-09-2020,Item-31,Body Lotion Botol,9,12000
21-09-2020,Item-31,Body Lotion Botol,16,12000
16-09-2020,Item-31,Body Lotion Botol,11,12000
23-09-2020,Item-31,Body Lotion Botol,5,12000
22-09-2020,Item-31,Body Lotion Botol,17,12000
18-09-2020,Item-31,Body Lotion Botol,19,12000
5-09-2020,Item-31,Body Lotion Botol,15,12000
30-09-2020,Item-31,Body Lotion Botol,6,12000
1-09-2020,Item-31,Body Lotion Botol,18,12000
3-09-2020,Item-31,Body Lotion Botol,8,12000
4-09-2020,Item-31,Body Lotion Botol,8,12000
27-09-2020,Item-31,Body Lotion Botol,12,12000
30-09-2020,Item-31,Body Lotion Botol,6,12000
10-09-2020,Item-31,Body Lotion Botol,6,12000
21-09-2020,Item-31,Body Lotion Botol,14,12000
11-09-2020,Item-31,Body Lotion Botol,9,12000
28-09-2020,Item-31,Body Lotion Botol,16,12000
9-09-2020,Item-31,Body Lotion Botol,3,12000
18-09-2020,Item-31,Body Lotion Botol,8,12000
30-09-2020,Item-31,Body Lotion Botol,8,12000
22-09-2020,Item-31,Body Lotion Botol,13,12000
24-09-2020,Item-31,Body Lotion Botol,6,12000
22-09-2020,Item-31,Body Lotion Botol,9,12000
5-09-2020,Item-31,Body Lotion Botol,5,12000
4-09-2020,Item-31,Body Lotion Botol,14,12000
21-09-2020,Item-31,Body Lotion Botol,19,12000
30-09-2020,Item-31,Body Lotion Botol,15,12000
13-09-2020,Item-31,Body Lotion Botol,19,12000
17-09-2020,Item-31,Body Lotion Botol,3,12000
30-09-2020,Item-31,Body Lotion Botol,6,12000
3-09-2020,Item-31,Body Lotion Botol,15,12000
13-09-2020,Item-31,Body Lotion Botol,16,12000
29-09-2020,Item-31,Body Lotion Botol,18,12000
20-09-2020,Item-31,Body Lotion Botol,9,12000
28-09-2020,Item-31,Body Lotion Botol,14,12000
23-09-2020,Item-31,Body Lotion Botol,6,12000
20-09-2020,Item-31,Body Lotion Botol,2,12000
30-09-2020,Item-31,Body Lotion Botol,12,12000
17-09-2020,Item-31,Body Lotion Botol,14,12000
15-09-2020,Item-31,Body Lotion Botol,10,12000
26-09-2020,Item-31,Body Lotion Botol,11,12000
28-09-2020,Item-31,Body Lotion Botol,7,12000
5-09-2020,Item-31,Body Lotion Botol,3,12000
30-09-2020,Item-31,Body Lotion Botol,7,12000
29-09-2020,Item-31,Body Lotion Botol,9,12000
12-09-2020,Item-31,Body Lotion Botol,2,12000
8-09-2020,Item-31,Body Lotion Botol,8,12000
1-09-2020,Item-31,Body Lotion Botol,16,12000
3-09-2020,Item-31,Body Lotion Botol,15,12000
25-09-2020,Item-31,Body Lotion Botol,16,12000
21-09-2020,Item-31,Body Lotion Botol,20,12000
2-09-2020,Item-31,Body Lotion Botol,11,12000
14-09-2020,Item-31,Body Lotion Botol,16,12000
19-09-2020,Item-31,Body Lotion Botol,14,12000
17-09-2020,Item-31,Body Lotion Botol,1,12000
18-09-2020,Item-31,Body Lotion Botol,14,12000
4-09-2020,Item-31,Body Lotion Botol,8,12000
5-09-2020,Item-31,Body Lotion Botol,9,12000
4-09-2020,Item-31,Body Lotion Botol,18,12000
16-09-2020,Item-31,Body Lotion Botol,2,12000
21-09-2020,Item-31,Body Lotion Botol,19,12000
14-09-2020,Item-31,Body Lotion Botol,12,12000
29-09-2020,Item-31,Body Lotion Botol,6,12000
7-09-2020,Item-31,Body Lotion Botol,16,12000
23-09-2020,Item-31,Body Lotion Botol,11,12000
6-09-2020,Item-31,Body Lotion Botol,12,12000
3-09-2020,Item-31,Body Lotion Botol,1,12000
11-09-2020,Item-31,Body Lotion Botol,9,12000
6-09-2020,Item-31,Body Lotion Botol,4,12000
26-09-2020,Item-31,Body Lotion Botol,9,12000
8-09-2020,Item-31,Body Lotion Botol,15,12000
30-09-2020,Item-31,Body Lotion Botol,20,12000
7-09-2020,Item-31,Body Lotion Botol,15,12000
5-09-2020,Item-31,Body Lotion Botol,2,12000
30-09-2020,Item-31,Body Lotion Botol,16,12000
29-09-2020,Item-31,Body Lotion Botol,9,12000
12-09-2020,Item-31,Body Lotion Botol,11,12000
5-09-2020,Item-31,Body Lotion Botol,11,12000
4-09-2020,Item-31,Body Lotion Botol,6,12000
22-09-2020,Item-31,Body Lotion Botol,15,12000
5-09-2020,Item-31,Body Lotion Botol,11,12000
26-09-2020,Item-31,Body Lotion Botol,14,12000
13-09-2020,Item-31,Body Lotion Botol,5,12000
21-09-2020,Item-31,Body Lotion Botol,2,12000
25-09-2020,Item-31,Body Lotion Botol,13,12000
4-09-2020,Item-31,Body Lotion Botol,13,12000
28-09-2020,Item-31,Body Lotion Botol,16,12000
2-09-2020,Item-31,Body Lotion Botol,14,12000
5-09-2020,Item-31,Body Lotion Botol,5,12000
16-09-2020,Item-31,Body Lotion Botol,17,12000
15-09-2020,Item-31,Body Lotion Botol,18,12000
26-09-2020,Item-31,Body Lotion Botol,8,12000
6-09-2020,Item-31,Body Lotion Botol,7,12000
15-09-2020,Item-31,Body Lotion Botol,18,12000
28-09-2020,Item-31,Body Lotion Botol,9,12000
19-09-2020,Item-31,Body Lotion Botol,20,12000
3-09-2020,Item-31,Body Lotion Botol,6,12000
1-09-2020,Item-31,Body Lotion Botol,16,12000
11-09-2020,Item-31,Body Lotion Botol,5,12000
15-09-2020,Item-31,Body Lotion Botol,16,12000
23-09-2020,Item-31,Body Lotion Botol,4,12000
15-09-2020,Item-31,Body Lotion Botol,20,12000
23-09-2020,Item-31,Body Lotion Botol,1,12000
7-09-2020,Item-31,Body Lotion Botol,17,12000
11-09-2020,Item-31,Body Lotion Botol,13,12000
23-09-2020,Item-31,Body Lotion Botol,15,12000
24-09-2020,Item-31,Body Lotion Botol,3,12000
29-09-2020,Item-31,Body Lotion Botol,20,12000
15-09-2020,Item-31,Body Lotion Botol,9,12000
4-09-2020,Item-31,Body Lotion Botol,9,12000
1-09-2020,Item-31,Body Lotion Botol,3,12000
27-09-2020,Item-31,Body Lotion Botol,7,12000
12-09-2020,Item-31,Body Lotion Botol,11,12000
27-09-2020,Item-31,Body Lotion Botol,6,12000
13-09-2020,Item-31,Body Lotion Botol,11,12000
4-09-2020,Item-31,Body Lotion Botol,14,12000
26-09-2020,Item-31,Body Lotion Botol,13,12000
25-09-2020,Item-31,Body Lotion Botol,8,12000
17-09-2020,Item-31,Body Lotion Botol,10,12000
14-09-2020,Item-31,Body Lotion Botol,2,12000
7-09-2020,Item-31,Body Lotion Botol,4,12000
7-09-2020,Item-31,Body Lotion Botol,13,12000
9-09-2020,Item-31,Body Lotion Botol,8,12000
6-09-2020,Item-31,Body Lotion Botol,11,12000
21-09-2020,Item-31,Body Lotion Botol,12,12000
7-09-2020,Item-31,Body Lotion Botol,2,12000
10-09-2020,Item-31,Body Lotion Botol,16,12000
16-09-2020,Item-31,Body Lotion Botol,3,12000
13-09-2020,Item-31,Body Lotion Botol,5,12000
14-09-2020,Item-31,Body Lotion Botol,14,12000
18-09-2020,Item-31,Body Lotion Botol,19,12000
10-09-2020,Item-31,Body Lotion Botol,1,12000
6-09-2020,Item-31,Body Lotion Botol,6,12000
18-09-2020,Item-31,Body Lotion Botol,7,12000
13-09-2020,Item-31,Body Lotion Botol,14,12000
10-09-2020,Item-31,Body Lotion Botol,4,12000
6-09-2020,Item-31,Body Lotion Botol,9,12000
27-09-2020,Item-31,Body Lotion Botol,7,12000
2-09-2020,Item-31,Body Lotion Botol,2,12000
16-09-2020,Item-31,Body Lotion Botol,19,12000
24-09-2020,Item-31,Body Lotion Botol,13,12000
5-09-2020,Item-31,Body Lotion Botol,2,12000
12-09-2020,Item-31,Body Lotion Botol,8,12000
14-09-2020,Item-31,Body Lotion Botol,7,12000
8-09-2020,Item-31,Body Lotion Botol,15,12000
18-09-2020,Item-31,Body Lotion Botol,2,12000
30-09-2020,Item-31,Body Lotion Botol,18,12000
27-09-2020,Item-31,Body Lotion Botol,19,12000
12-09-2020,Item-31,Body Lotion Botol,15,12000
10-09-2020,Item-31,Body Lotion Botol,8,12000
26-09-2020,Item-31,Body Lotion Botol,13,12000
8-09-2020,Item-31,Body Lotion Botol,19,12000
1-09-2020,Item-31,Body Lotion Botol,18,12000
6-09-2020,Item-31,Body Lotion Botol,16,12000
14-09-2020,Item-31,Body Lotion Botol,18,12000
25-09-2020,Item-31,Body Lotion Botol,3,12000
14-09-2020,Item-31,Body Lotion Botol,2,12000
10-09-2020,Item-31,Body Lotion Botol,5,12000
6-09-2020,Item-31,Body Lotion Botol,16,12000
18-09-2020,Item-31,Body Lotion Botol,1,12000
7-09-2020,Item-31,Body Lotion Botol,17,12000
9-09-2020,Item-31,Body Lotion Botol,17,12000
30-09-2020,Item-31,Body Lotion Botol,6,12000
11-09-2020,Item-31,Body Lotion Botol,3,12000
21-09-2020,Item-31,Body Lotion Botol,19,12000
1-09-2020,Item-31,Body Lotion Botol,18,12000
23-09-2020,Item-32,Biscuit,17,10000
8-09-2020,Item-32,Biscuit,14,10000
15-09-2020,Item-32,Biscuit,11,10000
15-09-2020,Item-32,Biscuit,1,10000
11-09-2020,Item-32,Biscuit,14,10000
3-09-2020,Item-32,Biscuit,7,10000
3-09-2020,Item-32,Biscuit,3,10000
21-09-2020,Item-32,Biscuit,10,10000
7-09-2020,Item-32,Biscuit,3,10000
29-09-2020,Item-32,Biscuit,17,10000
26-09-2020,Item-32,Biscuit,17,10000
7-09-2020,Item-32,Biscuit,7,10000
2-09-2020,Item-32,Biscuit,12,10000
27-09-2020,Item-32,Biscuit,18,10000
9-09-2020,Item-32,Biscuit,5,10000
28-09-2020,Item-32,Biscuit,17,10000
29-09-2020,Item-32,Biscuit,17,10000
3-09-2020,Item-32,Biscuit,18,10000
7-09-2020,Item-32,Biscuit,7,10000
1-09-2020,Item-32,Biscuit,10,10000
29-09-2020,Item-32,Biscuit,1,10000
19-09-2020,Item-32,Biscuit,11,10000
6-09-2020,Item-32,Biscuit,5,10000
3-09-2020,Item-32,Biscuit,8,10000
13-09-2020,Item-32,Biscuit,3,10000
29-09-2020,Item-32,Biscuit,6,10000
3-09-2020,Item-32,Biscuit,4,10000
15-09-2020,Item-32,Biscuit,2,10000
8-09-2020,Item-32,Biscuit,14,10000
30-09-2020,Item-32,Biscuit,17,10000
21-09-2020,Item-32,Biscuit,6,10000
13-09-2020,Item-32,Biscuit,7,10000
13-09-2020,Item-32,Biscuit,3,10000
21-09-2020,Item-32,Biscuit,18,10000
15-09-2020,Item-32,Biscuit,5,10000
9-09-2020,Item-32,Biscuit,18,10000
23-09-2020,Item-32,Biscuit,19,10000
28-09-2020,Item-32,Biscuit,19,10000
10-09-2020,Item-32,Biscuit,6,10000
24-09-2020,Item-32,Biscuit,17,10000
24-09-2020,Item-32,Biscuit,16,10000
7-09-2020,Item-32,Biscuit,5,10000
14-09-2020,Item-32,Biscuit,14,10000
7-09-2020,Item-32,Biscuit,17,10000
10-09-2020,Item-32,Biscuit,6,10000
9-09-2020,Item-32,Biscuit,14,10000
9-09-2020,Item-32,Biscuit,5,10000
29-09-2020,Item-32,Biscuit,17,10000
3-09-2020,Item-32,Biscuit,8,10000
19-09-2020,Item-32,Biscuit,12,10000
28-09-2020,Item-32,Biscuit,14,10000
11-09-2020,Item-32,Biscuit,9,10000
20-09-2020,Item-32,Biscuit,17,10000
19-09-2020,Item-32,Biscuit,9,10000
18-09-2020,Item-32,Biscuit,8,10000
27-09-2020,Item-32,Biscuit,18,10000
16-09-2020,Item-32,Biscuit,11,10000
3-09-2020,Item-32,Biscuit,2,10000
27-09-2020,Item-32,Biscuit,18,10000
11-09-2020,Item-32,Biscuit,11,10000
17-09-2020,Item-32,Biscuit,20,10000
13-09-2020,Item-32,Biscuit,3,10000
16-09-2020,Item-32,Biscuit,6,10000
17-09-2020,Item-32,Biscuit,4,10000
1-09-2020,Item-32,Biscuit,17,10000
3-09-2020,Item-32,Biscuit,10,10000
4-09-2020,Item-32,Biscuit,11,10000
12-09-2020,Item-32,Biscuit,13,10000
30-09-2020,Item-32,Biscuit,5,10000
6-09-2020,Item-32,Biscuit,13,10000
24-09-2020,Item-32,Biscuit,1,10000
11-09-2020,Item-32,Biscuit,19,10000
10-09-2020,Item-32,Biscuit,6,10000
13-09-2020,Item-32,Biscuit,20,10000
25-09-2020,Item-32,Biscuit,13,10000
7-09-2020,Item-32,Biscuit,5,10000
25-09-2020,Item-32,Biscuit,2,10000
6-09-2020,Item-32,Biscuit,14,10000
23-09-2020,Item-32,Biscuit,8,10000
25-09-2020,Item-32,Biscuit,2,10000
18-09-2020,Item-32,Biscuit,2,10000
13-09-2020,Item-32,Biscuit,11,10000
19-09-2020,Item-32,Biscuit,14,10000
18-09-2020,Item-32,Biscuit,18,10000
29-09-2020,Item-32,Biscuit,17,10000
28-09-2020,Item-32,Biscuit,16,10000
4-09-2020,Item-32,Biscuit,19,10000
29-09-2020,Item-32,Biscuit,14,10000
22-09-2020,Item-32,Biscuit,12,10000
28-09-2020,Item-32,Biscuit,4,10000
25-09-2020,Item-32,Biscuit,17,10000
3-09-2020,Item-32,Biscuit,11,10000
6-09-2020,Item-32,Biscuit,3,10000
15-09-2020,Item-32,Biscuit,4,10000
17-09-2020,Item-32,Biscuit,14,10000
23-09-2020,Item-32,Biscuit,2,10000
16-09-2020,Item-32,Biscuit,6,10000
7-09-2020,Item-32,Biscuit,11,10000
28-09-2020,Item-32,Biscuit,16,10000
24-09-2020,Item-32,Biscuit,20,10000
21-09-2020,Item-32,Biscuit,7,10000
4-09-2020,Item-32,Biscuit,11,10000
11-09-2020,Item-32,Biscuit,19,10000
4-09-2020,Item-33,Es Cream,12,5000
6-09-2020,Item-33,Es Cream,2,5000
18-09-2020,Item-33,Es Cream,9,5000
26-09-2020,Item-33,Es Cream,18,5000
8-09-2020,Item-33,Es Cream,12,5000
24-09-2020,Item-33,Es Cream,16,5000
1-09-2020,Item-33,Es Cream,18,5000
3-09-2020,Item-33,Es Cream,11,5000
6-09-2020,Item-33,Es Cream,2,5000
6-09-2020,Item-33,Es Cream,11,5000
1-09-2020,Item-33,Es Cream,20,5000
7-09-2020,Item-33,Es Cream,6,5000
12-09-2020,Item-33,Es Cream,2,5000
14-09-2020,Item-33,Es Cream,12,5000
5-09-2020,Item-33,Es Cream,9,5000
2-09-2020,Item-33,Es Cream,14,5000
30-09-2020,Item-33,Es Cream,2,5000
28-09-2020,Item-33,Es Cream,6,5000
11-09-2020,Item-33,Es Cream,12,5000
15-09-2020,Item-33,Es Cream,8,5000
1-09-2020,Item-33,Es Cream,15,5000
19-09-2020,Item-33,Es Cream,2,5000
23-09-2020,Item-33,Es Cream,18,5000
28-09-2020,Item-33,Es Cream,19,5000
24-09-2020,Item-33,Es Cream,9,5000
12-09-2020,Item-33,Es Cream,12,5000
7-09-2020,Item-33,Es Cream,12,5000
12-09-2020,Item-33,Es Cream,12,5000
11-09-2020,Item-33,Es Cream,19,5000
26-09-2020,Item-33,Es Cream,6,5000
14-09-2020,Item-33,Es Cream,11,5000
3-09-2020,Item-33,Es Cream,8,5000
18-09-2020,Item-33,Es Cream,2,5000
7-09-2020,Item-33,Es Cream,8,5000
25-09-2020,Item-33,Es Cream,19,5000
10-09-2020,Item-33,Es Cream,6,5000
8-09-2020,Item-33,Es Cream,2,5000
3-09-2020,Item-33,Es Cream,1,5000
30-09-2020,Item-33,Es Cream,7,5000
3-09-2020,Item-33,Es Cream,17,5000
15-09-2020,Item-33,Es Cream,6,5000
23-09-2020,Item-33,Es Cream,12,5000
2-09-2020,Item-33,Es Cream,10,5000
26-09-2020,Item-33,Es Cream,5,5000
4-09-2020,Item-33,Es Cream,5,5000
19-09-2020,Item-33,Es Cream,8,5000
5-09-2020,Item-33,Es Cream,5,5000
6-09-2020,Item-33,Es Cream,10,5000
12-09-2020,Item-33,Es Cream,11,5000
5-09-2020,Item-33,Es Cream,18,5000
23-09-2020,Item-33,Es Cream,16,5000
28-09-2020,Item-33,Es Cream,6,5000
9-09-2020,Item-33,Es Cream,15,5000
16-09-2020,Item-33,Es Cream,3,5000
9-09-2020,Item-33,Es Cream,17,5000
20-09-2020,Item-33,Es Cream,12,5000
30-09-2020,Item-33,Es Cream,8,5000
10-09-2020,Item-33,Es Cream,13,5000
21-09-2020,Item-33,Es Cream,18,5000
4-09-2020,Item-33,Es Cream,17,5000
11-09-2020,Item-33,Es Cream,6,5000
14-09-2020,Item-33,Es Cream,2,5000
3-09-2020,Item-33,Es Cream,15,5000
19-09-2020,Item-33,Es Cream,12,5000
4-09-2020,Item-33,Es Cream,1,5000
22-09-2020,Item-33,Es Cream,14,5000
21-09-2020,Item-33,Es Cream,12,5000
9-09-2020,Item-33,Es Cream,19,5000
23-09-2020,Item-33,Es Cream,12,5000
26-09-2020,Item-33,Es Cream,8,5000
28-09-2020,Item-33,Es Cream,13,5000
27-09-2020,Item-33,Es Cream,20,5000
5-09-2020,Item-33,Es Cream,9,5000
18-09-2020,Item-33,Es Cream,11,5000
16-09-2020,Item-33,Es Cream,14,5000
16-09-2020,Item-33,Es Cream,1,5000
28-09-2020,Item-33,Es Cream,3,5000
16-09-2020,Item-33,Es Cream,11,5000
11-09-2020,Item-33,Es Cream,4,5000
27-09-2020,Item-33,Es Cream,1,5000
12-09-2020,Item-33,Es Cream,18,5000
14-09-2020,Item-33,Es Cream,11,5000
27-09-2020,Item-33,Es Cream,19,5000
20-09-2020,Item-33,Es Cream,2,5000
1-09-2020,Item-33,Es Cream,17,5000
28-09-2020,Item-33,Es Cream,10,5000
27-09-2020,Item-33,Es Cream,1,5000
19-09-2020,Item-33,Es Cream,20,5000
25-09-2020,Item-33,Es Cream,12,5000
26-09-2020,Item-33,Es Cream,5,5000
12-09-2020,Item-33,Es Cream,15,5000
12-09-2020,Item-33,Es Cream,12,5000
25-09-2020,Item-33,Es Cream,18,5000
24-09-2020,Item-33,Es Cream,10,5000
19-09-2020,Item-33,Es Cream,4,5000
9-09-2020,Item-33,Es Cream,18,5000
24-09-2020,Item-33,Es Cream,11,5000
3-09-2020,Item-33,Es Cream,6,5000
12-09-2020,Item-33,Es Cream,6,5000
29-09-2020,Item-33,Es Cream,20,5000
1-09-2020,Item-33,Es Cream,3,5000
19-09-2020,Item-33,Es Cream,2,5000
10-09-2020,Item-33,Es Cream,20,5000
28-09-2020,Item-33,Es Cream,20,5000
6-09-2020,Item-33,Es Cream,15,5000
2-09-2020,Item-33,Es Cream,12,5000
4-09-2020,Item-33,Es Cream,15,5000
15-09-2020,Item-33,Es Cream,9,5000
6-09-2020,Item-33,Es Cream,12,5000
14-09-2020,Item-33,Es Cream,13,5000
6-09-2020,Item-33,Es Cream,13,5000
13-09-2020,Item-33,Es Cream,14,5000
19-09-2020,Item-33,Es Cream,2,5000
14-09-2020,Item-33,Es Cream,12,5000
30-09-2020,Item-33,Es Cream,8,5000
17-09-2020,Item-33,Es Cream,6,5000
2-09-2020,Item-33,Es Cream,12,5000
18-09-2020,Item-12,Beras Pulen 5 kg,3,63000
30-09-2020,Item-12,Beras Pulen 5 kg,4,63000
19-09-2020,Item-12,Beras Pulen 5 kg,3,63000
22-09-2020,Item-12,Beras Pulen 5 kg,4,63000
16-09-2020,Item-12,Beras Pulen 5 kg,3,63000
7-09-2020,Item-12,Beras Pulen 5 kg,4,63000
14-09-2020,Item-12,Beras Pulen 5 kg,3,63000
16-09-2020,Item-12,Beras Pulen 5 kg,4,63000
9-09-2020,Item-12,Beras Pulen 5 kg,3,63000
18-09-2020,Item-12,Beras Pulen 5 kg,4,63000
20-09-2020,Item-34,Sirup Botol,7,12000
5-09-2020,Item-34,Sirup Botol,1,12000
22-09-2020,Item-34,Sirup Botol,10,12000
8-09-2020,Item-34,Sirup Botol,10,12000
20-09-2020,Item-34,Sirup Botol,3,12000
7-09-2020,Item-34,Sirup Botol,15,12000
22-09-2020,Item-34,Sirup Botol,6,12000
3-09-2020,Item-34,Sirup Botol,10,12000
14-09-2020,Item-34,Sirup Botol,7,12000
22-09-2020,Item-34,Sirup Botol,6,12000
18-09-2020,Item-34,Sirup Botol,10,12000
26-09-2020,Item-34,Sirup Botol,9,12000
29-09-2020,Item-34,Sirup Botol,2,12000
9-09-2020,Item-34,Sirup Botol,1,12000
23-09-2020,Item-34,Sirup Botol,5,12000
15-09-2020,Item-34,Sirup Botol,19,12000
28-09-2020,Item-34,Sirup Botol,5,12000
22-09-2020,Item-34,Sirup Botol,9,12000
12-09-2020,Item-34,Sirup Botol,9,12000
5-09-2020,Item-34,Sirup Botol,17,12000
29-09-2020,Item-34,Sirup Botol,15,12000
7-09-2020,Item-34,Sirup Botol,8,12000
18-09-2020,Item-34,Sirup Botol,20,12000
1-09-2020,Item-34,Sirup Botol,9,12000
10-09-2020,Item-34,Sirup Botol,18,12000
7-09-2020,Item-34,Sirup Botol,20,12000
21-09-2020,Item-34,Sirup Botol,2,12000
19-09-2020,Item-34,Sirup Botol,12,12000
9-09-2020,Item-34,Sirup Botol,7,12000
15-09-2020,Item-34,Sirup Botol,8,12000
12-09-2020,Item-34,Sirup Botol,10,12000
9-09-2020,Item-34,Sirup Botol,18,12000
1-09-2020,Item-34,Sirup Botol,14,12000
11-09-2020,Item-34,Sirup Botol,8,12000
9-09-2020,Item-34,Sirup Botol,20,12000
22-09-2020,Item-34,Sirup Botol,18,12000
6-09-2020,Item-34,Sirup Botol,15,12000
4-09-2020,Item-34,Sirup Botol,17,12000
5-09-2020,Item-34,Sirup Botol,15,12000
23-09-2020,Item-34,Sirup Botol,3,12000
2-09-2020,Item-34,Sirup Botol,15,12000
18-09-2020,Item-34,Sirup Botol,5,12000
16-09-2020,Item-34,Sirup Botol,8,12000
11-09-2020,Item-34,Sirup Botol,9,12000
26-09-2020,Item-34,Sirup Botol,13,12000
26-09-2020,Item-34,Sirup Botol,16,12000
8-09-2020,Item-34,Sirup Botol,12,12000
24-09-2020,Item-34,Sirup Botol,6,12000
15-09-2020,Item-34,Sirup Botol,20,12000
5-09-2020,Item-34,Sirup Botol,13,12000
29-09-2020,Item-34,Sirup Botol,17,12000
25-09-2020,Item-34,Sirup Botol,1,12000
15-09-2020,Item-34,Sirup Botol,1,12000
3-09-2020,Item-34,Sirup Botol,9,12000
19-09-2020,Item-34,Sirup Botol,6,12000
12-09-2020,Item-34,Sirup Botol,6,12000
17-09-2020,Item-34,Sirup Botol,3,12000
14-09-2020,Item-34,Sirup Botol,18,12000
9-09-2020,Item-34,Sirup Botol,10,12000
7-09-2020,Item-34,Sirup Botol,17,12000
4-09-2020,Item-34,Sirup Botol,7,12000
6-09-2020,Item-34,Sirup Botol,13,12000
4-09-2020,Item-34,Sirup Botol,7,12000
8-09-2020,Item-34,Sirup Botol,7,12000
9-09-2020,Item-34,Sirup Botol,16,12000
18-09-2020,Item-34,Sirup Botol,8,12000
2-09-2020,Item-34,Sirup Botol,19,12000
29-09-2020,Item-34,Sirup Botol,17,12000
5-09-2020,Item-34,Sirup Botol,2,12000
26-09-2020,Item-34,Sirup Botol,9,12000
23-09-2020,Item-34,Sirup Botol,5,12000
1-09-2020,Item-34,Sirup Botol,14,12000
21-09-2020,Item-34,Sirup Botol,1,12000
6-09-2020,Item-34,Sirup Botol,16,12000
19-09-2020,Item-34,Sirup Botol,11,12000
2-09-2020,Item-34,Sirup Botol,4,12000
5-09-2020,Item-34,Sirup Botol,15,12000
12-09-2020,Item-34,Sirup Botol,3,12000
10-09-2020,Item-18,Telur Ayam Negeri,1,1700
9-09-2020,Item-18,Telur Ayam Negeri,2,1700
27-09-2020,Item-18,Telur Ayam Negeri,3,1700
12-09-2020,Item-18,Telur Ayam Negeri,4,1700
12-09-2020,Item-18,Telur Ayam Negeri,5,1700
23-09-2020,Item-18,Telur Ayam Negeri,1,1700
28-09-2020,Item-18,Telur Ayam Negeri,2,1700
5-09-2020,Item-18,Telur Ayam Negeri,3,1700
1-09-2020,Item-18,Telur Ayam Negeri,4,1700
27-09-2020,Item-18,Telur Ayam Negeri,5,1700
12-09-2020,Item-18,Telur Ayam Negeri,6,1700
2-09-2020,Item-34,Sirup Botol,4,12000
26-09-2020,Item-34,Sirup Botol,18,12000
29-09-2020,Item-34,Sirup Botol,12,12000
12-09-2020,Item-34,Sirup Botol,5,12000
16-09-2020,Item-34,Sirup Botol,8,12000
5-09-2020,Item-34,Sirup Botol,6,12000
16-09-2020,Item-34,Sirup Botol,11,12000
26-09-2020,Item-34,Sirup Botol,9,12000
4-09-2020,Item-34,Sirup Botol,10,12000
29-09-2020,Item-34,Sirup Botol,6,12000
23-09-2020,Item-34,Sirup Botol,3,12000
25-09-2020,Item-34,Sirup Botol,17,12000
29-09-2020,Item-34,Sirup Botol,17,12000
29-09-2020,Item-34,Sirup Botol,9,12000
19-09-2020,Item-34,Sirup Botol,1,12000
28-09-2020,Item-34,Sirup Botol,15,12000
8-09-2020,Item-34,Sirup Botol,6,12000
2-09-2020,Item-34,Sirup Botol,6,12000
14-09-2020,Item-34,Sirup Botol,1,12000
20-09-2020,Item-34,Sirup Botol,5,12000
5-09-2020,Item-34,Sirup Botol,16,12000
8-09-2020,Item-34,Sirup Botol,7,12000
6-09-2020,Item-34,Sirup Botol,10,12000
22-09-2020,Item-34,Sirup Botol,7,12000
6-09-2020,Item-34,Sirup Botol,14,12000
9-09-2020,Item-34,Sirup Botol,14,12000
28-09-2020,Item-34,Sirup Botol,6,12000
7-09-2020,Item-34,Sirup Botol,14,12000
27-09-2020,Item-34,Sirup Botol,1,12000
12-09-2020,Item-34,Sirup Botol,10,12000
26-09-2020,Item-34,Sirup Botol,4,12000
9-09-2020,Item-34,Sirup Botol,10,12000
8-09-2020,Item-34,Sirup Botol,3,12000
20-09-2020,Item-34,Sirup Botol,14,12000
16-09-2020,Item-34,Sirup Botol,12,12000
14-09-2020,Item-34,Sirup Botol,6,12000
7-09-2020,Item-34,Sirup Botol,6,12000
4-09-2020,Item-34,Sirup Botol,5,12000
17-09-2020,Item-34,Sirup Botol,6,12000
20-10-2020,Item-20,Pampers Bayi Size M,4,41000
26-10-2020,Item-20,Pampers Bayi Size M,3,41000
15-10-2020,Item-20,Pampers Bayi Size M,3,41000
1-10-2020,Item-20,Pampers Bayi Size M,1,41000
27-10-2020,Item-20,Pampers Bayi Size M,2,41000
27-10-2020,Item-20,Pampers Bayi Size M,1,41000
16-10-2020,Item-20,Pampers Bayi Size M,1,41000
14-10-2020,Item-20,Pampers Bayi Size M,2,41000
10-10-2020,Item-20,Pampers Bayi Size M,1,41000
21-10-2020,Item-20,Pampers Bayi Size M,2,41000
22-10-2020,Item-20,Pampers Bayi Size M,1,41000
18-10-2020,Item-20,Pampers Bayi Size M,1,41000
25-10-2020,Item-20,Pampers Bayi Size M,4,41000
24-10-2020,Item-20,Pampers Bayi Size M,1,41000
6-10-2020,Item-20,Pampers Bayi Size M,1,41000
18-10-2020,Item-20,Pampers Bayi Size M,3,41000
24-10-2020,Item-20,Pampers Bayi Size M,3,41000
30-10-2020,Item-20,Pampers Bayi Size M,3,41000
3-10-2020,Item-20,Pampers Bayi Size M,4,41000
28-10-2020,Item-20,Pampers Bayi Size M,3,41000
5-10-2020,Item-03,Gula Pasir Putih 1 kg,3,12500
22-10-2020,Item-03,Gula Pasir Putih 1 kg,2,12500
21-10-2020,Item-03,Gula Pasir Putih 1 kg,3,12500
19-10-2020,Item-03,Gula Pasir Putih 1 kg,1,12500
11-10-2020,Item-03,Gula Pasir Putih 1 kg,2,12500
15-10-2020,Item-03,Gula Pasir Putih 1 kg,4,12500
10-10-2020,Item-03,Gula Pasir Putih 1 kg,2,12500
4-10-2020,Item-03,Gula Pasir Putih 1 kg,1,12500
22-10-2020,Item-03,Gula Pasir Putih 1 kg,2,12500
2-10-2020,Item-03,Gula Pasir Putih 1 kg,3,12500
30-10-2020,Item-03,Gula Pasir Putih 1 kg,2,12500
22-10-2020,Item-01,Batere AA,4,12000
14-10-2020,Item-01,Batere AA,4,12000
1-10-2020,Item-01,Batere AA,2,12000
15-10-2020,Item-01,Batere AA,2,12000
26-10-2020,Item-04,Kopi Instant,4,5200
25-10-2020,Item-04,Kopi Instant,3,5200
18-10-2020,Item-04,Kopi Instant,3,5200
2-10-2020,Item-03,Gula Pasir Putih 1 kg,1,12500
30-10-2020,Item-03,Gula Pasir Putih 1 kg,3,12500
12-10-2020,Item-04,Kopi Instant,1,5200
17-10-2020,Item-04,Kopi Instant,2,5200
30-10-2020,Item-04,Kopi Instant,1,5200
18-10-2020,Item-04,Kopi Instant,1,5200
9-10-2020,Item-04,Kopi Instant,2,5200
24-10-2020,Item-04,Kopi Instant,1,5200
22-10-2020,Item-04,Kopi Instant,2,5200
17-10-2020,Item-04,Kopi Instant,1,5200
29-10-2020,Item-04,Kopi Instant,1,5200
22-10-2020,Item-04,Kopi Instant,4,5200
27-10-2020,Item-04,Kopi Instant,1,5200
12-10-2020,Item-04,Kopi Instant,1,5200
11-10-2020,Item-04,Kopi Instant,3,5200
8-10-2020,Item-04,Kopi Instant,3,5200
10-10-2020,Item-04,Kopi Instant,3,5200
25-10-2020,Item-04,Kopi Instant,4,5200
18-10-2020,Item-04,Kopi Instant,3,5200
30-10-2020,Item-05,Mi Goreng Instant,3,2600
4-10-2020,Item-05,Mi Goreng Instant,1,2600
22-10-2020,Item-05,Mi Goreng Instant,3,2600
19-10-2020,Item-05,Mi Goreng Instant,1,2600
18-10-2020,Item-05,Mi Goreng Instant,3,2600
2-10-2020,Item-05,Mi Goreng Instant,3,2600
16-10-2020,Item-05,Mi Goreng Instant,3,2600
7-10-2020,Item-05,Mi Goreng Instant,4,2600
23-10-2020,Item-21,Shampoo Sachet,2,1000
16-10-2020,Item-21,Shampoo Sachet,1,1000
27-10-2020,Item-21,Shampoo Sachet,1,1000
30-10-2020,Item-21,Shampoo Sachet,1,1000
12-10-2020,Item-21,Shampoo Sachet,1,1000
22-10-2020,Item-21,Shampoo Sachet,4,1000
29-10-2020,Item-21,Shampoo Sachet,1,1000
19-10-2020,Item-21,Shampoo Sachet,2,1000
9-10-2020,Item-02,Bawang Putih 200 gram,2,15000
8-10-2020,Item-02,Bawang Putih 200 gram,1,15000
10-10-2020,Item-02,Bawang Putih 200 gram,1,15000
8-10-2020,Item-02,Bawang Putih 200 gram,1,15000
2-10-2020,Item-02,Bawang Putih 200 gram,1,15000
22-10-2020,Item-02,Bawang Putih 200 gram,4,15000
29-10-2020,Item-02,Bawang Putih 200 gram,1,15000
18-10-2020,Item-02,Bawang Putih 200 gram,2,15000
22-10-2020,Item-05,Mi Goreng Instant,4,2600
29-10-2020,Item-05,Mi Goreng Instant,3,2600
27-10-2020,Item-05,Mi Goreng Instant,2,2600
26-10-2020,Item-05,Mi Goreng Instant,4,2600
7-10-2020,Item-05,Mi Goreng Instant,3,2600
12-10-2020,Item-05,Mi Goreng Instant,4,2600
28-10-2020,Item-05,Mi Goreng Instant,1,2600
6-10-2020,Item-05,Mi Goreng Instant,4,2600
11-10-2020,Item-05,Mi Goreng Instant,2,2600
4-10-2020,Item-05,Mi Goreng Instant,4,2600
15-10-2020,Item-05,Mi Goreng Instant,4,2600
25-10-2020,Item-05,Mi Goreng Instant,1,2600
22-10-2020,Item-05,Mi Goreng Instant,4,2600
26-10-2020,Item-05,Mi Goreng Instant,1,2600
20-10-2020,Item-05,Mi Goreng Instant,4,2600
22-10-2020,Item-05,Mi Goreng Instant,1,2600
24-10-2020,Item-05,Mi Goreng Instant,3,2600
13-10-2020,Item-05,Mi Goreng Instant,2,2600
12-10-2020,Item-21,Shampoo Sachet,2,1000
12-10-2020,Item-21,Shampoo Sachet,1,1000
8-10-2020,Item-21,Shampoo Sachet,1,1000
10-10-2020,Item-21,Shampoo Sachet,1,1000
16-10-2020,Item-21,Shampoo Sachet,1,1000
24-10-2020,Item-21,Shampoo Sachet,4,1000
17-10-2020,Item-21,Shampoo Sachet,1,1000
3-10-2020,Item-21,Shampoo Sachet,2,1000
9-10-2020,Item-26,Susu Bubuk 195g,17,45000
27-10-2020,Item-26,Susu Bubuk 195g,1,45000
3-10-2020,Item-26,Susu Bubuk 195g,20,45000
25-10-2020,Item-26,Susu Bubuk 195g,17,45000
5-10-2020,Item-07,Pembersih Lantai,2,12000
5-10-2020,Item-07,Pembersih Lantai,1,12000
22-10-2020,Item-07,Pembersih Lantai,1,12000
28-10-2020,Item-07,Pembersih Lantai,1,12000
26-10-2020,Item-07,Pembersih Lantai,1,12000
3-10-2020,Item-07,Pembersih Lantai,4,12000
24-10-2020,Item-07,Pembersih Lantai,1,12000
29-10-2020,Item-07,Pembersih Lantai,2,12000
20-10-2020,Item-07,Pembersih Lantai,2,12000
25-10-2020,Item-07,Pembersih Lantai,1,12000
17-10-2020,Item-07,Pembersih Lantai,1,12000
23-10-2020,Item-07,Pembersih Lantai,1,12000
25-10-2020,Item-07,Pembersih Lantai,1,12000
13-10-2020,Item-07,Pembersih Lantai,4,12000
18-10-2020,Item-07,Pembersih Lantai,1,12000
11-10-2020,Item-07,Pembersih Lantai,2,12000
12-10-2020,Item-22,Minyak Goreng 1 Lt,3,16000
8-10-2020,Item-22,Minyak Goreng 1 Lt,2,16000
24-10-2020,Item-22,Minyak Goreng 1 Lt,3,16000
9-10-2020,Item-22,Minyak Goreng 1 Lt,1,16000
14-10-2020,Item-22,Minyak Goreng 1 Lt,2,16000
13-10-2020,Item-22,Minyak Goreng 1 Lt,4,16000
4-10-2020,Item-22,Minyak Goreng 1 Lt,2,16000
22-10-2020,Item-22,Minyak Goreng 1 Lt,1,16000
14-10-2020,Item-22,Minyak Goreng 1 Lt,2,16000
24-10-2020,Item-22,Minyak Goreng 1 Lt,3,16000
25-10-2020,Item-22,Minyak Goreng 1 Lt,2,16000
1-10-2020,Item-22,Minyak Goreng 1 Lt,1,16000
8-10-2020,Item-22,Minyak Goreng 1 Lt,3,16000
14-10-2020,Item-22,Minyak Goreng 1 Lt,4,16000
12-10-2020,Item-22,Minyak Goreng 1 Lt,4,16000
15-10-2020,Item-22,Minyak Goreng 1 Lt,2,16000
30-10-2020,Item-22,Minyak Goreng 1 Lt,2,16000
10-10-2020,Item-23,Air Mineral Botol 500 ml,4,3000
9-10-2020,Item-23,Air Mineral Botol 500 ml,4,3000
7-10-2020,Item-23,Air Mineral Botol 500 ml,2,3000
28-10-2020,Item-23,Air Mineral Botol 500 ml,2,3000
15-10-2020,Item-23,Air Mineral Botol 500 ml,4,3000
19-10-2020,Item-23,Air Mineral Botol 500 ml,3,3000
20-10-2020,Item-23,Air Mineral Botol 500 ml,3,3000
18-10-2020,Item-23,Air Mineral Botol 500 ml,1,3000
2-10-2020,Item-23,Air Mineral Botol 500 ml,2,3000
7-10-2020,Item-23,Air Mineral Botol 500 ml,1,3000
11-10-2020,Item-23,Air Mineral Botol 500 ml,1,3000
15-10-2020,Item-23,Air Mineral Botol 500 ml,2,3000
16-10-2020,Item-23,Air Mineral Botol 500 ml,1,3000
16-10-2020,Item-23,Air Mineral Botol 500 ml,2,3000
23-10-2020,Item-23,Air Mineral Botol 500 ml,1,3000
29-10-2020,Item-23,Air Mineral Botol 500 ml,1,3000
12-10-2020,Item-23,Air Mineral Botol 500 ml,4,3000
5-10-2020,Item-23,Air Mineral Botol 500 ml,1,3000
17-10-2020,Item-23,Air Mineral Botol 500 ml,1,3000
7-10-2020,Item-23,Air Mineral Botol 500 ml,3,3000
30-10-2020,Item-23,Air Mineral Botol 500 ml,3,3000
23-10-2020,Item-23,Air Mineral Botol 500 ml,3,3000
29-10-2020,Item-23,Air Mineral Botol 500 ml,4,3000
26-10-2020,Item-23,Air Mineral Botol 500 ml,3,3000
8-10-2020,Item-24,Pengharum Ruangan,1,7000
9-10-2020,Item-24,Pengharum Ruangan,11,7000
16-10-2020,Item-24,Pengharum Ruangan,4,7000
17-10-2020,Item-24,Pengharum Ruangan,18,7000
4-10-2020,Item-24,Pengharum Ruangan,16,7000
10-10-2020,Item-24,Pengharum Ruangan,1,7000
13-10-2020,Item-24,Pengharum Ruangan,16,7000
8-10-2020,Item-24,Pengharum Ruangan,18,7000
18-10-2020,Item-24,Pengharum Ruangan,8,7000
12-10-2020,Item-24,Pengharum Ruangan,8,7000
16-10-2020,Item-24,Pengharum Ruangan,12,7000
8-10-2020,Item-24,Pengharum Ruangan,13,7000
5-10-2020,Item-24,Pengharum Ruangan,14,7000
28-10-2020,Item-24,Pengharum Ruangan,17,7000
8-10-2020,Item-24,Pengharum Ruangan,7,7000
22-10-2020,Item-24,Pengharum Ruangan,1,7000
23-10-2020,Item-24,Pengharum Ruangan,1,7000
15-10-2020,Item-24,Pengharum Ruangan,14,7000
8-10-2020,Item-24,Pengharum Ruangan,17,7000
9-10-2020,Item-24,Pengharum Ruangan,9,7000
14-10-2020,Item-25,Pembalut Wanita Size L,14,15000
10-10-2020,Item-25,Pembalut Wanita Size L,15,15000
29-10-2020,Item-25,Pembalut Wanita Size L,17,15000
14-10-2020,Item-25,Pembalut Wanita Size L,1,15000
10-10-2020,Item-25,Pembalut Wanita Size L,11,15000
2-10-2020,Item-25,Pembalut Wanita Size L,11,15000
23-10-2020,Item-25,Pembalut Wanita Size L,13,15000
4-10-2020,Item-25,Pembalut Wanita Size L,11,15000
21-10-2020,Item-25,Pembalut Wanita Size L,7,15000
21-10-2020,Item-25,Pembalut Wanita Size L,11,15000
3-10-2020,Item-25,Pembalut Wanita Size L,12,15000
3-10-2020,Item-25,Pembalut Wanita Size L,6,15000
7-10-2020,Item-25,Pembalut Wanita Size L,12,15000
21-10-2020,Item-25,Pembalut Wanita Size L,20,15000
16-10-2020,Item-25,Pembalut Wanita Size L,14,15000
29-10-2020,Item-25,Pembalut Wanita Size L,9,15000
1-10-2020,Item-25,Pembalut Wanita Size L,14,15000
12-10-2020,Item-25,Pembalut Wanita Size L,16,15000
17-10-2020,Item-25,Pembalut Wanita Size L,17,15000
9-10-2020,Item-25,Pembalut Wanita Size L,11,15000
3-10-2020,Item-25,Pembalut Wanita Size L,12,15000
28-10-2020,Item-25,Pembalut Wanita Size L,9,15000
9-10-2020,Item-25,Pembalut Wanita Size L,18,15000
13-10-2020,Item-25,Pembalut Wanita Size L,5,15000
22-10-2020,Item-26,Susu Bubuk 195g,2,45000
28-10-2020,Item-26,Susu Bubuk 195g,15,45000
13-10-2020,Item-26,Susu Bubuk 195g,11,45000
5-10-2020,Item-26,Susu Bubuk 195g,7,45000
12-10-2020,Item-26,Susu Bubuk 195g,13,45000
18-10-2020,Item-26,Susu Bubuk 195g,11,45000
15-10-2020,Item-26,Susu Bubuk 195g,6,45000
1-10-2020,Item-26,Susu Bubuk 195g,13,45000
15-10-2020,Item-26,Susu Bubuk 195g,12,45000
7-10-2020,Item-26,Susu Bubuk 195g,18,45000
29-10-2020,Item-26,Susu Bubuk 195g,6,45000
15-10-2020,Item-26,Susu Bubuk 195g,4,45000
22-10-2020,Item-26,Susu Bubuk 195g,5,45000
7-10-2020,Item-26,Susu Bubuk 195g,17,45000
6-10-2020,Item-26,Susu Bubuk 195g,2,45000
25-10-2020,Item-26,Susu Bubuk 195g,12,45000
7-10-2020,Item-26,Susu Bubuk 195g,12,45000
14-10-2020,Item-26,Susu Bubuk 195g,4,45000
9-10-2020,Item-26,Susu Bubuk 195g,10,45000
1-10-2020,Item-26,Susu Bubuk 195g,14,45000
5-10-2020,Item-26,Susu Bubuk 195g,16,45000
11-10-2020,Item-26,Susu Bubuk 195g,1,45000
11-10-2020,Item-26,Susu Bubuk 195g,2,45000
3-10-2020,Item-26,Susu Bubuk 195g,5,45000
23-10-2020,Item-12,Beras Pulen 5 kg,3,63000
30-10-2020,Item-12,Beras Pulen 5 kg,4,63000
18-10-2020,Item-12,Beras Pulen 5 kg,3,63000
19-10-2020,Item-12,Beras Pulen 5 kg,4,63000
1-10-2020,Item-12,Beras Pulen 5 kg,3,63000
30-10-2020,Item-12,Beras Pulen 5 kg,4,63000
6-10-2020,Item-12,Beras Pulen 5 kg,3,63000
9-10-2020,Item-12,Beras Pulen 5 kg,4,63000
24-10-2020,Item-12,Beras Pulen 5 kg,3,63000
25-10-2020,Item-12,Beras Pulen 5 kg,4,63000
18-10-2020,Item-27,Bedak Bayi,16,25000
21-10-2020,Item-27,Bedak Bayi,5,25000
21-10-2020,Item-27,Bedak Bayi,4,25000
22-10-2020,Item-27,Bedak Bayi,7,25000
13-10-2020,Item-27,Bedak Bayi,14,25000
28-10-2020,Item-27,Bedak Bayi,9,25000
13-10-2020,Item-27,Bedak Bayi,19,25000
18-10-2020,Item-27,Bedak Bayi,2,25000
25-10-2020,Item-27,Bedak Bayi,7,25000
14-10-2020,Item-27,Bedak Bayi,19,25000
10-10-2020,Item-27,Bedak Bayi,4,25000
1-10-2020,Item-27,Bedak Bayi,15,25000
10-10-2020,Item-28,Tisu,3,7000
19-10-2020,Item-28,Tisu,1,7000
8-10-2020,Item-28,Tisu,15,7000
3-10-2020,Item-28,Tisu,3,7000
15-10-2020,Item-28,Tisu,8,7000
14-10-2020,Item-28,Tisu,13,7000
7-10-2020,Item-28,Tisu,14,7000
3-10-2020,Item-28,Tisu,2,7000
9-10-2020,Item-28,Tisu,1,7000
21-10-2020,Item-28,Tisu,7,7000
30-10-2020,Item-28,Tisu,8,7000
8-10-2020,Item-28,Tisu,3,7000
26-10-2020,Item-28,Tisu,18,7000
10-10-2020,Item-28,Tisu,4,7000
15-10-2020,Item-28,Tisu,13,7000
20-10-2020,Item-28,Tisu,8,7000
3-10-2020,Item-28,Tisu,1,7000
7-10-2020,Item-28,Tisu,2,7000
21-10-2020,Item-28,Tisu,4,7000
5-10-2020,Item-28,Tisu,2,7000
29-10-2020,Item-28,Tisu,12,7000
23-10-2020,Item-28,Tisu,4,7000
29-10-2020,Item-28,Tisu,20,7000
6-10-2020,Item-28,Tisu,18,7000
27-10-2020,Item-28,Tisu,4,7000
9-10-2020,Item-28,Tisu,16,7000
12-10-2020,Item-28,Tisu,13,7000
12-10-2020,Item-28,Tisu,8,7000
15-10-2020,Item-29,Bubur Bayi,10,8000
14-10-2020,Item-29,Bubur Bayi,14,8000
13-10-2020,Item-29,Bubur Bayi,18,8000
1-10-2020,Item-29,Bubur Bayi,2,8000
28-10-2020,Item-29,Bubur Bayi,10,8000
10-10-2020,Item-29,Bubur Bayi,5,8000
8-10-2020,Item-29,Bubur Bayi,14,8000
3-10-2020,Item-29,Bubur Bayi,19,8000
27-10-2020,Item-29,Bubur Bayi,1,8000
6-10-2020,Item-29,Bubur Bayi,2,8000
29-10-2020,Item-29,Bubur Bayi,8,8000
17-10-2020,Item-29,Bubur Bayi,18,8000
5-10-2020,Item-29,Bubur Bayi,18,8000
2-10-2020,Item-29,Bubur Bayi,16,8000
24-10-2020,Item-29,Bubur Bayi,18,8000
22-10-2020,Item-29,Bubur Bayi,12,8000
30-10-2020,Item-29,Bubur Bayi,19,8000
10-10-2020,Item-29,Bubur Bayi,20,8000
14-10-2020,Item-29,Bubur Bayi,12,8000
21-10-2020,Item-29,Bubur Bayi,2,8000
12-10-2020,Item-29,Bubur Bayi,8,8000
17-10-2020,Item-29,Bubur Bayi,5,8000
3-10-2020,Item-29,Bubur Bayi,20,8000
28-10-2020,Item-29,Bubur Bayi,4,8000
20-10-2020,Item-29,Bubur Bayi,3,8000
2-10-2020,Item-29,Bubur Bayi,2,8000
24-10-2020,Item-29,Bubur Bayi,11,8000
24-10-2020,Item-29,Bubur Bayi,19,8000
30-10-2020,Item-30,Kosmetik Wanita,19,8000
16-10-2020,Item-30,Kosmetik Wanita,19,8000
21-10-2020,Item-30,Kosmetik Wanita,9,8000
27-10-2020,Item-30,Kosmetik Wanita,15,8000
14-10-2020,Item-30,Kosmetik Wanita,9,8000
30-10-2020,Item-30,Kosmetik Wanita,9,8000
15-10-2020,Item-30,Kosmetik Wanita,8,8000
1-10-2020,Item-30,Kosmetik Wanita,9,8000
13-10-2020,Item-30,Kosmetik Wanita,15,8000
18-10-2020,Item-30,Kosmetik Wanita,8,8000
18-10-2020,Item-30,Kosmetik Wanita,9,8000
9-10-2020,Item-30,Kosmetik Wanita,16,8000
22-10-2020,Item-30,Kosmetik Wanita,15,8000
27-10-2020,Item-30,Kosmetik Wanita,17,8000
28-10-2020,Item-30,Kosmetik Wanita,8,8000
8-10-2020,Item-30,Kosmetik Wanita,10,8000
26-10-2020,Item-30,Kosmetik Wanita,19,8000
19-10-2020,Item-30,Kosmetik Wanita,8,8000
28-10-2020,Item-30,Kosmetik Wanita,12,8000
29-10-2020,Item-30,Kosmetik Wanita,9,8000
23-10-2020,Item-31,Body Lotion Botol,13,12000
24-10-2020,Item-31,Body Lotion Botol,11,12000
17-10-2020,Item-31,Body Lotion Botol,14,12000
25-10-2020,Item-31,Body Lotion Botol,16,12000
3-10-2020,Item-31,Body Lotion Botol,18,12000
9-10-2020,Item-31,Body Lotion Botol,4,12000
13-10-2020,Item-31,Body Lotion Botol,10,12000
3-10-2020,Item-31,Body Lotion Botol,20,12000
1-10-2020,Item-31,Body Lotion Botol,2,12000
16-10-2020,Item-31,Body Lotion Botol,16,12000
14-10-2020,Item-31,Body Lotion Botol,12,12000
25-10-2020,Item-31,Body Lotion Botol,12,12000
23-10-2020,Item-31,Body Lotion Botol,7,12000
22-10-2020,Item-31,Body Lotion Botol,9,12000
25-10-2020,Item-31,Body Lotion Botol,5,12000
13-10-2020,Item-31,Body Lotion Botol,8,12000
25-10-2020,Item-31,Body Lotion Botol,13,12000
9-10-2020,Item-31,Body Lotion Botol,10,12000
3-10-2020,Item-31,Body Lotion Botol,4,12000
13-10-2020,Item-31,Body Lotion Botol,9,12000
11-10-2020,Item-31,Body Lotion Botol,14,12000
28-10-2020,Item-31,Body Lotion Botol,3,12000
1-10-2020,Item-31,Body Lotion Botol,8,12000
10-10-2020,Item-31,Body Lotion Botol,18,12000
15-10-2020,Item-31,Body Lotion Botol,20,12000
23-10-2020,Item-31,Body Lotion Botol,8,12000
5-10-2020,Item-31,Body Lotion Botol,14,12000
1-10-2020,Item-31,Body Lotion Botol,6,12000
27-10-2020,Item-32,Biscuit,14,10000
22-10-2020,Item-32,Biscuit,1,10000
25-10-2020,Item-32,Biscuit,11,10000
3-10-2020,Item-32,Biscuit,12,10000
21-10-2020,Item-18,Telur Ayam Negeri,1,1700
12-10-2020,Item-18,Telur Ayam Negeri,2,1700
24-10-2020,Item-18,Telur Ayam Negeri,3,1700
23-10-2020,Item-18,Telur Ayam Negeri,4,1700
15-10-2020,Item-18,Telur Ayam Negeri,5,1700
26-10-2020,Item-18,Telur Ayam Negeri,1,1700
19-10-2020,Item-18,Telur Ayam Negeri,2,1700
16-10-2020,Item-18,Telur Ayam Negeri,3,1700
29-10-2020,Item-18,Telur Ayam Negeri,4,1700
2-10-2020,Item-18,Telur Ayam Negeri,5,1700
21-10-2020,Item-18,Telur Ayam Negeri,6,1700
3-10-2020,Item-14,Teh Celup Melati,4,7800
11-10-2020,Item-14,Teh Celup Melati,5,7800
11-10-2020,Item-14,Teh Celup Melati,10,7800
11-10-2020,Item-14,Teh Celup Melati,7,7800
18-10-2020,Item-14,Teh Celup Melati,5,7800
22-10-2020,Item-33,Es Cream,20,5000
8-10-2020,Item-33,Es Cream,14,5000
26-10-2020,Item-33,Es Cream,17,5000
14-10-2020,Item-33,Es Cream,5,5000
17-10-2020,Item-33,Es Cream,13,5000
25-10-2020,Item-33,Es Cream,1,5000
6-10-2020,Item-33,Es Cream,8,5000
7-10-2020,Item-33,Es Cream,5,5000
8-10-2020,Item-33,Es Cream,12,5000
3-10-2020,Item-33,Es Cream,12,5000
11-10-2020,Item-33,Es Cream,11,5000
7-10-2020,Item-33,Es Cream,2,5000
20-10-2020,Item-33,Es Cream,19,5000
7-10-2020,Item-33,Es Cream,10,5000
17-10-2020,Item-33,Es Cream,10,5000
2-10-2020,Item-33,Es Cream,6,5000
1-10-2020,Item-33,Es Cream,7,5000
8-10-2020,Item-33,Es Cream,13,5000
11-10-2020,Item-33,Es Cream,7,5000
29-10-2020,Item-33,Es Cream,15,5000
6-10-2020,Item-33,Es Cream,12,5000
15-10-2020,Item-33,Es Cream,8,5000
16-10-2020,Item-33,Es Cream,6,5000
21-10-2020,Item-33,Es Cream,9,5000
13-10-2020,Item-34,Sirup Botol,14,12000
23-10-2020,Item-34,Sirup Botol,10,12000
6-10-2020,Item-34,Sirup Botol,6,12000
11-10-2020,Item-34,Sirup Botol,10,12000
3-10-2020,Item-34,Sirup Botol,5,12000
14-10-2020,Item-34,Sirup Botol,8,12000
9-10-2020,Item-34,Sirup Botol,15,12000
6-10-2020,Item-34,Sirup Botol,12,12000
24-10-2020,Item-34,Sirup Botol,17,12000
5-10-2020,Item-34,Sirup Botol,5,12000
18-10-2020,Item-34,Sirup Botol,15,12000
6-10-2020,Item-34,Sirup Botol,6,12000
7-11-2020,Item-14,Teh Celup Melati,4,7800
22-11-2020,Item-14,Teh Celup Melati,5,7800
15-11-2020,Item-14,Teh Celup Melati,10,7800
6-11-2020,Item-14,Teh Celup Melati,7,7800
25-11-2020,Item-14,Teh Celup Melati,5,7800
16-11-2020,Item-20,Pampers Bayi Size M,4,41000
23-11-2020,Item-20,Pampers Bayi Size M,3,41000
13-11-2020,Item-20,Pampers Bayi Size M,3,41000
1-11-2020,Item-20,Pampers Bayi Size M,1,41000
19-11-2020,Item-20,Pampers Bayi Size M,2,41000
17-11-2020,Item-20,Pampers Bayi Size M,1,41000
29-11-2020,Item-20,Pampers Bayi Size M,2,41000
6-11-2020,Item-20,Pampers Bayi Size M,1,41000
6-11-2020,Item-20,Pampers Bayi Size M,2,41000
28-11-2020,Item-20,Pampers Bayi Size M,1,41000
29-11-2020,Item-20,Pampers Bayi Size M,1,41000
30-11-2020,Item-20,Pampers Bayi Size M,1,41000
13-11-2020,Item-20,Pampers Bayi Size M,3,41000
10-11-2020,Item-20,Pampers Bayi Size M,3,41000
20-11-2020,Item-20,Pampers Bayi Size M,3,41000
6-11-2020,Item-03,Gula Pasir Putih 1 kg,3,12500
19-11-2020,Item-03,Gula Pasir Putih 1 kg,2,12500
10-11-2020,Item-03,Gula Pasir Putih 1 kg,3,12500
11-11-2020,Item-03,Gula Pasir Putih 1 kg,1,12500
29-11-2020,Item-03,Gula Pasir Putih 1 kg,2,12500
4-11-2020,Item-03,Gula Pasir Putih 1 kg,4,12500
4-11-2020,Item-03,Gula Pasir Putih 1 kg,1,12500
19-11-2020,Item-03,Gula Pasir Putih 1 kg,3,12500
30-11-2020,Item-03,Gula Pasir Putih 1 kg,2,12500
29-11-2020,Item-01,Batere AA,4,12000
22-11-2020,Item-01,Batere AA,2,12000
22-11-2020,Item-01,Batere AA,2,12000
17-11-2020,Item-04,Kopi Instant,4,5200
10-11-2020,Item-04,Kopi Instant,3,5200
2-11-2020,Item-04,Kopi Instant,3,5200
28-11-2020,Item-03,Gula Pasir Putih 1 kg,1,12500
22-11-2020,Item-03,Gula Pasir Putih 1 kg,3,12500
4-11-2020,Item-04,Kopi Instant,1,5200
29-11-2020,Item-04,Kopi Instant,2,5200
21-11-2020,Item-04,Kopi Instant,1,5200
11-11-2020,Item-04,Kopi Instant,2,5200
28-11-2020,Item-04,Kopi Instant,1,5200
8-11-2020,Item-04,Kopi Instant,2,5200
9-11-2020,Item-04,Kopi Instant,1,5200
28-11-2020,Item-04,Kopi Instant,4,5200
21-11-2020,Item-04,Kopi Instant,1,5200
13-11-2020,Item-04,Kopi Instant,3,5200
22-11-2020,Item-05,Mi Goreng Instant,3,2600
2-11-2020,Item-05,Mi Goreng Instant,1,2600
23-11-2020,Item-05,Mi Goreng Instant,3,2600
4-11-2020,Item-05,Mi Goreng Instant,3,2600
18-11-2020,Item-05,Mi Goreng Instant,4,2600
16-11-2020,Item-21,Shampoo Sachet,2,1000
27-11-2020,Item-21,Shampoo Sachet,1,1000
29-11-2020,Item-21,Shampoo Sachet,1,1000
23-11-2020,Item-21,Shampoo Sachet,1,1000
2-11-2020,Item-21,Shampoo Sachet,1,1000
16-11-2020,Item-21,Shampoo Sachet,4,1000
11-11-2020,Item-21,Shampoo Sachet,2,1000
7-11-2020,Item-02,Bawang Putih 200 gram,2,15000
25-11-2020,Item-02,Bawang Putih 200 gram,1,15000
12-11-2020,Item-02,Bawang Putih 200 gram,1,15000
23-11-2020,Item-02,Bawang Putih 200 gram,1,15000
9-11-2020,Item-02,Bawang Putih 200 gram,1,15000
23-11-2020,Item-02,Bawang Putih 200 gram,4,15000
14-11-2020,Item-02,Bawang Putih 200 gram,1,15000
4-11-2020,Item-02,Bawang Putih 200 gram,2,15000
27-11-2020,Item-05,Mi Goreng Instant,4,2600
4-11-2020,Item-05,Mi Goreng Instant,2,2600
8-11-2020,Item-05,Mi Goreng Instant,3,2600
17-11-2020,Item-05,Mi Goreng Instant,4,2600
15-11-2020,Item-05,Mi Goreng Instant,1,2600
30-11-2020,Item-05,Mi Goreng Instant,2,2600
27-11-2020,Item-05,Mi Goreng Instant,4,2600
16-11-2020,Item-05,Mi Goreng Instant,1,2600
26-11-2020,Item-05,Mi Goreng Instant,4,2600
22-11-2020,Item-05,Mi Goreng Instant,4,2600
24-11-2020,Item-05,Mi Goreng Instant,3,2600
4-11-2020,Item-05,Mi Goreng Instant,2,2600
9-11-2020,Item-21,Shampoo Sachet,2,1000
27-11-2020,Item-21,Shampoo Sachet,1,1000
30-11-2020,Item-21,Shampoo Sachet,1,1000
11-11-2020,Item-21,Shampoo Sachet,2,1000
3-11-2020,Item-26,Susu Bubuk 195g,17,45000
4-11-2020,Item-26,Susu Bubuk 195g,1,45000
25-11-2020,Item-26,Susu Bubuk 195g,20,45000
1-11-2020,Item-26,Susu Bubuk 195g,17,45000
22-11-2020,Item-07,Pembersih Lantai,1,12000
18-11-2020,Item-07,Pembersih Lantai,1,12000
3-11-2020,Item-07,Pembersih Lantai,4,12000
24-11-2020,Item-07,Pembersih Lantai,2,12000
2-11-2020,Item-07,Pembersih Lantai,1,12000
14-11-2020,Item-07,Pembersih Lantai,1,12000
18-11-2020,Item-07,Pembersih Lantai,1,12000
25-11-2020,Item-07,Pembersih Lantai,1,12000
5-11-2020,Item-07,Pembersih Lantai,2,12000
1-11-2020,Item-22,Minyak Goreng 1 Lt,3,16000
5-11-2020,Item-22,Minyak Goreng 1 Lt,2,16000
9-11-2020,Item-22,Minyak Goreng 1 Lt,3,16000
2-11-2020,Item-22,Minyak Goreng 1 Lt,2,16000
23-11-2020,Item-22,Minyak Goreng 1 Lt,1,16000
12-11-2020,Item-22,Minyak Goreng 1 Lt,2,16000
7-11-2020,Item-22,Minyak Goreng 1 Lt,3,16000
3-11-2020,Item-22,Minyak Goreng 1 Lt,1,16000
6-11-2020,Item-22,Minyak Goreng 1 Lt,3,16000
6-11-2020,Item-22,Minyak Goreng 1 Lt,4,16000
30-11-2020,Item-22,Minyak Goreng 1 Lt,4,16000
27-11-2020,Item-22,Minyak Goreng 1 Lt,2,16000
23-11-2020,Item-23,Air Mineral Botol 500 ml,2,3000
25-11-2020,Item-23,Air Mineral Botol 500 ml,1,3000
4-11-2020,Item-23,Air Mineral Botol 500 ml,2,3000
12-11-2020,Item-23,Air Mineral Botol 500 ml,1,3000
20-11-2020,Item-23,Air Mineral Botol 500 ml,1,3000
15-11-2020,Item-23,Air Mineral Botol 500 ml,2,3000
4-11-2020,Item-23,Air Mineral Botol 500 ml,1,3000
21-11-2020,Item-23,Air Mineral Botol 500 ml,2,3000
7-11-2020,Item-23,Air Mineral Botol 500 ml,1,3000
7-11-2020,Item-23,Air Mineral Botol 500 ml,1,3000
13-11-2020,Item-23,Air Mineral Botol 500 ml,4,3000
21-11-2020,Item-23,Air Mineral Botol 500 ml,3,3000
17-11-2020,Item-23,Air Mineral Botol 500 ml,3,3000
1-11-2020,Item-24,Pengharum Ruangan,16,7000
7-11-2020,Item-24,Pengharum Ruangan,16,7000
9-11-2020,Item-24,Pengharum Ruangan,8,7000
15-11-2020,Item-24,Pengharum Ruangan,8,7000
15-11-2020,Item-24,Pengharum Ruangan,13,7000
17-11-2020,Item-24,Pengharum Ruangan,14,7000
21-11-2020,Item-24,Pengharum Ruangan,17,7000
10-11-2020,Item-24,Pengharum Ruangan,7,7000
24-11-2020,Item-24,Pengharum Ruangan,1,7000
18-11-2020,Item-24,Pengharum Ruangan,1,7000
27-11-2020,Item-24,Pengharum Ruangan,17,7000
9-11-2020,Item-24,Pengharum Ruangan,9,7000
13-11-2020,Item-25,Pembalut Wanita Size L,17,15000
3-11-2020,Item-25,Pembalut Wanita Size L,1,15000
22-11-2020,Item-25,Pembalut Wanita Size L,11,15000
19-11-2020,Item-25,Pembalut Wanita Size L,11,15000
27-11-2020,Item-25,Pembalut Wanita Size L,11,15000
6-11-2020,Item-25,Pembalut Wanita Size L,7,15000
22-11-2020,Item-25,Pembalut Wanita Size L,6,15000
20-11-2020,Item-25,Pembalut Wanita Size L,12,15000
14-11-2020,Item-25,Pembalut Wanita Size L,20,15000
15-11-2020,Item-25,Pembalut Wanita Size L,9,15000
23-11-2020,Item-25,Pembalut Wanita Size L,14,15000
10-11-2020,Item-25,Pembalut Wanita Size L,11,15000
16-11-2020,Item-25,Pembalut Wanita Size L,12,15000
20-11-2020,Item-25,Pembalut Wanita Size L,9,15000
29-11-2020,Item-25,Pembalut Wanita Size L,18,15000
20-11-2020,Item-26,Susu Bubuk 195g,2,45000
10-11-2020,Item-26,Susu Bubuk 195g,11,45000
25-11-2020,Item-26,Susu Bubuk 195g,7,45000
16-11-2020,Item-26,Susu Bubuk 195g,13,45000
7-11-2020,Item-26,Susu Bubuk 195g,6,45000
15-11-2020,Item-26,Susu Bubuk 195g,18,45000
25-11-2020,Item-26,Susu Bubuk 195g,6,45000
12-11-2020,Item-26,Susu Bubuk 195g,4,45000
20-11-2020,Item-26,Susu Bubuk 195g,2,45000
27-11-2020,Item-26,Susu Bubuk 195g,12,45000
3-11-2020,Item-26,Susu Bubuk 195g,10,45000
6-11-2020,Item-26,Susu Bubuk 195g,16,45000
30-11-2020,Item-26,Susu Bubuk 195g,1,45000
30-11-2020,Item-12,Beras Pulen 5 kg,3,63000
30-11-2020,Item-12,Beras Pulen 5 kg,4,63000
15-11-2020,Item-12,Beras Pulen 5 kg,4,63000
6-11-2020,Item-12,Beras Pulen 5 kg,3,63000
3-11-2020,Item-12,Beras Pulen 5 kg,4,63000
15-11-2020,Item-12,Beras Pulen 5 kg,4,63000
2-11-2020,Item-12,Beras Pulen 5 kg,3,63000
30-11-2020,Item-12,Beras Pulen 5 kg,4,63000
22-11-2020,Item-27,Bedak Bayi,16,25000
18-11-2020,Item-27,Bedak Bayi,5,25000
23-11-2020,Item-27,Bedak Bayi,4,25000
9-11-2020,Item-27,Bedak Bayi,14,25000
4-11-2020,Item-27,Bedak Bayi,9,25000
9-11-2020,Item-27,Bedak Bayi,2,25000
3-11-2020,Item-27,Bedak Bayi,19,25000
2-11-2020,Item-27,Bedak Bayi,4,25000
3-11-2020,Item-27,Bedak Bayi,15,25000
20-11-2020,Item-28,Tisu,3,7000
9-11-2020,Item-28,Tisu,15,7000
9-11-2020,Item-28,Tisu,3,7000
8-11-2020,Item-28,Tisu,8,7000
15-11-2020,Item-28,Tisu,14,7000
2-11-2020,Item-28,Tisu,2,7000
3-11-2020,Item-28,Tisu,1,7000
23-11-2020,Item-28,Tisu,7,7000
9-11-2020,Item-28,Tisu,18,7000
25-11-2020,Item-28,Tisu,2,7000
2-11-2020,Item-28,Tisu,12,7000
6-11-2020,Item-28,Tisu,4,7000
5-11-2020,Item-28,Tisu,18,7000
29-11-2020,Item-28,Tisu,16,7000
6-11-2020,Item-28,Tisu,13,7000
23-11-2020,Item-29,Bubur Bayi,18,8000
28-11-2020,Item-29,Bubur Bayi,2,8000
6-11-2020,Item-29,Bubur Bayi,10,8000
29-11-2020,Item-29,Bubur Bayi,19,8000
3-11-2020,Item-29,Bubur Bayi,1,8000
21-11-2020,Item-29,Bubur Bayi,2,8000
15-11-2020,Item-29,Bubur Bayi,8,8000
11-11-2020,Item-29,Bubur Bayi,18,8000
29-11-2020,Item-29,Bubur Bayi,16,8000
11-11-2020,Item-29,Bubur Bayi,18,8000
27-11-2020,Item-29,Bubur Bayi,19,8000
15-11-2020,Item-29,Bubur Bayi,12,8000
25-11-2020,Item-29,Bubur Bayi,2,8000
26-11-2020,Item-29,Bubur Bayi,8,8000
20-11-2020,Item-29,Bubur Bayi,5,8000
16-11-2020,Item-29,Bubur Bayi,4,8000
17-11-2020,Item-29,Bubur Bayi,3,8000
14-11-2020,Item-30,Kosmetik Wanita,19,8000
3-11-2020,Item-30,Kosmetik Wanita,19,8000
6-11-2020,Item-30,Kosmetik Wanita,9,8000
8-11-2020,Item-30,Kosmetik Wanita,15,8000
6-11-2020,Item-30,Kosmetik Wanita,9,8000
24-11-2020,Item-30,Kosmetik Wanita,9,8000
25-11-2020,Item-30,Kosmetik Wanita,9,8000
4-11-2020,Item-30,Kosmetik Wanita,15,8000
8-11-2020,Item-30,Kosmetik Wanita,8,8000
17-11-2020,Item-30,Kosmetik Wanita,9,8000
12-11-2020,Item-30,Kosmetik Wanita,16,8000
20-11-2020,Item-30,Kosmetik Wanita,15,8000
11-11-2020,Item-30,Kosmetik Wanita,17,8000
29-11-2020,Item-30,Kosmetik Wanita,8,8000
2-11-2020,Item-30,Kosmetik Wanita,19,8000
10-11-2020,Item-30,Kosmetik Wanita,8,8000
12-11-2020,Item-30,Kosmetik Wanita,12,8000
8-11-2020,Item-30,Kosmetik Wanita,9,8000
15-11-2020,Item-31,Body Lotion Botol,13,12000
27-11-2020,Item-31,Body Lotion Botol,14,12000
8-11-2020,Item-31,Body Lotion Botol,18,12000
30-11-2020,Item-31,Body Lotion Botol,10,12000
28-11-2020,Item-31,Body Lotion Botol,20,12000
26-11-2020,Item-31,Body Lotion Botol,2,12000
3-11-2020,Item-31,Body Lotion Botol,16,12000
5-11-2020,Item-31,Body Lotion Botol,12,12000
26-11-2020,Item-31,Body Lotion Botol,7,12000
16-11-2020,Item-31,Body Lotion Botol,9,12000
9-11-2020,Item-31,Body Lotion Botol,5,12000
26-11-2020,Item-31,Body Lotion Botol,13,12000
13-11-2020,Item-31,Body Lotion Botol,10,12000
27-11-2020,Item-31,Body Lotion Botol,4,12000
20-11-2020,Item-31,Body Lotion Botol,9,12000
11-11-2020,Item-31,Body Lotion Botol,14,12000
16-11-2020,Item-31,Body Lotion Botol,8,12000
2-11-2020,Item-31,Body Lotion Botol,18,12000
2-11-2020,Item-31,Body Lotion Botol,8,12000
5-11-2020,Item-31,Body Lotion Botol,14,12000
21-11-2020,Item-31,Body Lotion Botol,6,12000
23-11-2020,Item-32,Biscuit,14,10000
14-11-2020,Item-32,Biscuit,1,10000
30-11-2020,Item-32,Biscuit,11,10000
19-11-2020,Item-32,Biscuit,12,10000
21-11-2020,Item-18,Telur Ayam Negeri,1,1700
18-11-2020,Item-18,Telur Ayam Negeri,3,1700
20-11-2020,Item-18,Telur Ayam Negeri,4,1700
23-11-2020,Item-18,Telur Ayam Negeri,5,1700
10-11-2020,Item-18,Telur Ayam Negeri,1,1700
22-11-2020,Item-18,Telur Ayam Negeri,2,1700
29-11-2020,Item-18,Telur Ayam Negeri,4,1700
6-11-2020,Item-18,Telur Ayam Negeri,6,1700
13-11-2020,Item-14,Teh Celup Melati,4,7800
17-11-2020,Item-14,Teh Celup Melati,5,7800
10-11-2020,Item-14,Teh Celup Melati,7,7800
2-11-2020,Item-14,Teh Celup Melati,5,7800
18-11-2020,Item-33,Es Cream,20,5000
14-11-2020,Item-33,Es Cream,14,5000
6-11-2020,Item-33,Es Cream,17,5000
19-11-2020,Item-33,Es Cream,8,5000
25-11-2020,Item-33,Es Cream,5,5000
25-11-2020,Item-33,Es Cream,12,5000
2-11-2020,Item-33,Es Cream,19,5000
29-11-2020,Item-33,Es Cream,10,5000
23-11-2020,Item-33,Es Cream,10,5000
2-11-2020,Item-33,Es Cream,6,5000
4-11-2020,Item-33,Es Cream,7,5000
29-11-2020,Item-33,Es Cream,7,5000
9-11-2020,Item-33,Es Cream,12,5000
20-11-2020,Item-33,Es Cream,8,5000
25-11-2020,Item-33,Es Cream,6,5000
21-11-2020,Item-33,Es Cream,9,5000
11-11-2020,Item-34,Sirup Botol,14,12000
21-11-2020,Item-34,Sirup Botol,10,12000
20-11-2020,Item-34,Sirup Botol,10,12000
25-11-2020,Item-34,Sirup Botol,5,12000
15-11-2020,Item-34,Sirup Botol,15,12000
23-11-2020,Item-34,Sirup Botol,12,12000
25-11-2020,Item-34,Sirup Botol,17,12000
14-11-2020,Item-34,Sirup Botol,15,12000
20-11-2020,Item-34,Sirup Botol,6,12000
9-12-2020,Item-11,Sabun Cuci Piring,3,14000
24-12-2020,Item-11,Sabun Cuci Piring,3,14000
5-12-2020,Item-11,Sabun Cuci Piring,2,14000
21-12-2020,Item-03,Gula Pasir Putih 1 kg,2,12500
16-12-2020,Item-11,Sabun Cuci Piring,3,14000
3-12-2020,Item-11,Sabun Cuci Piring,4,14000
29-12-2020,Item-26,Susu Bubuk 195g,7,45000
6-12-2020,Item-11,Sabun Cuci Piring,2,14000
14-12-2020,Item-11,Sabun Cuci Piring,3,14000
15-12-2020,Item-16,Balsem Putih 20 gram,1,22300
12-12-2020,Item-11,Sabun Cuci Piring,4,14000
6-12-2020,Item-16,Balsem Putih 20 gram,1,22300
2-12-2020,Item-26,Susu Bubuk 195g,14,45000
18-12-2020,Item-11,Sabun Cuci Piring,3,14000
13-12-2020,Item-03,Gula Pasir Putih 1 kg,3,12500
8-12-2020,Item-11,Sabun Cuci Piring,2,14000
2-12-2020,Item-17,Obat Batuk,3,5000
28-12-2020,Item-03,Gula Pasir Putih 1 kg,2,12500
21-12-2020,Item-11,Sabun Cuci Piring,3,14000
29-12-2020,Item-16,Balsem Putih 20 gram,4,22300
27-12-2020,Item-03,Gula Pasir Putih 1 kg,2,12500
22-12-2020,Item-11,Sabun Cuci Piring,2,14000
13-12-2020,Item-16,Balsem Putih 20 gram,2,22300
23-12-2020,Item-03,Gula Pasir Putih 1 kg,1,12500
30-12-2020,Item-26,Susu Bubuk 195g,1,45000
21-12-2020,Item-11,Sabun Cuci Piring,4,14000
7-12-2020,Item-03,Gula Pasir Putih 1 kg,2,12500
13-12-2020,Item-03,Gula Pasir Putih 1 kg,2,12500
11-12-2020,Item-03,Gula Pasir Putih 1 kg,3,12500
11-12-2020,Item-03,Gula Pasir Putih 1 kg,3,12500
24-12-2020,Item-03,Gula Pasir Putih 1 kg,3,12500
14-12-2020,Item-11,Sabun Cuci Piring,3,14000
19-12-2020,Item-13,Pisau Cukur,1,6500
7-12-2020,Item-14,Teh Celup Melati,4,7800
30-12-2020,Item-13,Pisau Cukur,1,6500
28-12-2020,Item-14,Teh Celup Melati,4,7800
18-12-2020,Item-14,Teh Celup Melati,5,7800
8-12-2020,Item-14,Teh Celup Melati,10,7800
18-12-2020,Item-14,Teh Celup Melati,7,7800
19-12-2020,Item-14,Teh Celup Melati,5,7800
20-12-2020,Item-11,Sabun Cuci Piring,2,14000
20-12-2020,Item-03,Gula Pasir Putih 1 kg,2,12500
26-12-2020,Item-11,Sabun Cuci Piring,2,14000
10-12-2020,Item-13,Pisau Cukur,1,6500
3-12-2020,Item-14,Teh Celup Melati,3,7800
8-12-2020,Item-11,Sabun Cuci Piring,3,14000
25-12-2020,Item-13,Pisau Cukur,1,6500
16-12-2020,Item-03,Gula Pasir Putih 1 kg,1,12500
28-12-2020,Item-11,Sabun Cuci Piring,2,14000
14-12-2020,Item-14,Teh Celup Melati,1,7800
4-12-2020,Item-11,Sabun Cuci Piring,3,14000
27-12-2020,Item-13,Pisau Cukur,2,6500
4-12-2020,Item-03,Gula Pasir Putih 1 kg,4,12500
29-12-2020,Item-11,Sabun Cuci Piring,2,14000
22-12-2020,Item-13,Pisau Cukur,3,6500
6-12-2020,Item-14,Teh Celup Melati,3,7800
25-12-2020,Item-03,Gula Pasir Putih 1 kg,2,12500
20-12-2020,Item-14,Teh Celup Melati,4,7800
21-12-2020,Item-14,Teh Celup Melati,1,7800
8-12-2020,Item-03,Gula Pasir Putih 1 kg,2,12500
21-12-2020,Item-03,Gula Pasir Putih 1 kg,1,12500
20-12-2020,Item-14,Teh Celup Melati,1,7800
18-12-2020,Item-03,Gula Pasir Putih 1 kg,1,12500
4-12-2020,Item-03,Gula Pasir Putih 1 kg,2,12500
20-12-2020,Item-14,Teh Celup Melati,1,7800
11-12-2020,Item-03,Gula Pasir Putih 1 kg,3,12500
24-12-2020,Item-14,Teh Celup Melati,1,7800
25-12-2020,Item-11,Sabun Cuci Piring,4,14000
11-12-2020,Item-06,Sabun Mandi Cair 100 ml,2,10500
8-12-2020,Item-06,Sabun Mandi Cair 100 ml,2,10500
7-12-2020,Item-05,Mi Goreng Instant,2,2600
23-12-2020,Item-05,Mi Goreng Instant,2,2600
13-12-2020,Item-05,Mi Goreng Instant,2,2600
15-12-2020,Item-05,Mi Goreng Instant,1,2600
26-12-2020,Item-05,Mi Goreng Instant,3,2600
14-12-2020,Item-05,Mi Goreng Instant,1,2600
20-12-2020,Item-05,Mi Goreng Instant,1,2600
12-12-2020,Item-05,Mi Goreng Instant,4,2600
20-12-2020,Item-06,Sabun Mandi Cair 100 ml,2,10500
27-12-2020,Item-06,Sabun Mandi Cair 100 ml,1,10500
24-12-2020,Item-08,Vitamin C,4,2000
27-12-2020,Item-08,Vitamin C,4,2000
9-12-2020,Item-08,Vitamin C,2,2000
15-12-2020,Item-08,Vitamin C,3,2000
3-12-2020,Item-08,Vitamin C,4,2000
14-12-2020,Item-08,Vitamin C,1,2000
24-12-2020,Item-08,Vitamin C,4,2000
25-12-2020,Item-08,Vitamin C,4,2000
10-12-2020,Item-08,Vitamin C,1,2000
6-12-2020,Item-08,Vitamin C,1,2000
8-12-2020,Item-09,Roti Tawar,3,12500
25-12-2020,Item-09,Roti Tawar,2,12500
18-12-2020,Item-09,Roti Tawar,4,12500
18-12-2020,Item-09,Roti Tawar,2,12500
2-12-2020,Item-09,Roti Tawar,1,12500
6-12-2020,Item-14,Teh Celup Melati,1,7800
5-12-2020,Item-13,Pisau Cukur,4,6500
3-12-2020,Item-11,Sabun Cuci Piring,2,14000
17-12-2020,Item-14,Teh Celup Melati,3,7800
11-12-2020,Item-14,Teh Celup Melati,2,7800
27-12-2020,Item-14,Teh Celup Melati,4,7800
22-12-2020,Item-13,Pisau Cukur,4,6500
11-12-2020,Item-03,Gula Pasir Putih 1 kg,4,12500
29-12-2020,Item-14,Teh Celup Melati,4,7800
20-12-2020,Item-14,Teh Celup Melati,1,7800
1-12-2020,Item-03,Gula Pasir Putih 1 kg,3,12500
24-12-2020,Item-03,Gula Pasir Putih 1 kg,2,12500
16-12-2020,Item-03,Gula Pasir Putih 1 kg,4,12500
29-12-2020,Item-03,Gula Pasir Putih 1 kg,4,12500
27-12-2020,Item-10,Biskuit Waver Kaleng,4,24000
17-12-2020,Item-10,Biskuit Waver Kaleng,1,24000
1-12-2020,Item-10,Biskuit Waver Kaleng,4,24000
1-12-2020,Item-09,Roti Tawar,3,12500
21-12-2020,Item-10,Biskuit Waver Kaleng,1,24000
20-12-2020,Item-03,Gula Pasir Putih 1 kg,4,12500
1-12-2020,Item-10,Biskuit Waver Kaleng,3,24000
3-12-2020,Item-10,Biskuit Waver Kaleng,2,24000
20-12-2020,Item-03,Gula Pasir Putih 1 kg,3,12500
9-12-2020,Item-10,Biskuit Waver Kaleng,4,24000
20-12-2020,Item-09,Roti Tawar,2,12500
27-12-2020,Item-03,Gula Pasir Putih 1 kg,2,12500
11-12-2020,Item-03,Gula Pasir Putih 1 kg,2,12500
2-12-2020,Item-09,Roti Tawar,2,12500
14-12-2020,Item-03,Gula Pasir Putih 1 kg,2,12500
1-12-2020,Item-09,Roti Tawar,1,12500
24-12-2020,Item-03,Gula Pasir Putih 1 kg,2,12500
26-12-2020,Item-09,Roti Tawar,2,12500
10-12-2020,Item-03,Gula Pasir Putih 1 kg,3,12500
15-12-2020,Item-03,Gula Pasir Putih 1 kg,1,12500
19-12-2020,Item-10,Biskuit Waver Kaleng,4,24000
4-12-2020,Item-03,Gula Pasir Putih 1 kg,2,12500
16-12-2020,Item-20,Pampers Bayi Size M,4,41000
29-12-2020,Item-10,Biskuit Waver Kaleng,4,24000
21-12-2020,Item-11,Sabun Cuci Piring,1,14000
27-12-2020,Item-17,Obat Batuk,2,5000
3-12-2020,Item-10,Biskuit Waver Kaleng,3,24000
23-12-2020,Item-10,Biskuit Waver Kaleng,3,24000
12-12-2020,Item-06,Sabun Mandi Cair 100 ml,4,10500
27-12-2020,Item-10,Biskuit Waver Kaleng,1,24000
7-12-2020,Item-11,Sabun Cuci Piring,4,14000
26-12-2020,Item-06,Sabun Mandi Cair 100 ml,3,10500
28-12-2020,Item-10,Biskuit Waver Kaleng,2,24000
12-12-2020,Item-11,Sabun Cuci Piring,2,14000
16-12-2020,Item-10,Biskuit Waver Kaleng,3,24000
9-12-2020,Item-11,Sabun Cuci Piring,4,14000
30-12-2020,Item-10,Biskuit Waver Kaleng,3,24000
24-12-2020,Item-11,Sabun Cuci Piring,4,14000
19-12-2020,Item-10,Biskuit Waver Kaleng,2,24000
6-12-2020,Item-11,Sabun Cuci Piring,4,14000
21-12-2020,Item-26,Susu Bubuk 195g,19,45000
22-12-2020,Item-26,Susu Bubuk 195g,10,45000
19-12-2020,Item-26,Susu Bubuk 195g,4,45000
18-12-2020,Item-26,Susu Bubuk 195g,16,45000
15-12-2020,Item-27,Bedak Bayi,8,25000
11-12-2020,Item-05,Mi Goreng Instant,4,2600
11-12-2020,Item-05,Mi Goreng Instant,2,2600
5-12-2020,Item-05,Mi Goreng Instant,3,2600
13-12-2020,Item-05,Mi Goreng Instant,4,2600
6-12-2020,Item-05,Mi Goreng Instant,4,2600
4-12-2020,Item-06,Sabun Mandi Cair 100 ml,1,10500
19-12-2020,Item-06,Sabun Mandi Cair 100 ml,4,10500
28-12-2020,Item-06,Sabun Mandi Cair 100 ml,4,10500
9-12-2020,Item-06,Sabun Mandi Cair 100 ml,2,10500
23-12-2020,Item-06,Sabun Mandi Cair 100 ml,2,10500
30-12-2020,Item-06,Sabun Mandi Cair 100 ml,4,10500
18-12-2020,Item-06,Sabun Mandi Cair 100 ml,1,10500
7-12-2020,Item-06,Sabun Mandi Cair 100 ml,3,10500
11-12-2020,Item-06,Sabun Mandi Cair 100 ml,4,10500
4-12-2020,Item-06,Sabun Mandi Cair 100 ml,4,10500
22-12-2020,Item-06,Sabun Mandi Cair 100 ml,3,10500
18-12-2020,Item-06,Sabun Mandi Cair 100 ml,2,10500
4-12-2020,Item-04,Kopi Instant,4,5200
8-12-2020,Item-04,Kopi Instant,3,5200
2-12-2020,Item-04,Kopi Instant,4,5200
27-12-2020,Item-04,Kopi Instant,2,5200
16-12-2020,Item-04,Kopi Instant,4,5200
16-12-2020,Item-04,Kopi Instant,3,5200
10-12-2020,Item-04,Kopi Instant,1,5200
18-12-2020,Item-04,Kopi Instant,4,5200
23-12-2020,Item-04,Kopi Instant,1,5200
8-12-2020,Item-04,Kopi Instant,3,5200
25-12-2020,Item-04,Kopi Instant,4,5200
3-12-2020,Item-04,Kopi Instant,1,5200
14-12-2020,Item-20,Pampers Bayi Size M,3,41000
22-12-2020,Item-20,Pampers Bayi Size M,4,41000
24-12-2020,Item-20,Pampers Bayi Size M,2,41000
1-12-2020,Item-20,Pampers Bayi Size M,4,41000
30-12-2020,Item-20,Pampers Bayi Size M,3,41000
8-12-2020,Item-20,Pampers Bayi Size M,1,41000
18-12-2020,Item-20,Pampers Bayi Size M,4,41000
15-12-2020,Item-20,Pampers Bayi Size M,1,41000
7-12-2020,Item-20,Pampers Bayi Size M,3,41000
3-12-2020,Item-20,Pampers Bayi Size M,4,41000
23-12-2020,Item-20,Pampers Bayi Size M,1,41000
13-12-2020,Item-20,Pampers Bayi Size M,2,41000
11-12-2020,Item-20,Pampers Bayi Size M,1,41000
23-12-2020,Item-20,Pampers Bayi Size M,3,41000
15-12-2020,Item-20,Pampers Bayi Size M,4,41000
4-12-2020,Item-03,Gula Pasir Putih 1 kg,1,12500
20-12-2020,Item-10,Biskuit Waver Kaleng,1,24000
20-12-2020,Item-11,Sabun Cuci Piring,3,14000
21-12-2020,Item-17,Obat Batuk,1,5000
22-12-2020,Item-10,Biskuit Waver Kaleng,1,24000
14-12-2020,Item-10,Biskuit Waver Kaleng,3,24000
6-12-2020,Item-10,Biskuit Waver Kaleng,1,24000
15-12-2020,Item-11,Sabun Cuci Piring,3,14000
25-12-2020,Item-03,Gula Pasir Putih 1 kg,1,12500
24-12-2020,Item-10,Biskuit Waver Kaleng,3,24000
7-12-2020,Item-11,Sabun Cuci Piring,3,14000
4-12-2020,Item-10,Biskuit Waver Kaleng,1,24000
2-12-2020,Item-11,Sabun Cuci Piring,3,14000
6-12-2020,Item-10,Biskuit Waver Kaleng,4,24000
7-12-2020,Item-11,Sabun Cuci Piring,1,14000
9-12-2020,Item-10,Biskuit Waver Kaleng,4,24000
16-12-2020,Item-11,Sabun Cuci Piring,3,14000
13-12-2020,Item-19,Obat Diare,3,5000
20-12-2020,Item-17,Obat Batuk,4,5000
15-12-2020,Item-18,Telur Ayam Negeri,4,1700
4-12-2020,Item-19,Obat Diare,1,5000
30-12-2020,Item-10,Biskuit Waver Kaleng,1,24000
6-12-2020,Item-17,Obat Batuk,4,5000
25-12-2020,Item-17,Obat Batuk,2,5000
26-12-2020,Item-18,Telur Ayam Negeri,3,1700
1-12-2020,Item-10,Biskuit Waver Kaleng,2,24000
17-12-2020,Item-17,Obat Batuk,2,5000
28-12-2020,Item-03,Gula Pasir Putih 1 kg,3,12500
13-12-2020,Item-10,Biskuit Waver Kaleng,1,24000
15-12-2020,Item-17,Obat Batuk,3,5000
1-12-2020,Item-10,Biskuit Waver Kaleng,4,24000
10-12-2020,Item-17,Obat Batuk,1,5000
21-12-2020,Item-10,Biskuit Waver Kaleng,3,24000
15-12-2020,Item-17,Obat Batuk,3,5000
4-12-2020,Item-03,Gula Pasir Putih 1 kg,4,12500
7-12-2020,Item-03,Gula Pasir Putih 1 kg,4,12500
2-12-2020,Item-17,Obat Batuk,4,5000
8-12-2020,Item-03,Gula Pasir Putih 1 kg,3,12500
7-12-2020,Item-03,Gula Pasir Putih 1 kg,2,12500
20-12-2020,Item-03,Gula Pasir Putih 1 kg,4,12500
28-12-2020,Item-03,Gula Pasir Putih 1 kg,4,12500
23-12-2020,Item-03,Gula Pasir Putih 1 kg,2,12500
12-12-2020,Item-03,Gula Pasir Putih 1 kg,2,12500
14-12-2020,Item-03,Gula Pasir Putih 1 kg,3,12500
25-12-2020,Item-03,Gula Pasir Putih 1 kg,1,12500
17-12-2020,Item-03,Gula Pasir Putih 1 kg,2,12500
12-12-2020,Item-14,Teh Celup Melati,1,7800
13-12-2020,Item-17,Obat Batuk,1,5000
10-12-2020,Item-01,Batere AA,4,12000
27-12-2020,Item-08,Vitamin C,3,2000
18-12-2020,Item-14,Teh Celup Melati,4,7800
22-12-2020,Item-17,Obat Batuk,1,5000
26-12-2020,Item-20,Pampers Bayi Size M,1,41000
1-12-2020,Item-20,Pampers Bayi Size M,2,41000
12-12-2020,Item-20,Pampers Bayi Size M,3,41000
11-12-2020,Item-20,Pampers Bayi Size M,3,41000
23-12-2020,Item-20,Pampers Bayi Size M,1,41000
20-12-2020,Item-20,Pampers Bayi Size M,4,41000
9-12-2020,Item-05,Mi Goreng Instant,2,2600
16-12-2020,Item-05,Mi Goreng Instant,2,2600
2-12-2020,Item-05,Mi Goreng Instant,1,2600
7-12-2020,Item-05,Mi Goreng Instant,1,2600
23-12-2020,Item-05,Mi Goreng Instant,3,2600
11-12-2020,Item-05,Mi Goreng Instant,1,2600
8-12-2020,Item-05,Mi Goreng Instant,1,2600
21-12-2020,Item-05,Mi Goreng Instant,1,2600
11-12-2020,Item-05,Mi Goreng Instant,3,2600
27-12-2020,Item-05,Mi Goreng Instant,1,2600
10-12-2020,Item-05,Mi Goreng Instant,3,2600
28-12-2020,Item-01,Batere AA,1,12000
4-12-2020,Item-01,Batere AA,1,12000
26-12-2020,Item-04,Kopi Instant,2,5200
4-12-2020,Item-04,Kopi Instant,1,5200
7-12-2020,Item-04,Kopi Instant,3,5200
15-12-2020,Item-04,Kopi Instant,4,5200
20-12-2020,Item-04,Kopi Instant,1,5200
3-12-2020,Item-08,Vitamin C,3,2000
16-12-2020,Item-08,Vitamin C,4,2000
17-12-2020,Item-08,Vitamin C,4,2000
1-12-2020,Item-08,Vitamin C,4,2000
5-12-2020,Item-08,Vitamin C,3,2000
25-12-2020,Item-08,Vitamin C,4,2000
13-12-2020,Item-08,Vitamin C,2,2000
29-12-2020,Item-08,Vitamin C,3,2000
18-12-2020,Item-08,Vitamin C,4,2000
23-12-2020,Item-08,Vitamin C,3,2000
27-12-2020,Item-08,Vitamin C,4,2000
22-12-2020,Item-08,Vitamin C,2,2000
29-12-2020,Item-08,Vitamin C,2,2000
25-12-2020,Item-08,Vitamin C,2,2000
2-12-2020,Item-08,Vitamin C,3,2000
30-12-2020,Item-08,Vitamin C,2,2000
22-12-2020,Item-09,Roti Tawar,2,12500
1-12-2020,Item-09,Roti Tawar,2,12500
10-12-2020,Item-09,Roti Tawar,4,12500
17-12-2020,Item-09,Roti Tawar,3,12500
6-12-2020,Item-09,Roti Tawar,2,12500
11-12-2020,Item-09,Roti Tawar,4,12500
3-12-2020,Item-20,Pampers Bayi Size M,4,41000
11-12-2020,Item-20,Pampers Bayi Size M,2,41000
28-12-2020,Item-20,Pampers Bayi Size M,2,41000
5-12-2020,Item-20,Pampers Bayi Size M,3,41000
2-12-2020,Item-20,Pampers Bayi Size M,3,41000
6-12-2020,Item-20,Pampers Bayi Size M,3,41000
18-12-2020,Item-20,Pampers Bayi Size M,3,41000
22-12-2020,Item-20,Pampers Bayi Size M,1,41000
18-12-2020,Item-20,Pampers Bayi Size M,3,41000
1-12-2020,Item-05,Mi Goreng Instant,2,2600
19-12-2020,Item-05,Mi Goreng Instant,2,2600
14-12-2020,Item-05,Mi Goreng Instant,2,2600
13-12-2020,Item-05,Mi Goreng Instant,1,2600
7-12-2020,Item-05,Mi Goreng Instant,3,2600
8-12-2020,Item-05,Mi Goreng Instant,1,2600
2-12-2020,Item-05,Mi Goreng Instant,1,2600
25-12-2020,Item-05,Mi Goreng Instant,4,2600
9-12-2020,Item-03,Gula Pasir Putih 1 kg,1,12500
11-12-2020,Item-14,Teh Celup Melati,4,7800
10-12-2020,Item-17,Obat Batuk,3,5000
19-12-2020,Item-18,Telur Ayam Negeri,4,1700
29-12-2020,Item-17,Obat Batuk,2,5000
20-12-2020,Item-18,Telur Ayam Negeri,3,1700
22-12-2020,Item-18,Telur Ayam Negeri,2,1700
5-12-2020,Item-03,Gula Pasir Putih 1 kg,2,12500
22-12-2020,Item-14,Teh Celup Melati,2,7800
14-12-2020,Item-17,Obat Batuk,1,5000
16-12-2020,Item-03,Gula Pasir Putih 1 kg,3,12500
9-12-2020,Item-17,Obat Batuk,1,5000
1-12-2020,Item-18,Telur Ayam Negeri,2,1700
16-12-2020,Item-14,Teh Celup Melati,1,7800
30-12-2020,Item-17,Obat Batuk,4,5000
5-12-2020,Item-03,Gula Pasir Putih 1 kg,3,12500
18-12-2020,Item-14,Teh Celup Melati,2,7800
24-12-2020,Item-17,Obat Batuk,3,5000
11-12-2020,Item-03,Gula Pasir Putih 1 kg,3,12500
10-12-2020,Item-14,Teh Celup Melati,4,7800
19-12-2020,Item-17,Obat Batuk,2,5000
5-12-2020,Item-14,Teh Celup Melati,1,7800
22-12-2020,Item-17,Obat Batuk,4,5000
9-12-2020,Item-17,Obat Batuk,3,5000
15-12-2020,Item-18,Telur Ayam Negeri,4,1700
25-12-2020,Item-17,Obat Batuk,2,5000
16-12-2020,Item-18,Telur Ayam Negeri,1,1700
30-12-2020,Item-14,Teh Celup Melati,1,7800
23-12-2020,Item-17,Obat Batuk,2,5000
1-12-2020,Item-17,Obat Batuk,4,5000
14-12-2020,Item-18,Telur Ayam Negeri,4,1700
8-12-2020,Item-09,Roti Tawar,2,12500
1-12-2020,Item-17,Obat Batuk,1,5000
14-12-2020,Item-18,Telur Ayam Negeri,2,1700
16-12-2020,Item-15,Ketan Hitam 500 gram,3,18000
18-12-2020,Item-03,Gula Pasir Putih 1 kg,3,12500
28-12-2020,Item-09,Roti Tawar,3,12500
11-12-2020,Item-09,Roti Tawar,2,12500
24-12-2020,Item-03,Gula Pasir Putih 1 kg,4,12500
20-12-2020,Item-09,Roti Tawar,2,12500
22-12-2020,Item-09,Roti Tawar,3,12500
15-12-2020,Item-15,Ketan Hitam 500 gram,4,18000
17-12-2020,Item-03,Gula Pasir Putih 1 kg,2,12500
5-12-2020,Item-09,Roti Tawar,2,12500
25-12-2020,Item-26,Susu Bubuk 195g,5,45000
23-12-2020,Item-03,Gula Pasir Putih 1 kg,3,12500
20-12-2020,Item-09,Roti Tawar,3,12500
23-12-2020,Item-15,Ketan Hitam 500 gram,3,18000
3-12-2020,Item-15,Ketan Hitam 500 gram,2,18000
9-12-2020,Item-09,Roti Tawar,2,12500
16-12-2020,Item-15,Ketan Hitam 500 gram,2,18000
7-12-2020,Item-26,Susu Bubuk 195g,16,45000
16-12-2020,Item-09,Roti Tawar,4,12500
12-12-2020,Item-26,Susu Bubuk 195g,5,45000
19-12-2020,Item-03,Gula Pasir Putih 1 kg,1,12500
16-12-2020,Item-26,Susu Bubuk 195g,15,45000
7-12-2020,Item-15,Ketan Hitam 500 gram,2,18000
28-12-2020,Item-06,Sabun Mandi Cair 100 ml,4,10500
20-12-2020,Item-26,Susu Bubuk 195g,12,45000
24-12-2020,Item-15,Ketan Hitam 500 gram,1,18000
2-12-2020,Item-15,Ketan Hitam 500 gram,2,18000
22-12-2020,Item-15,Ketan Hitam 500 gram,1,18000
1-12-2020,Item-15,Ketan Hitam 500 gram,2,18000
7-12-2020,Item-20,Pampers Bayi Size M,2,41000
8-12-2020,Item-20,Pampers Bayi Size M,1,41000
12-12-2020,Item-20,Pampers Bayi Size M,1,41000
21-12-2020,Item-20,Pampers Bayi Size M,3,41000
18-12-2020,Item-20,Pampers Bayi Size M,2,41000
14-12-2020,Item-20,Pampers Bayi Size M,2,41000
13-12-2020,Item-20,Pampers Bayi Size M,3,41000
21-12-2020,Item-20,Pampers Bayi Size M,4,41000
28-12-2020,Item-20,Pampers Bayi Size M,3,41000
26-12-2020,Item-06,Sabun Mandi Cair 100 ml,4,10500
3-12-2020,Item-06,Sabun Mandi Cair 100 ml,3,10500
14-12-2020,Item-06,Sabun Mandi Cair 100 ml,4,10500
24-12-2020,Item-06,Sabun Mandi Cair 100 ml,2,10500
14-12-2020,Item-06,Sabun Mandi Cair 100 ml,1,10500
16-12-2020,Item-06,Sabun Mandi Cair 100 ml,3,10500
8-12-2020,Item-06,Sabun Mandi Cair 100 ml,3,10500
16-12-2020,Item-06,Sabun Mandi Cair 100 ml,1,10500
27-12-2020,Item-06,Sabun Mandi Cair 100 ml,1,10500
30-12-2020,Item-06,Sabun Mandi Cair 100 ml,1,10500
16-12-2020,Item-06,Sabun Mandi Cair 100 ml,1,10500
18-12-2020,Item-06,Sabun Mandi Cair 100 ml,3,10500
25-12-2020,Item-06,Sabun Mandi Cair 100 ml,1,10500
5-12-2020,Item-01,Batere AA,4,12000
7-12-2020,Item-01,Batere AA,4,12000
22-12-2020,Item-01,Batere AA,4,12000
21-12-2020,Item-01,Batere AA,4,12000
13-12-2020,Item-01,Batere AA,2,12000
21-12-2020,Item-01,Batere AA,4,12000
13-12-2020,Item-01,Batere AA,2,12000
12-12-2020,Item-15,Ketan Hitam 500 gram,1,18000
16-12-2020,Item-03,Gula Pasir Putih 1 kg,1,12500
27-12-2020,Item-10,Biskuit Waver Kaleng,2,24000
21-12-2020,Item-10,Biskuit Waver Kaleng,4,24000
25-12-2020,Item-03,Gula Pasir Putih 1 kg,3,12500
30-12-2020,Item-10,Biskuit Waver Kaleng,1,24000
8-12-2020,Item-13,Pisau Cukur,4,6500
23-12-2020,Item-10,Biskuit Waver Kaleng,2,24000
22-12-2020,Item-03,Gula Pasir Putih 1 kg,1,12500
21-12-2020,Item-10,Biskuit Waver Kaleng,4,24000
28-12-2020,Item-10,Biskuit Waver Kaleng,4,24000
11-12-2020,Item-03,Gula Pasir Putih 1 kg,4,12500
25-12-2020,Item-10,Biskuit Waver Kaleng,1,24000
25-12-2020,Item-10,Biskuit Waver Kaleng,1,24000
28-12-2020,Item-03,Gula Pasir Putih 1 kg,1,12500
23-12-2020,Item-13,Pisau Cukur,4,6500
20-12-2020,Item-03,Gula Pasir Putih 1 kg,1,12500
29-12-2020,Item-09,Roti Tawar,3,12500
28-12-2020,Item-16,Balsem Putih 20 gram,1,22300
14-12-2020,Item-16,Balsem Putih 20 gram,2,22300
17-12-2020,Item-13,Pisau Cukur,1,6500
15-12-2020,Item-09,Roti Tawar,3,12500
20-12-2020,Item-13,Pisau Cukur,1,6500
16-12-2020,Item-09,Roti Tawar,2,12500
6-12-2020,Item-13,Pisau Cukur,4,6500
2-12-2020,Item-03,Gula Pasir Putih 1 kg,1,12500
7-12-2020,Item-09,Roti Tawar,4,12500
13-12-2020,Item-17,Obat Batuk,1,5000
30-12-2020,Item-03,Gula Pasir Putih 1 kg,3,12500
14-12-2020,Item-09,Roti Tawar,4,12500
12-12-2020,Item-17,Obat Batuk,1,5000
30-12-2020,Item-09,Roti Tawar,2,12500
25-12-2020,Item-03,Gula Pasir Putih 1 kg,1,12500
10-12-2020,Item-17,Obat Batuk,4,5000
25-12-2020,Item-12,Beras Pulen 5 kg,2,63000
4-12-2020,Item-03,Gula Pasir Putih 1 kg,1,12500
3-12-2020,Item-12,Beras Pulen 5 kg,3,63000
24-12-2020,Item-12,Beras Pulen 5 kg,4,63000
23-12-2020,Item-03,Gula Pasir Putih 1 kg,4,12500
19-12-2020,Item-12,Beras Pulen 5 kg,4,63000
7-12-2020,Item-16,Balsem Putih 20 gram,2,22300
19-12-2020,Item-03,Gula Pasir Putih 1 kg,2,12500
29-12-2020,Item-17,Obat Batuk,1,5000
5-12-2020,Item-03,Gula Pasir Putih 1 kg,2,12500
3-12-2020,Item-09,Roti Tawar,4,12500
1-12-2020,Item-03,Gula Pasir Putih 1 kg,2,12500
21-12-2020,Item-17,Obat Batuk,2,5000
5-12-2020,Item-12,Beras Pulen 5 kg,4,63000
14-12-2020,Item-03,Gula Pasir Putih 1 kg,2,12500
15-12-2020,Item-09,Roti Tawar,4,12500
17-12-2020,Item-03,Gula Pasir Putih 1 kg,4,12500
16-12-2020,Item-12,Beras Pulen 5 kg,3,63000
29-12-2020,Item-03,Gula Pasir Putih 1 kg,2,12500
14-12-2020,Item-09,Roti Tawar,1,12500
30-12-2020,Item-06,Sabun Mandi Cair 100 ml,2,10500
21-12-2020,Item-12,Beras Pulen 5 kg,3,63000
18-12-2020,Item-06,Sabun Mandi Cair 100 ml,4,10500
27-12-2020,Item-12,Beras Pulen 5 kg,2,63000
10-12-2020,Item-27,Bedak Bayi,20,25000
12-12-2020,Item-05,Mi Goreng Instant,4,2600
1-12-2020,Item-05,Mi Goreng Instant,4,2600
19-12-2020,Item-05,Mi Goreng Instant,3,2600
21-12-2020,Item-05,Mi Goreng Instant,4,2600
16-12-2020,Item-05,Mi Goreng Instant,2,2600
22-12-2020,Item-05,Mi Goreng Instant,3,2600
10-12-2020,Item-05,Mi Goreng Instant,4,2600
4-12-2020,Item-05,Mi Goreng Instant,3,2600
14-12-2020,Item-05,Mi Goreng Instant,3,2600
10-12-2020,Item-05,Mi Goreng Instant,4,2600
26-12-2020,Item-05,Mi Goreng Instant,3,2600
4-12-2020,Item-06,Sabun Mandi Cair 100 ml,3,10500
25-12-2020,Item-06,Sabun Mandi Cair 100 ml,1,10500
3-12-2020,Item-06,Sabun Mandi Cair 100 ml,2,10500
14-12-2020,Item-06,Sabun Mandi Cair 100 ml,4,10500
19-12-2020,Item-06,Sabun Mandi Cair 100 ml,4,10500
23-12-2020,Item-06,Sabun Mandi Cair 100 ml,1,10500
15-12-2020,Item-06,Sabun Mandi Cair 100 ml,4,10500
30-12-2020,Item-01,Batere AA,2,12000
1-12-2020,Item-01,Batere AA,2,12000
21-12-2020,Item-01,Batere AA,1,12000
23-12-2020,Item-01,Batere AA,3,12000
30-12-2020,Item-01,Batere AA,1,12000
13-12-2020,Item-01,Batere AA,4,12000
20-12-2020,Item-01,Batere AA,4,12000
4-12-2020,Item-01,Batere AA,2,12000
4-12-2020,Item-09,Roti Tawar,3,12500
18-12-2020,Item-07,Pembersih Lantai,3,12000
29-12-2020,Item-03,Gula Pasir Putih 1 kg,2,12500
23-12-2020,Item-17,Obat Batuk,1,5000
3-12-2020,Item-12,Beras Pulen 5 kg,2,63000
5-12-2020,Item-03,Gula Pasir Putih 1 kg,4,12500
7-12-2020,Item-03,Gula Pasir Putih 1 kg,4,12500
29-12-2020,Item-03,Gula Pasir Putih 1 kg,4,12500
15-12-2020,Item-03,Gula Pasir Putih 1 kg,3,12500
27-12-2020,Item-03,Gula Pasir Putih 1 kg,1,12500
16-12-2020,Item-03,Gula Pasir Putih 1 kg,2,12500
14-12-2020,Item-03,Gula Pasir Putih 1 kg,3,12500
11-12-2020,Item-03,Gula Pasir Putih 1 kg,2,12500
30-12-2020,Item-11,Sabun Cuci Piring,2,14000
9-12-2020,Item-03,Gula Pasir Putih 1 kg,2,12500
19-12-2020,Item-11,Sabun Cuci Piring,3,14000
12-12-2020,Item-11,Sabun Cuci Piring,4,14000
25-12-2020,Item-26,Susu Bubuk 195g,7,45000
16-12-2020,Item-03,Gula Pasir Putih 1 kg,1,12500
29-12-2020,Item-03,Gula Pasir Putih 1 kg,1,12500
8-12-2020,Item-03,Gula Pasir Putih 1 kg,1,12500
12-12-2020,Item-03,Gula Pasir Putih 1 kg,2,12500
29-12-2020,Item-03,Gula Pasir Putih 1 kg,4,12500
15-12-2020,Item-03,Gula Pasir Putih 1 kg,3,12500
9-12-2020,Item-06,Sabun Mandi Cair 100 ml,3,10500
5-12-2020,Item-05,Mi Goreng Instant,4,2600
30-12-2020,Item-05,Mi Goreng Instant,3,2600
21-12-2020,Item-05,Mi Goreng Instant,4,2600
13-12-2020,Item-05,Mi Goreng Instant,1,2600
27-12-2020,Item-05,Mi Goreng Instant,1,2600
18-12-2020,Item-05,Mi Goreng Instant,2,2600
23-12-2020,Item-05,Mi Goreng Instant,3,2600
17-12-2020,Item-11,Sabun Cuci Piring,2,14000
25-12-2020,Item-03,Gula Pasir Putih 1 kg,2,12500
15-12-2020,Item-11,Sabun Cuci Piring,3,14000
10-12-2020,Item-11,Sabun Cuci Piring,4,14000
22-12-2020,Item-26,Susu Bubuk 195g,7,45000
22-12-2020,Item-05,Mi Goreng Instant,3,2600
12-12-2020,Item-05,Mi Goreng Instant,3,2600
10-12-2020,Item-05,Mi Goreng Instant,3,2600
17-12-2020,Item-05,Mi Goreng Instant,4,2600
30-12-2020,Item-05,Mi Goreng Instant,1,2600
18-12-2020,Item-05,Mi Goreng Instant,1,2600
18-12-2020,Item-06,Sabun Mandi Cair 100 ml,2,10500
18-12-2020,Item-06,Sabun Mandi Cair 100 ml,3,10500
29-12-2020,Item-06,Sabun Mandi Cair 100 ml,1,10500
24-12-2020,Item-06,Sabun Mandi Cair 100 ml,2,10500
20-12-2020,Item-06,Sabun Mandi Cair 100 ml,1,10500
10-12-2020,Item-06,Sabun Mandi Cair 100 ml,2,10500
11-12-2020,Item-06,Sabun Mandi Cair 100 ml,2,10500
20-12-2020,Item-06,Sabun Mandi Cair 100 ml,1,10500
4-12-2020,Item-06,Sabun Mandi Cair 100 ml,2,10500
13-12-2020,Item-06,Sabun Mandi Cair 100 ml,2,10500
20-12-2020,Item-11,Sabun Cuci Piring,2,14000
23-12-2020,Item-03,Gula Pasir Putih 1 kg,2,12500
13-12-2020,Item-11,Sabun Cuci Piring,3,14000
13-12-2020,Item-11,Sabun Cuci Piring,4,14000
8-12-2020,Item-26,Susu Bubuk 195g,7,45000
8-12-2020,Item-06,Sabun Mandi Cair 100 ml,2,10500
15-12-2020,Item-06,Sabun Mandi Cair 100 ml,1,10500
1-12-2020,Item-06,Sabun Mandi Cair 100 ml,1,10500
13-12-2020,Item-06,Sabun Mandi Cair 100 ml,3,10500
25-12-2020,Item-06,Sabun Mandi Cair 100 ml,1,10500
29-12-2020,Item-06,Sabun Mandi Cair 100 ml,4,10500
6-12-2020,Item-06,Sabun Mandi Cair 100 ml,3,10500
12-12-2020,Item-06,Sabun Mandi Cair 100 ml,1,10500
4-12-2020,Item-01,Batere AA,4,12000
16-12-2020,Item-01,Batere AA,4,12000
25-12-2020,Item-01,Batere AA,2,12000
27-12-2020,Item-01,Batere AA,1,12000
23-12-2020,Item-01,Batere AA,3,12000
17-12-2020,Item-01,Batere AA,3,12000
12-12-2020,Item-01,Batere AA,2,12000
26-12-2020,Item-04,Kopi Instant,2,5200
27-12-2020,Item-04,Kopi Instant,3,5200
11-12-2020,Item-04,Kopi Instant,3,5200
14-12-2020,Item-04,Kopi Instant,1,5200
29-12-2020,Item-04,Kopi Instant,4,5200
12-12-2020,Item-11,Sabun Cuci Piring,2,14000
24-12-2020,Item-03,Gula Pasir Putih 1 kg,2,12500
11-12-2020,Item-11,Sabun Cuci Piring,3,14000
4-12-2020,Item-11,Sabun Cuci Piring,4,14000
11-12-2020,Item-26,Susu Bubuk 195g,7,45000
15-12-2020,Item-04,Kopi Instant,4,5200
14-12-2020,Item-04,Kopi Instant,2,5200
28-12-2020,Item-04,Kopi Instant,2,5200
27-12-2020,Item-04,Kopi Instant,3,5200
11-12-2020,Item-04,Kopi Instant,3,5200
1-12-2020,Item-04,Kopi Instant,3,5200
12-12-2020,Item-04,Kopi Instant,3,5200
8-12-2020,Item-04,Kopi Instant,1,5200
24-12-2020,Item-04,Kopi Instant,3,5200
19-12-2020,Item-04,Kopi Instant,2,5200
9-12-2020,Item-04,Kopi Instant,1,5200
7-12-2020,Item-04,Kopi Instant,1,5200
12-12-2020,Item-08,Vitamin C,1,2000
28-12-2020,Item-03,Gula Pasir Putih 1 kg,2,12500
16-12-2020,Item-08,Vitamin C,2,2000
14-12-2020,Item-08,Vitamin C,2,2000
27-12-2020,Item-08,Vitamin C,1,2000
14-12-2020,Item-03,Gula Pasir Putih 1 kg,3,12500
10-12-2020,Item-08,Vitamin C,4,2000
17-12-2020,Item-03,Gula Pasir Putih 1 kg,3,12500
6-12-2020,Item-08,Vitamin C,1,2000
16-12-2020,Item-03,Gula Pasir Putih 1 kg,2,12500
25-12-2020,Item-08,Vitamin C,2,2000
26-12-2020,Item-03,Gula Pasir Putih 1 kg,2,12500
12-12-2020,Item-08,Vitamin C,2,2000
18-12-2020,Item-03,Gula Pasir Putih 1 kg,1,12500
22-12-2020,Item-08,Vitamin C,1,2000
23-12-2020,Item-08,Vitamin C,2,2000
9-12-2020,Item-03,Gula Pasir Putih 1 kg,2,12500
27-12-2020,Item-03,Gula Pasir Putih 1 kg,3,12500
29-12-2020,Item-09,Roti Tawar,3,12500
21-12-2020,Item-09,Roti Tawar,1,12500
17-12-2020,Item-03,Gula Pasir Putih 1 kg,3,12500
5-12-2020,Item-03,Gula Pasir Putih 1 kg,1,12500
9-12-2020,Item-03,Gula Pasir Putih 1 kg,1,12500
6-12-2020,Item-03,Gula Pasir Putih 1 kg,3,12500
22-12-2020,Item-06,Sabun Mandi Cair 100 ml,3,10500
13-12-2020,Item-26,Susu Bubuk 195g,8,45000
8-12-2020,Item-26,Susu Bubuk 195g,19,45000
12-12-2020,Item-26,Susu Bubuk 195g,3,45000
23-12-2020,Item-26,Susu Bubuk 195g,8,45000
26-12-2020,Item-11,Sabun Cuci Piring,2,14000
29-12-2020,Item-03,Gula Pasir Putih 1 kg,2,12500
14-12-2020,Item-11,Sabun Cuci Piring,3,14000
24-12-2020,Item-11,Sabun Cuci Piring,4,14000
24-12-2020,Item-26,Susu Bubuk 195g,7,45000
27-12-2020,Item-05,Mi Goreng Instant,1,2600
25-12-2020,Item-05,Mi Goreng Instant,2,2600
11-12-2020,Item-05,Mi Goreng Instant,1,2600
9-12-2020,Item-05,Mi Goreng Instant,3,2600
15-12-2020,Item-05,Mi Goreng Instant,1,2600
28-12-2020,Item-05,Mi Goreng Instant,2,2600
13-12-2020,Item-05,Mi Goreng Instant,3,2600
28-12-2020,Item-05,Mi Goreng Instant,4,2600
27-12-2020,Item-06,Sabun Mandi Cair 100 ml,1,10500
28-12-2020,Item-06,Sabun Mandi Cair 100 ml,4,10500
25-12-2020,Item-06,Sabun Mandi Cair 100 ml,1,10500
6-12-2020,Item-06,Sabun Mandi Cair 100 ml,4,10500
12-12-2020,Item-11,Sabun Cuci Piring,2,14000
19-12-2020,Item-03,Gula Pasir Putih 1 kg,2,12500
19-12-2020,Item-11,Sabun Cuci Piring,3,14000
25-12-2020,Item-11,Sabun Cuci Piring,4,14000
12-12-2020,Item-26,Susu Bubuk 195g,7,45000
14-12-2020,Item-06,Sabun Mandi Cair 100 ml,4,10500
5-12-2020,Item-06,Sabun Mandi Cair 100 ml,3,10500
30-12-2020,Item-06,Sabun Mandi Cair 100 ml,2,10500
10-12-2020,Item-06,Sabun Mandi Cair 100 ml,2,10500
18-12-2020,Item-06,Sabun Mandi Cair 100 ml,2,10500
28-12-2020,Item-06,Sabun Mandi Cair 100 ml,2,10500
12-12-2020,Item-06,Sabun Mandi Cair 100 ml,3,10500
21-12-2020,Item-01,Batere AA,1,12000
10-12-2020,Item-01,Batere AA,2,12000
18-12-2020,Item-01,Batere AA,3,12000
12-12-2020,Item-01,Batere AA,1,12000
30-12-2020,Item-01,Batere AA,4,12000
12-12-2020,Item-04,Kopi Instant,3,5200
5-12-2020,Item-04,Kopi Instant,2,5200
30-12-2020,Item-04,Kopi Instant,2,5200
15-12-2020,Item-04,Kopi Instant,3,5200
10-12-2020,Item-04,Kopi Instant,4,5200
8-12-2020,Item-04,Kopi Instant,3,5200
26-12-2020,Item-07,Pembersih Lantai,2,12000
29-12-2020,Item-07,Pembersih Lantai,1,12000
25-12-2020,Item-07,Pembersih Lantai,1,12000
6-12-2020,Item-07,Pembersih Lantai,3,12000
7-12-2020,Item-03,Gula Pasir Putih 1 kg,1,12500
11-12-2020,Item-03,Gula Pasir Putih 1 kg,2,12500
1-12-2020,Item-03,Gula Pasir Putih 1 kg,3,12500
23-12-2020,Item-03,Gula Pasir Putih 1 kg,3,12500
14-12-2020,Item-03,Gula Pasir Putih 1 kg,1,12500
16-12-2020,Item-03,Gula Pasir Putih 1 kg,4,12500
3-12-2020,Item-03,Gula Pasir Putih 1 kg,1,12500
27-12-2020,Item-03,Gula Pasir Putih 1 kg,1,12500
24-12-2020,Item-03,Gula Pasir Putih 1 kg,3,12500
22-12-2020,Item-03,Gula Pasir Putih 1 kg,2,12500
6-12-2020,Item-03,Gula Pasir Putih 1 kg,1,12500
17-12-2020,Item-03,Gula Pasir Putih 1 kg,2,12500
28-12-2020,Item-03,Gula Pasir Putih 1 kg,3,12500
22-12-2020,Item-03,Gula Pasir Putih 1 kg,2,12500
27-12-2020,Item-20,Pampers Bayi Size M,2,41000
10-12-2020,Item-20,Pampers Bayi Size M,3,41000
19-12-2020,Item-20,Pampers Bayi Size M,1,41000
27-12-2020,Item-20,Pampers Bayi Size M,2,41000
19-12-2020,Item-20,Pampers Bayi Size M,2,41000
27-12-2020,Item-20,Pampers Bayi Size M,1,41000
27-12-2020,Item-20,Pampers Bayi Size M,1,41000
17-12-2020,Item-20,Pampers Bayi Size M,2,41000
9-12-2020,Item-20,Pampers Bayi Size M,3,41000
24-12-2020,Item-20,Pampers Bayi Size M,3,41000
23-12-2020,Item-11,Sabun Cuci Piring,2,14000
19-12-2020,Item-03,Gula Pasir Putih 1 kg,2,12500
22-12-2020,Item-11,Sabun Cuci Piring,3,14000
29-12-2020,Item-11,Sabun Cuci Piring,4,14000
4-12-2020,Item-26,Susu Bubuk 195g,7,45000
30-12-2020,Item-11,Sabun Cuci Piring,2,14000
13-12-2020,Item-03,Gula Pasir Putih 1 kg,2,12500
29-12-2020,Item-11,Sabun Cuci Piring,3,14000
12-12-2020,Item-11,Sabun Cuci Piring,4,14000
10-12-2020,Item-26,Susu Bubuk 195g,7,45000
16-12-2020,Item-03,Gula Pasir Putih 1 kg,3,12500
3-12-2020,Item-03,Gula Pasir Putih 1 kg,2,12500
4-12-2020,Item-26,Susu Bubuk 195g,1,45000
22-12-2020,Item-26,Susu Bubuk 195g,13,45000
17-12-2020,Item-26,Susu Bubuk 195g,19,45000
17-12-2020,Item-26,Susu Bubuk 195g,2,45000
20-12-2020,Item-26,Susu Bubuk 195g,17,45000
15-12-2020,Item-26,Susu Bubuk 195g,1,45000
4-12-2020,Item-26,Susu Bubuk 195g,16,45000
2-12-2020,Item-26,Susu Bubuk 195g,19,45000
12-12-2020,Item-26,Susu Bubuk 195g,4,45000
6-12-2020,Item-26,Susu Bubuk 195g,3,45000
4-12-2020,Item-27,Bedak Bayi,19,25000
12-12-2020,Item-21,Shampoo Sachet,3,1000
3-12-2020,Item-21,Shampoo Sachet,1,1000
24-12-2020,Item-21,Shampoo Sachet,2,1000
29-12-2020,Item-21,Shampoo Sachet,4,1000
2-12-2020,Item-21,Shampoo Sachet,3,1000
6-12-2020,Item-21,Shampoo Sachet,2,1000
24-12-2020,Item-21,Shampoo Sachet,3,1000
26-12-2020,Item-21,Shampoo Sachet,3,1000
10-12-2020,Item-21,Shampoo Sachet,4,1000
3-12-2020,Item-21,Shampoo Sachet,1,1000
13-12-2020,Item-21,Shampoo Sachet,3,1000
3-12-2020,Item-21,Shampoo Sachet,1,1000
7-12-2020,Item-21,Shampoo Sachet,3,1000
26-12-2020,Item-21,Shampoo Sachet,1,1000
7-12-2020,Item-21,Shampoo Sachet,2,1000
1-12-2020,Item-11,Sabun Cuci Piring,2,14000
25-12-2020,Item-03,Gula Pasir Putih 1 kg,2,12500
8-12-2020,Item-11,Sabun Cuci Piring,3,14000
6-12-2020,Item-11,Sabun Cuci Piring,4,14000
25-12-2020,Item-26,Susu Bubuk 195g,7,45000
16-12-2020,Item-21,Shampoo Sachet,4,1000
11-12-2020,Item-21,Shampoo Sachet,1,1000
7-12-2020,Item-21,Shampoo Sachet,1,1000
6-12-2020,Item-21,Shampoo Sachet,2,1000
3-12-2020,Item-21,Shampoo Sachet,1,1000
3-12-2020,Item-11,Sabun Cuci Piring,2,14000
25-12-2020,Item-03,Gula Pasir Putih 1 kg,2,12500
21-12-2020,Item-11,Sabun Cuci Piring,3,14000
29-12-2020,Item-11,Sabun Cuci Piring,4,14000
24-12-2020,Item-26,Susu Bubuk 195g,7,45000
26-12-2020,Item-21,Shampoo Sachet,3,1000
28-12-2020,Item-21,Shampoo Sachet,4,1000
13-12-2020,Item-21,Shampoo Sachet,3,1000
10-12-2020,Item-21,Shampoo Sachet,4,1000
18-12-2020,Item-21,Shampoo Sachet,4,1000
11-12-2020,Item-21,Shampoo Sachet,1,1000
1-12-2020,Item-21,Shampoo Sachet,4,1000
5-12-2020,Item-21,Shampoo Sachet,2,1000
11-12-2020,Item-21,Shampoo Sachet,3,1000
2-12-2020,Item-21,Shampoo Sachet,2,1000
22-12-2020,Item-26,Susu Bubuk 195g,4,45000
23-12-2020,Item-26,Susu Bubuk 195g,8,45000
28-12-2020,Item-26,Susu Bubuk 195g,12,45000
18-12-2020,Item-26,Susu Bubuk 195g,6,45000
7-12-2020,Item-21,Shampoo Sachet,1,1000
18-12-2020,Item-21,Shampoo Sachet,4,1000
26-12-2020,Item-21,Shampoo Sachet,3,1000
13-12-2020,Item-21,Shampoo Sachet,2,1000
8-12-2020,Item-21,Shampoo Sachet,4,1000
9-12-2020,Item-21,Shampoo Sachet,1,1000
12-12-2020,Item-21,Shampoo Sachet,1,1000
11-12-2020,Item-21,Shampoo Sachet,3,1000
3-12-2020,Item-21,Shampoo Sachet,1,1000
24-12-2020,Item-21,Shampoo Sachet,1,1000
6-12-2020,Item-21,Shampoo Sachet,3,1000
5-12-2020,Item-21,Shampoo Sachet,2,1000
29-12-2020,Item-21,Shampoo Sachet,2,1000
20-12-2020,Item-21,Shampoo Sachet,2,1000
13-12-2020,Item-21,Shampoo Sachet,4,1000
28-12-2020,Item-21,Shampoo Sachet,3,1000
3-12-2020,Item-21,Shampoo Sachet,4,1000
2-12-2020,Item-21,Shampoo Sachet,4,1000
11-12-2020,Item-11,Sabun Cuci Piring,2,14000
9-12-2020,Item-03,Gula Pasir Putih 1 kg,2,12500
1-12-2020,Item-11,Sabun Cuci Piring,3,14000
23-12-2020,Item-11,Sabun Cuci Piring,4,14000
27-12-2020,Item-26,Susu Bubuk 195g,7,45000
26-12-2020,Item-21,Shampoo Sachet,4,1000
26-12-2020,Item-21,Shampoo Sachet,2,1000
22-12-2020,Item-21,Shampoo Sachet,4,1000
30-12-2020,Item-06,Sabun Mandi Cair 100 ml,2,10500
26-12-2020,Item-21,Shampoo Sachet,2,1000
28-12-2020,Item-06,Sabun Mandi Cair 100 ml,4,10500
10-12-2020,Item-21,Shampoo Sachet,1,1000
6-12-2020,Item-06,Sabun Mandi Cair 100 ml,4,10500
3-12-2020,Item-06,Sabun Mandi Cair 100 ml,4,10500
13-12-2020,Item-21,Shampoo Sachet,3,1000
25-12-2020,Item-06,Sabun Mandi Cair 100 ml,2,10500
20-12-2020,Item-21,Shampoo Sachet,4,1000
24-12-2020,Item-06,Sabun Mandi Cair 100 ml,4,10500
8-12-2020,Item-06,Sabun Mandi Cair 100 ml,1,10500
20-12-2020,Item-21,Shampoo Sachet,2,1000
29-12-2020,Item-06,Sabun Mandi Cair 100 ml,1,10500
5-12-2020,Item-21,Shampoo Sachet,3,1000
28-12-2020,Item-21,Shampoo Sachet,2,1000
22-12-2020,Item-21,Shampoo Sachet,2,1000
5-12-2020,Item-21,Shampoo Sachet,3,1000
8-12-2020,Item-21,Shampoo Sachet,2,1000
20-12-2020,Item-21,Shampoo Sachet,4,1000
26-12-2020,Item-21,Shampoo Sachet,3,1000
6-12-2020,Item-21,Shampoo Sachet,2,1000
26-12-2020,Item-21,Shampoo Sachet,3,1000
18-12-2020,Item-21,Shampoo Sachet,3,1000
27-12-2020,Item-04,Kopi Instant,2,5200
4-12-2020,Item-04,Kopi Instant,3,5200
6-12-2020,Item-04,Kopi Instant,1,5200
14-12-2020,Item-04,Kopi Instant,2,5200
13-12-2020,Item-04,Kopi Instant,2,5200
24-12-2020,Item-04,Kopi Instant,1,5200
13-12-2020,Item-04,Kopi Instant,1,5200
15-12-2020,Item-04,Kopi Instant,2,5200
20-12-2020,Item-04,Kopi Instant,3,5200
13-12-2020,Item-04,Kopi Instant,3,5200
29-12-2020,Item-11,Sabun Cuci Piring,2,14000
19-12-2020,Item-03,Gula Pasir Putih 1 kg,2,12500
20-12-2020,Item-11,Sabun Cuci Piring,3,14000
12-12-2020,Item-11,Sabun Cuci Piring,4,14000
17-12-2020,Item-26,Susu Bubuk 195g,7,45000
28-12-2020,Item-05,Mi Goreng Instant,4,2600
6-12-2020,Item-02,Bawang Putih 200 gram,3,15000
22-12-2020,Item-02,Bawang Putih 200 gram,1,15000
25-12-2020,Item-21,Shampoo Sachet,3,1000
7-12-2020,Item-21,Shampoo Sachet,1,1000
2-12-2020,Item-21,Shampoo Sachet,2,1000
12-12-2020,Item-21,Shampoo Sachet,4,1000
30-12-2020,Item-21,Shampoo Sachet,3,1000
7-12-2020,Item-21,Shampoo Sachet,2,1000
13-12-2020,Item-21,Shampoo Sachet,3,1000
28-12-2020,Item-21,Shampoo Sachet,3,1000
10-12-2020,Item-21,Shampoo Sachet,4,1000
28-12-2020,Item-21,Shampoo Sachet,1,1000
23-12-2020,Item-21,Shampoo Sachet,3,1000
17-12-2020,Item-21,Shampoo Sachet,1,1000
21-12-2020,Item-21,Shampoo Sachet,3,1000
19-12-2020,Item-21,Shampoo Sachet,1,1000
26-12-2020,Item-21,Shampoo Sachet,2,1000
11-12-2020,Item-21,Shampoo Sachet,4,1000
6-12-2020,Item-21,Shampoo Sachet,1,1000
19-12-2020,Item-21,Shampoo Sachet,1,1000
4-12-2020,Item-21,Shampoo Sachet,2,1000
17-12-2020,Item-21,Shampoo Sachet,1,1000
7-12-2020,Item-21,Shampoo Sachet,3,1000
21-12-2020,Item-21,Shampoo Sachet,4,1000
16-12-2020,Item-21,Shampoo Sachet,3,1000
2-12-2020,Item-21,Shampoo Sachet,4,1000
1-12-2020,Item-21,Shampoo Sachet,4,1000
25-12-2020,Item-21,Shampoo Sachet,1,1000
7-12-2020,Item-21,Shampoo Sachet,4,1000
25-12-2020,Item-21,Shampoo Sachet,2,1000
16-12-2020,Item-21,Shampoo Sachet,3,1000
23-12-2020,Item-21,Shampoo Sachet,2,1000
29-12-2020,Item-21,Shampoo Sachet,1,1000
1-12-2020,Item-11,Sabun Cuci Piring,2,14000
22-12-2020,Item-03,Gula Pasir Putih 1 kg,2,12500
30-12-2020,Item-11,Sabun Cuci Piring,3,14000
1-12-2020,Item-11,Sabun Cuci Piring,4,14000
11-12-2020,Item-26,Susu Bubuk 195g,7,45000
4-12-2020,Item-21,Shampoo Sachet,4,1000
29-12-2020,Item-21,Shampoo Sachet,3,1000
27-12-2020,Item-21,Shampoo Sachet,2,1000
25-12-2020,Item-21,Shampoo Sachet,4,1000
29-12-2020,Item-21,Shampoo Sachet,1,1000
30-12-2020,Item-21,Shampoo Sachet,1,1000
18-12-2020,Item-21,Shampoo Sachet,3,1000
14-12-2020,Item-21,Shampoo Sachet,1,1000
9-12-2020,Item-21,Shampoo Sachet,1,1000
26-12-2020,Item-21,Shampoo Sachet,3,1000
7-12-2020,Item-21,Shampoo Sachet,2,1000
18-12-2020,Item-21,Shampoo Sachet,2,1000
3-12-2020,Item-21,Shampoo Sachet,2,1000
29-12-2020,Item-21,Shampoo Sachet,4,1000
5-12-2020,Item-21,Shampoo Sachet,3,1000
18-12-2020,Item-21,Shampoo Sachet,4,1000
29-12-2020,Item-21,Shampoo Sachet,4,1000
22-12-2020,Item-21,Shampoo Sachet,4,1000
6-12-2020,Item-21,Shampoo Sachet,2,1000
8-12-2020,Item-21,Shampoo Sachet,4,1000
1-12-2020,Item-21,Shampoo Sachet,2,1000
10-12-2020,Item-21,Shampoo Sachet,1,1000
,,,,
,,,,
,,,,
,,,,
23-12-2020,Item-21,Shampoo Sachet,3,1000
17-12-2020,Item-02,Bawang Putih 200 gram,2,15000
17-12-2020,Item-02,Bawang Putih 200 gram,4,15000
20-12-2020,Item-02,Bawang Putih 200 gram,3,15000
6-12-2020,Item-02,Bawang Putih 200 gram,2,15000
13-12-2020,Item-02,Bawang Putih 200 gram,3,15000
12-12-2020,Item-02,Bawang Putih 200 gram,3,15000
26-12-2020,Item-02,Bawang Putih 200 gram,4,15000
4-12-2020,Item-02,Bawang Putih 200 gram,1,15000
14-12-2020,Item-02,Bawang Putih 200 gram,3,15000
9-12-2020,Item-11,Sabun Cuci Piring,2,14000
6-12-2020,Item-28,Tisu,2,7000
12-12-2020,Item-03,Gula Pasir Putih 1 kg,2,12500
13-12-2020,Item-11,Sabun Cuci Piring,3,14000
10-12-2020,Item-11,Sabun Cuci Piring,4,14000
9-12-2020,Item-26,Susu Bubuk 195g,7,45000
7-12-2020,Item-02,Bawang Putih 200 gram,1,15000
23-12-2020,Item-02,Bawang Putih 200 gram,3,15000
2-12-2020,Item-02,Bawang Putih 200 gram,1,15000
21-12-2020,Item-02,Bawang Putih 200 gram,2,15000
1-12-2020,Item-02,Bawang Putih 200 gram,4,15000
23-12-2020,Item-02,Bawang Putih 200 gram,1,15000
10-12-2020,Item-02,Bawang Putih 200 gram,1,15000
8-12-2020,Item-02,Bawang Putih 200 gram,2,15000
3-12-2020,Item-02,Bawang Putih 200 gram,1,15000
28-12-2020,Item-02,Bawang Putih 200 gram,3,15000
11-12-2020,Item-02,Bawang Putih 200 gram,4,15000
23-12-2020,Item-02,Bawang Putih 200 gram,3,15000
19-12-2020,Item-02,Bawang Putih 200 gram,4,15000
24-12-2020,Item-02,Bawang Putih 200 gram,4,15000
3-12-2020,Item-02,Bawang Putih 200 gram,1,15000
15-12-2020,Item-21,Shampoo Sachet,4,1000
2-12-2020,Item-21,Shampoo Sachet,2,1000
8-12-2020,Item-21,Shampoo Sachet,3,1000
22-12-2020,Item-21,Shampoo Sachet,2,1000
6-12-2020,Item-21,Shampoo Sachet,2,1000
24-12-2020,Item-21,Shampoo Sachet,3,1000
11-12-2020,Item-21,Shampoo Sachet,2,1000
28-12-2020,Item-21,Shampoo Sachet,4,1000
1-12-2020,Item-27,Bedak Bayi,18,25000
22-12-2020,Item-02,Bawang Putih 200 gram,4,15000
16-12-2020,Item-02,Bawang Putih 200 gram,2,15000
9-12-2020,Item-02,Bawang Putih 200 gram,3,15000
21-12-2020,Item-02,Bawang Putih 200 gram,2,15000
9-12-2020,Item-02,Bawang Putih 200 gram,1,15000
25-12-2020,Item-02,Bawang Putih 200 gram,4,15000
29-12-2020,Item-02,Bawang Putih 200 gram,3,15000
28-12-2020,Item-02,Bawang Putih 200 gram,2,15000
20-12-2020,Item-02,Bawang Putih 200 gram,4,15000
1-12-2020,Item-02,Bawang Putih 200 gram,1,15000
2-12-2020,Item-02,Bawang Putih 200 gram,1,15000
30-12-2020,Item-02,Bawang Putih 200 gram,3,15000
17-12-2020,Item-02,Bawang Putih 200 gram,1,15000
8-12-2020,Item-02,Bawang Putih 200 gram,1,15000
19-12-2020,Item-02,Bawang Putih 200 gram,3,15000
19-12-2020,Item-02,Bawang Putih 200 gram,2,15000
2-12-2020,Item-02,Bawang Putih 200 gram,2,15000
17-12-2020,Item-02,Bawang Putih 200 gram,2,15000
2-12-2020,Item-02,Bawang Putih 200 gram,4,15000
6-12-2020,Item-02,Bawang Putih 200 gram,3,15000
,,,,
,,,,
,,,,
,,,,
4-12-2020,Item-02,Bawang Putih 200 gram,4,15000
3-12-2020,Item-02,Bawang Putih 200 gram,4,15000
25-12-2020,Item-02,Bawang Putih 200 gram,4,15000
8-12-2020,Item-02,Bawang Putih 200 gram,2,15000
15-12-2020,Item-02,Bawang Putih 200 gram,4,15000
27-12-2020,Item-02,Bawang Putih 200 gram,2,15000
22-12-2020,Item-02,Bawang Putih 200 gram,1,15000
12-12-2020,Item-02,Bawang Putih 200 gram,3,15000
29-12-2020,Item-02,Bawang Putih 200 gram,4,15000
19-12-2020,Item-02,Bawang Putih 200 gram,2,15000
3-12-2020,Item-02,Bawang Putih 200 gram,3,15000
14-12-2020,Item-02,Bawang Putih 200 gram,2,15000
1-12-2020,Item-02,Bawang Putih 200 gram,2,15000
9-12-2020,Item-02,Bawang Putih 200 gram,3,15000
5-12-2020,Item-02,Bawang Putih 200 gram,2,15000
30-12-2020,Item-02,Bawang Putih 200 gram,4,15000
11-12-2020,Item-02,Bawang Putih 200 gram,3,15000
12-12-2020,Item-02,Bawang Putih 200 gram,2,15000
23-12-2020,Item-02,Bawang Putih 200 gram,3,15000
22-12-2020,Item-02,Bawang Putih 200 gram,3,15000
23-12-2020,Item-11,Sabun Cuci Piring,2,14000
30-12-2020,Item-03,Gula Pasir Putih 1 kg,2,12500
21-12-2020,Item-11,Sabun Cuci Piring,3,14000
1-12-2020,Item-11,Sabun Cuci Piring,4,14000
26-12-2020,Item-26,Susu Bubuk 195g,7,45000
27-12-2020,Item-11,Sabun Cuci Piring,2,14000
26-12-2020,Item-03,Gula Pasir Putih 1 kg,2,12500
10-12-2020,Item-11,Sabun Cuci Piring,3,14000
18-12-2020,Item-11,Sabun Cuci Piring,4,14000
10-12-2020,Item-26,Susu Bubuk 195g,7,45000
8-12-2020,Item-05,Mi Goreng Instant,1,2600
21-12-2020,Item-05,Mi Goreng Instant,4,2600
25-12-2020,Item-05,Mi Goreng Instant,1,2600
8-12-2020,Item-05,Mi Goreng Instant,1,2600
3-12-2020,Item-05,Mi Goreng Instant,3,2600
15-12-2020,Item-05,Mi Goreng Instant,2,2600
16-12-2020,Item-05,Mi Goreng Instant,1,2600
25-12-2020,Item-05,Mi Goreng Instant,1,2600
13-12-2020,Item-05,Mi Goreng Instant,2,2600
9-12-2020,Item-05,Mi Goreng Instant,4,2600
21-12-2020,Item-05,Mi Goreng Instant,4,2600
21-12-2020,Item-05,Mi Goreng Instant,4,2600
23-12-2020,Item-05,Mi Goreng Instant,3,2600
26-12-2020,Item-05,Mi Goreng Instant,1,2600
26-12-2020,Item-05,Mi Goreng Instant,4,2600
12-12-2020,Item-05,Mi Goreng Instant,3,2600
10-12-2020,Item-05,Mi Goreng Instant,4,2600
9-12-2020,Item-05,Mi Goreng Instant,2,2600
30-12-2020,Item-05,Mi Goreng Instant,2,2600
11-12-2020,Item-05,Mi Goreng Instant,4,2600
24-12-2020,Item-05,Mi Goreng Instant,2,2600
29-12-2020,Item-05,Mi Goreng Instant,3,2600
12-12-2020,Item-05,Mi Goreng Instant,3,2600
29-12-2020,Item-05,Mi Goreng Instant,4,2600
15-12-2020,Item-05,Mi Goreng Instant,4,2600
22-12-2020,Item-05,Mi Goreng Instant,3,2600
1-12-2020,Item-05,Mi Goreng Instant,4,2600
8-12-2020,Item-05,Mi Goreng Instant,1,2600
9-12-2020,Item-05,Mi Goreng Instant,4,2600
16-12-2020,Item-05,Mi Goreng Instant,3,2600
29-12-2020,Item-05,Mi Goreng Instant,2,2600
27-12-2020,Item-05,Mi Goreng Instant,3,2600
4-12-2020,Item-05,Mi Goreng Instant,4,2600
1-12-2020,Item-05,Mi Goreng Instant,3,2600
13-12-2020,Item-05,Mi Goreng Instant,3,2600
9-12-2020,Item-05,Mi Goreng Instant,2,2600
13-12-2020,Item-05,Mi Goreng Instant,2,2600
7-12-2020,Item-05,Mi Goreng Instant,4,2600
25-12-2020,Item-05,Mi Goreng Instant,1,2600
8-12-2020,Item-05,Mi Goreng Instant,2,2600
7-12-2020,Item-11,Sabun Cuci Piring,2,14000
14-12-2020,Item-03,Gula Pasir Putih 1 kg,2,12500
24-12-2020,Item-11,Sabun Cuci Piring,3,14000
9-12-2020,Item-11,Sabun Cuci Piring,4,14000
26-12-2020,Item-26,Susu Bubuk 195g,7,45000
24-12-2020,Item-11,Sabun Cuci Piring,2,14000
6-12-2020,Item-03,Gula Pasir Putih 1 kg,2,12500
6-12-2020,Item-11,Sabun Cuci Piring,3,14000
22-12-2020,Item-11,Sabun Cuci Piring,4,14000
13-12-2020,Item-26,Susu Bubuk 195g,7,45000
11-12-2020,Item-21,Shampoo Sachet,3,1000
11-12-2020,Item-21,Shampoo Sachet,2,1000
12-12-2020,Item-21,Shampoo Sachet,3,1000
17-12-2020,Item-21,Shampoo Sachet,3,1000
26-12-2020,Item-11,Sabun Cuci Piring,2,14000
18-12-2020,Item-03,Gula Pasir Putih 1 kg,2,12500
21-12-2020,Item-11,Sabun Cuci Piring,3,14000
2-12-2020,Item-11,Sabun Cuci Piring,4,14000
26-12-2020,Item-26,Susu Bubuk 195g,7,45000
20-12-2020,Item-26,Susu Bubuk 195g,15,45000
18-12-2020,Item-26,Susu Bubuk 195g,8,45000
2-12-2020,Item-26,Susu Bubuk 195g,3,45000
18-12-2020,Item-26,Susu Bubuk 195g,20,45000
17-12-2020,Item-26,Susu Bubuk 195g,14,45000
19-12-2020,Item-26,Susu Bubuk 195g,6,45000
11-12-2020,Item-26,Susu Bubuk 195g,11,45000
6-12-2020,Item-26,Susu Bubuk 195g,17,45000
16-12-2020,Item-26,Susu Bubuk 195g,5,45000
24-12-2020,Item-26,Susu Bubuk 195g,10,45000
27-12-2020,Item-26,Susu Bubuk 195g,14,45000
18-12-2020,Item-26,Susu Bubuk 195g,19,45000
8-12-2020,Item-26,Susu Bubuk 195g,19,45000
4-12-2020,Item-26,Susu Bubuk 195g,9,45000
19-12-2020,Item-26,Susu Bubuk 195g,6,45000
2-12-2020,Item-26,Susu Bubuk 195g,20,45000
27-12-2020,Item-26,Susu Bubuk 195g,5,45000
22-12-2020,Item-26,Susu Bubuk 195g,14,45000
23-12-2020,Item-26,Susu Bubuk 195g,1,45000
25-12-2020,Item-26,Susu Bubuk 195g,17,45000
19-12-2020,Item-26,Susu Bubuk 195g,16,45000
11-12-2020,Item-26,Susu Bubuk 195g,20,45000
25-12-2020,Item-26,Susu Bubuk 195g,5,45000
25-12-2020,Item-26,Susu Bubuk 195g,16,45000
9-12-2020,Item-26,Susu Bubuk 195g,2,45000
15-12-2020,Item-26,Susu Bubuk 195g,3,45000
4-12-2020,Item-26,Susu Bubuk 195g,18,45000
5-12-2020,Item-26,Susu Bubuk 195g,17,45000
17-12-2020,Item-26,Susu Bubuk 195g,1,45000
3-12-2020,Item-26,Susu Bubuk 195g,13,45000
24-12-2020,Item-26,Susu Bubuk 195g,6,45000
16-12-2020,Item-26,Susu Bubuk 195g,19,45000
16-12-2020,Item-26,Susu Bubuk 195g,6,45000
16-12-2020,Item-26,Susu Bubuk 195g,18,45000
29-12-2020,Item-26,Susu Bubuk 195g,11,45000
20-12-2020,Item-26,Susu Bubuk 195g,14,45000
10-12-2020,Item-11,Sabun Cuci Piring,2,14000
11-12-2020,Item-03,Gula Pasir Putih 1 kg,2,12500
10-12-2020,Item-11,Sabun Cuci Piring,3,14000
6-12-2020,Item-11,Sabun Cuci Piring,4,14000
28-12-2020,Item-26,Susu Bubuk 195g,7,45000
6-12-2020,Item-26,Susu Bubuk 195g,17,45000
24-12-2020,Item-26,Susu Bubuk 195g,4,45000
17-12-2020,Item-26,Susu Bubuk 195g,20,45000
22-12-2020,Item-26,Susu Bubuk 195g,13,45000
21-12-2020,Item-07,Pembersih Lantai,1,12000
14-12-2020,Item-07,Pembersih Lantai,2,12000
5-12-2020,Item-07,Pembersih Lantai,3,12000
14-12-2020,Item-07,Pembersih Lantai,3,12000
11-12-2020,Item-07,Pembersih Lantai,3,12000
15-12-2020,Item-07,Pembersih Lantai,2,12000
19-12-2020,Item-07,Pembersih Lantai,1,12000
4-12-2020,Item-07,Pembersih Lantai,3,12000
7-12-2020,Item-07,Pembersih Lantai,3,12000
25-12-2020,Item-07,Pembersih Lantai,1,12000
25-12-2020,Item-07,Pembersih Lantai,2,12000
5-12-2020,Item-07,Pembersih Lantai,4,12000
12-12-2020,Item-07,Pembersih Lantai,3,12000
17-12-2020,Item-07,Pembersih Lantai,2,12000
7-12-2020,Item-07,Pembersih Lantai,3,12000
21-12-2020,Item-07,Pembersih Lantai,3,12000
2-12-2020,Item-07,Pembersih Lantai,4,12000
17-12-2020,Item-07,Pembersih Lantai,1,12000
22-12-2020,Item-07,Pembersih Lantai,3,12000
11-12-2020,Item-07,Pembersih Lantai,1,12000
15-12-2020,Item-07,Pembersih Lantai,3,12000
16-12-2020,Item-07,Pembersih Lantai,1,12000
7-12-2020,Item-07,Pembersih Lantai,2,12000
24-12-2020,Item-07,Pembersih Lantai,4,12000
10-12-2020,Item-07,Pembersih Lantai,1,12000
20-12-2020,Item-07,Pembersih Lantai,1,12000
25-12-2020,Item-07,Pembersih Lantai,2,12000
18-12-2020,Item-07,Pembersih Lantai,1,12000
17-12-2020,Item-07,Pembersih Lantai,3,12000
4-12-2020,Item-07,Pembersih Lantai,4,12000
16-12-2020,Item-07,Pembersih Lantai,3,12000
11-12-2020,Item-07,Pembersih Lantai,4,12000
27-12-2020,Item-07,Pembersih Lantai,4,12000
7-12-2020,Item-07,Pembersih Lantai,1,12000
16-12-2020,Item-07,Pembersih Lantai,4,12000
12-12-2020,Item-07,Pembersih Lantai,2,12000
7-12-2020,Item-07,Pembersih Lantai,3,12000
11-12-2020,Item-07,Pembersih Lantai,2,12000
24-12-2020,Item-07,Pembersih Lantai,1,12000
27-12-2020,Item-07,Pembersih Lantai,4,12000
19-12-2020,Item-07,Pembersih Lantai,3,12000
26-12-2020,Item-07,Pembersih Lantai,2,12000
23-12-2020,Item-07,Pembersih Lantai,4,12000
7-12-2020,Item-07,Pembersih Lantai,1,12000
30-12-2020,Item-07,Pembersih Lantai,1,12000
10-12-2020,Item-07,Pembersih Lantai,3,12000
19-12-2020,Item-07,Pembersih Lantai,1,12000
27-12-2020,Item-07,Pembersih Lantai,1,12000
22-12-2020,Item-07,Pembersih Lantai,3,12000
2-12-2020,Item-07,Pembersih Lantai,2,12000
26-12-2020,Item-07,Pembersih Lantai,2,12000
28-12-2020,Item-07,Pembersih Lantai,2,12000
4-12-2020,Item-07,Pembersih Lantai,4,12000
6-12-2020,Item-07,Pembersih Lantai,3,12000
7-12-2020,Item-07,Pembersih Lantai,4,12000
1-12-2020,Item-07,Pembersih Lantai,4,12000
16-12-2020,Item-07,Pembersih Lantai,4,12000
25-12-2020,Item-07,Pembersih Lantai,2,12000
15-12-2020,Item-07,Pembersih Lantai,4,12000
25-12-2020,Item-07,Pembersih Lantai,2,12000
16-12-2020,Item-07,Pembersih Lantai,1,12000
7-12-2020,Item-07,Pembersih Lantai,3,12000
5-12-2020,Item-07,Pembersih Lantai,4,12000
14-12-2020,Item-07,Pembersih Lantai,2,12000
28-12-2020,Item-07,Pembersih Lantai,3,12000
18-12-2020,Item-07,Pembersih Lantai,2,12000
30-12-2020,Item-07,Pembersih Lantai,2,12000
8-12-2020,Item-07,Pembersih Lantai,3,12000
29-12-2020,Item-07,Pembersih Lantai,2,12000
16-12-2020,Item-07,Pembersih Lantai,4,12000
25-12-2020,Item-07,Pembersih Lantai,3,12000
5-12-2020,Item-07,Pembersih Lantai,2,12000
10-12-2020,Item-07,Pembersih Lantai,3,12000
16-12-2020,Item-07,Pembersih Lantai,3,12000
17-12-2020,Item-07,Pembersih Lantai,3,12000
7-12-2020,Item-07,Pembersih Lantai,1,12000
9-12-2020,Item-07,Pembersih Lantai,2,12000
29-12-2020,Item-07,Pembersih Lantai,4,12000
28-12-2020,Item-07,Pembersih Lantai,3,12000
2-12-2020,Item-11,Sabun Cuci Piring,2,14000
3-12-2020,Item-03,Gula Pasir Putih 1 kg,2,12500
18-12-2020,Item-11,Sabun Cuci Piring,3,14000
14-12-2020,Item-11,Sabun Cuci Piring,4,14000
23-12-2020,Item-26,Susu Bubuk 195g,7,45000
25-12-2020,Item-07,Pembersih Lantai,2,12000
4-12-2020,Item-07,Pembersih Lantai,3,12000
6-12-2020,Item-07,Pembersih Lantai,3,12000
6-12-2020,Item-07,Pembersih Lantai,4,12000
5-12-2020,Item-07,Pembersih Lantai,1,12000
5-12-2020,Item-07,Pembersih Lantai,3,12000
4-12-2020,Item-07,Pembersih Lantai,1,12000
17-12-2020,Item-07,Pembersih Lantai,3,12000
18-12-2020,Item-07,Pembersih Lantai,1,12000
12-12-2020,Item-07,Pembersih Lantai,2,12000
15-12-2020,Item-07,Pembersih Lantai,4,12000
1-12-2020,Item-07,Pembersih Lantai,1,12000
27-12-2020,Item-07,Pembersih Lantai,1,12000
25-12-2020,Item-07,Pembersih Lantai,2,12000
30-12-2020,Item-07,Pembersih Lantai,1,12000
30-12-2020,Item-07,Pembersih Lantai,3,12000
18-12-2020,Item-07,Pembersih Lantai,4,12000
8-12-2020,Item-07,Pembersih Lantai,3,12000
26-12-2020,Item-07,Pembersih Lantai,4,12000
22-12-2020,Item-07,Pembersih Lantai,4,12000
26-12-2020,Item-07,Pembersih Lantai,1,12000
3-12-2020,Item-07,Pembersih Lantai,4,12000
15-12-2020,Item-07,Pembersih Lantai,2,12000
3-12-2020,Item-07,Pembersih Lantai,3,12000
4-12-2020,Item-07,Pembersih Lantai,2,12000
27-12-2020,Item-07,Pembersih Lantai,1,12000
24-12-2020,Item-07,Pembersih Lantai,4,12000
13-12-2020,Item-07,Pembersih Lantai,3,12000
27-12-2020,Item-07,Pembersih Lantai,2,12000
9-12-2020,Item-07,Pembersih Lantai,4,12000
4-12-2020,Item-07,Pembersih Lantai,1,12000
29-12-2020,Item-07,Pembersih Lantai,1,12000
9-12-2020,Item-07,Pembersih Lantai,3,12000
17-12-2020,Item-07,Pembersih Lantai,1,12000
26-12-2020,Item-07,Pembersih Lantai,1,12000
9-12-2020,Item-07,Pembersih Lantai,3,12000
24-12-2020,Item-07,Pembersih Lantai,2,12000
4-12-2020,Item-07,Pembersih Lantai,2,12000
1-12-2020,Item-07,Pembersih Lantai,2,12000
11-12-2020,Item-07,Pembersih Lantai,4,12000
3-12-2020,Item-07,Pembersih Lantai,3,12000
17-12-2020,Item-07,Pembersih Lantai,4,12000
8-12-2020,Item-07,Pembersih Lantai,4,12000
16-12-2020,Item-07,Pembersih Lantai,4,12000
18-12-2020,Item-07,Pembersih Lantai,2,12000
18-12-2020,Item-07,Pembersih Lantai,4,12000
13-12-2020,Item-07,Pembersih Lantai,2,12000
22-12-2020,Item-07,Pembersih Lantai,1,12000
24-12-2020,Item-07,Pembersih Lantai,3,12000
5-12-2020,Item-07,Pembersih Lantai,4,12000
27-12-2020,Item-07,Pembersih Lantai,2,12000
13-12-2020,Item-07,Pembersih Lantai,3,12000
27-12-2020,Item-07,Pembersih Lantai,2,12000
18-12-2020,Item-07,Pembersih Lantai,2,12000
2-12-2020,Item-07,Pembersih Lantai,3,12000
12-12-2020,Item-07,Pembersih Lantai,2,12000
19-12-2020,Item-07,Pembersih Lantai,4,12000
2-12-2020,Item-07,Pembersih Lantai,3,12000
19-12-2020,Item-07,Pembersih Lantai,2,12000
28-12-2020,Item-07,Pembersih Lantai,3,12000
28-12-2020,Item-07,Pembersih Lantai,3,12000
3-12-2020,Item-22,Minyak Goreng 1 Lt,2,16000
25-12-2020,Item-22,Minyak Goreng 1 Lt,3,16000
8-12-2020,Item-22,Minyak Goreng 1 Lt,2,16000
4-12-2020,Item-22,Minyak Goreng 1 Lt,2,16000
24-12-2020,Item-22,Minyak Goreng 1 Lt,1,16000
14-12-2020,Item-22,Minyak Goreng 1 Lt,2,16000
12-12-2020,Item-22,Minyak Goreng 1 Lt,2,16000
11-12-2020,Item-22,Minyak Goreng 1 Lt,3,16000
3-12-2020,Item-22,Minyak Goreng 1 Lt,3,16000
20-12-2020,Item-22,Minyak Goreng 1 Lt,3,16000
19-12-2020,Item-22,Minyak Goreng 1 Lt,2,16000
14-12-2020,Item-22,Minyak Goreng 1 Lt,1,16000
2-12-2020,Item-22,Minyak Goreng 1 Lt,4,16000
11-12-2020,Item-22,Minyak Goreng 1 Lt,2,16000
2-12-2020,Item-22,Minyak Goreng 1 Lt,2,16000
28-12-2020,Item-22,Minyak Goreng 1 Lt,1,16000
27-12-2020,Item-22,Minyak Goreng 1 Lt,1,16000
18-12-2020,Item-22,Minyak Goreng 1 Lt,2,16000
30-12-2020,Item-22,Minyak Goreng 1 Lt,3,16000
21-12-2020,Item-22,Minyak Goreng 1 Lt,4,16000
14-12-2020,Item-22,Minyak Goreng 1 Lt,3,16000
2-12-2020,Item-22,Minyak Goreng 1 Lt,2,16000
29-12-2020,Item-22,Minyak Goreng 1 Lt,4,16000
20-12-2020,Item-22,Minyak Goreng 1 Lt,4,16000
6-12-2020,Item-22,Minyak Goreng 1 Lt,4,16000
19-12-2020,Item-22,Minyak Goreng 1 Lt,3,16000
14-12-2020,Item-22,Minyak Goreng 1 Lt,2,16000
19-12-2020,Item-22,Minyak Goreng 1 Lt,2,16000
25-12-2020,Item-22,Minyak Goreng 1 Lt,2,16000
27-12-2020,Item-22,Minyak Goreng 1 Lt,2,16000
5-12-2020,Item-22,Minyak Goreng 1 Lt,3,16000
6-12-2020,Item-22,Minyak Goreng 1 Lt,1,16000
14-12-2020,Item-22,Minyak Goreng 1 Lt,2,16000
28-12-2020,Item-22,Minyak Goreng 1 Lt,1,16000
19-12-2020,Item-22,Minyak Goreng 1 Lt,1,16000
8-12-2020,Item-22,Minyak Goreng 1 Lt,3,16000
26-12-2020,Item-22,Minyak Goreng 1 Lt,4,16000
21-12-2020,Item-22,Minyak Goreng 1 Lt,4,16000
5-12-2020,Item-22,Minyak Goreng 1 Lt,3,16000
24-12-2020,Item-22,Minyak Goreng 1 Lt,2,16000
1-12-2020,Item-22,Minyak Goreng 1 Lt,4,16000
12-12-2020,Item-22,Minyak Goreng 1 Lt,4,16000
20-12-2020,Item-22,Minyak Goreng 1 Lt,2,16000
22-12-2020,Item-22,Minyak Goreng 1 Lt,2,16000
29-12-2020,Item-22,Minyak Goreng 1 Lt,3,16000
28-12-2020,Item-22,Minyak Goreng 1 Lt,1,16000
2-12-2020,Item-22,Minyak Goreng 1 Lt,2,16000
16-12-2020,Item-22,Minyak Goreng 1 Lt,1,16000
21-12-2020,Item-22,Minyak Goreng 1 Lt,2,16000
6-12-2020,Item-22,Minyak Goreng 1 Lt,3,16000
28-12-2020,Item-22,Minyak Goreng 1 Lt,3,16000
12-12-2020,Item-22,Minyak Goreng 1 Lt,3,16000
28-12-2020,Item-22,Minyak Goreng 1 Lt,3,16000
23-12-2020,Item-22,Minyak Goreng 1 Lt,4,16000
19-12-2020,Item-22,Minyak Goreng 1 Lt,2,16000
8-12-2020,Item-22,Minyak Goreng 1 Lt,3,16000
20-12-2020,Item-22,Minyak Goreng 1 Lt,1,16000
30-12-2020,Item-22,Minyak Goreng 1 Lt,1,16000
8-12-2020,Item-22,Minyak Goreng 1 Lt,3,16000
25-12-2020,Item-22,Minyak Goreng 1 Lt,1,16000
21-12-2020,Item-22,Minyak Goreng 1 Lt,4,16000
5-12-2020,Item-22,Minyak Goreng 1 Lt,1,16000
5-12-2020,Item-22,Minyak Goreng 1 Lt,1,16000
20-12-2020,Item-22,Minyak Goreng 1 Lt,1,16000
11-12-2020,Item-22,Minyak Goreng 1 Lt,3,16000
4-12-2020,Item-22,Minyak Goreng 1 Lt,1,16000
27-12-2020,Item-22,Minyak Goreng 1 Lt,1,16000
17-12-2020,Item-22,Minyak Goreng 1 Lt,4,16000
7-12-2020,Item-22,Minyak Goreng 1 Lt,2,16000
19-12-2020,Item-22,Minyak Goreng 1 Lt,2,16000
29-12-2020,Item-22,Minyak Goreng 1 Lt,2,16000
20-12-2020,Item-22,Minyak Goreng 1 Lt,2,16000
27-12-2020,Item-22,Minyak Goreng 1 Lt,4,16000
25-12-2020,Item-22,Minyak Goreng 1 Lt,2,16000
15-12-2020,Item-22,Minyak Goreng 1 Lt,2,16000
21-12-2020,Item-22,Minyak Goreng 1 Lt,4,16000
12-12-2020,Item-22,Minyak Goreng 1 Lt,4,16000
15-12-2020,Item-22,Minyak Goreng 1 Lt,4,16000
14-12-2020,Item-22,Minyak Goreng 1 Lt,3,16000
5-12-2020,Item-22,Minyak Goreng 1 Lt,1,16000
25-12-2020,Item-22,Minyak Goreng 1 Lt,2,16000
22-12-2020,Item-22,Minyak Goreng 1 Lt,3,16000
13-12-2020,Item-22,Minyak Goreng 1 Lt,2,16000
10-12-2020,Item-22,Minyak Goreng 1 Lt,1,16000
12-12-2020,Item-22,Minyak Goreng 1 Lt,1,16000
3-12-2020,Item-22,Minyak Goreng 1 Lt,1,16000
12-12-2020,Item-22,Minyak Goreng 1 Lt,2,16000
9-12-2020,Item-22,Minyak Goreng 1 Lt,4,16000
18-12-2020,Item-22,Minyak Goreng 1 Lt,3,16000
21-12-2020,Item-22,Minyak Goreng 1 Lt,2,16000
24-12-2020,Item-22,Minyak Goreng 1 Lt,3,16000
28-12-2020,Item-22,Minyak Goreng 1 Lt,3,16000
22-12-2020,Item-22,Minyak Goreng 1 Lt,2,16000
17-12-2020,Item-22,Minyak Goreng 1 Lt,2,16000
25-12-2020,Item-22,Minyak Goreng 1 Lt,1,16000
24-12-2020,Item-22,Minyak Goreng 1 Lt,2,16000
18-12-2020,Item-22,Minyak Goreng 1 Lt,3,16000
20-12-2020,Item-22,Minyak Goreng 1 Lt,3,16000
29-12-2020,Item-22,Minyak Goreng 1 Lt,1,16000
7-12-2020,Item-22,Minyak Goreng 1 Lt,1,16000
22-12-2020,Item-22,Minyak Goreng 1 Lt,3,16000
11-12-2020,Item-22,Minyak Goreng 1 Lt,1,16000
2-12-2020,Item-22,Minyak Goreng 1 Lt,2,16000
9-12-2020,Item-22,Minyak Goreng 1 Lt,3,16000
28-12-2020,Item-22,Minyak Goreng 1 Lt,3,16000
14-12-2020,Item-22,Minyak Goreng 1 Lt,1,16000
29-12-2020,Item-22,Minyak Goreng 1 Lt,4,16000
27-12-2020,Item-22,Minyak Goreng 1 Lt,1,16000
21-12-2020,Item-22,Minyak Goreng 1 Lt,1,16000
2-12-2020,Item-22,Minyak Goreng 1 Lt,3,16000
15-12-2020,Item-22,Minyak Goreng 1 Lt,2,16000
3-12-2020,Item-22,Minyak Goreng 1 Lt,1,16000
3-12-2020,Item-22,Minyak Goreng 1 Lt,2,16000
4-12-2020,Item-22,Minyak Goreng 1 Lt,3,16000
13-12-2020,Item-22,Minyak Goreng 1 Lt,2,16000
10-12-2020,Item-22,Minyak Goreng 1 Lt,3,16000
16-12-2020,Item-22,Minyak Goreng 1 Lt,2,16000
30-12-2020,Item-22,Minyak Goreng 1 Lt,4,16000
26-12-2020,Item-22,Minyak Goreng 1 Lt,1,16000
11-12-2020,Item-22,Minyak Goreng 1 Lt,1,16000
1-12-2020,Item-22,Minyak Goreng 1 Lt,4,16000
5-12-2020,Item-22,Minyak Goreng 1 Lt,4,16000
14-12-2020,Item-22,Minyak Goreng 1 Lt,4,16000
15-12-2020,Item-22,Minyak Goreng 1 Lt,4,16000
9-12-2020,Item-22,Minyak Goreng 1 Lt,2,16000
9-12-2020,Item-22,Minyak Goreng 1 Lt,4,16000
13-12-2020,Item-22,Minyak Goreng 1 Lt,2,16000
18-12-2020,Item-22,Minyak Goreng 1 Lt,2,16000
29-12-2020,Item-22,Minyak Goreng 1 Lt,1,16000
2-12-2020,Item-22,Minyak Goreng 1 Lt,3,16000
1-12-2020,Item-22,Minyak Goreng 1 Lt,1,16000
13-12-2020,Item-22,Minyak Goreng 1 Lt,4,16000
22-12-2020,Item-22,Minyak Goreng 1 Lt,4,16000
8-12-2020,Item-22,Minyak Goreng 1 Lt,2,16000
14-12-2020,Item-05,Mi Goreng Instant,2,2600
6-12-2020,Item-05,Mi Goreng Instant,2,2600
21-12-2020,Item-05,Mi Goreng Instant,2,2600
6-12-2020,Item-05,Mi Goreng Instant,1,2600
19-12-2020,Item-05,Mi Goreng Instant,3,2600
26-12-2020,Item-05,Mi Goreng Instant,1,2600
13-12-2020,Item-05,Mi Goreng Instant,1,2600
25-12-2020,Item-05,Mi Goreng Instant,4,2600
21-12-2020,Item-22,Minyak Goreng 1 Lt,4,16000
10-12-2020,Item-22,Minyak Goreng 1 Lt,4,16000
10-12-2020,Item-22,Minyak Goreng 1 Lt,2,16000
11-12-2020,Item-22,Minyak Goreng 1 Lt,1,16000
15-12-2020,Item-22,Minyak Goreng 1 Lt,3,16000
12-12-2020,Item-22,Minyak Goreng 1 Lt,3,16000
6-12-2020,Item-22,Minyak Goreng 1 Lt,2,16000
25-12-2020,Item-22,Minyak Goreng 1 Lt,1,16000
20-12-2020,Item-22,Minyak Goreng 1 Lt,2,16000
18-12-2020,Item-22,Minyak Goreng 1 Lt,3,16000
24-12-2020,Item-22,Minyak Goreng 1 Lt,1,16000
21-12-2020,Item-22,Minyak Goreng 1 Lt,2,16000
27-12-2020,Item-22,Minyak Goreng 1 Lt,4,16000
24-12-2020,Item-23,Air Mineral Botol 500 ml,4,3000
17-12-2020,Item-23,Air Mineral Botol 500 ml,1,3000
7-12-2020,Item-23,Air Mineral Botol 500 ml,1,3000
9-12-2020,Item-23,Air Mineral Botol 500 ml,4,3000
13-12-2020,Item-23,Air Mineral Botol 500 ml,4,3000
25-12-2020,Item-23,Air Mineral Botol 500 ml,4,3000
6-12-2020,Item-23,Air Mineral Botol 500 ml,4,3000
16-12-2020,Item-23,Air Mineral Botol 500 ml,2,3000
17-12-2020,Item-23,Air Mineral Botol 500 ml,4,3000
16-12-2020,Item-23,Air Mineral Botol 500 ml,2,3000
7-12-2020,Item-23,Air Mineral Botol 500 ml,2,3000
27-12-2020,Item-23,Air Mineral Botol 500 ml,1,3000
23-12-2020,Item-23,Air Mineral Botol 500 ml,3,3000
24-12-2020,Item-23,Air Mineral Botol 500 ml,1,3000
9-12-2020,Item-23,Air Mineral Botol 500 ml,4,3000
10-12-2020,Item-23,Air Mineral Botol 500 ml,4,3000
8-12-2020,Item-23,Air Mineral Botol 500 ml,2,3000
4-12-2020,Item-23,Air Mineral Botol 500 ml,4,3000
6-12-2020,Item-23,Air Mineral Botol 500 ml,4,3000
29-12-2020,Item-23,Air Mineral Botol 500 ml,2,3000
26-12-2020,Item-23,Air Mineral Botol 500 ml,1,3000
7-12-2020,Item-23,Air Mineral Botol 500 ml,3,3000
12-12-2020,Item-23,Air Mineral Botol 500 ml,3,3000
28-12-2020,Item-23,Air Mineral Botol 500 ml,2,3000
9-12-2020,Item-23,Air Mineral Botol 500 ml,1,3000
10-12-2020,Item-23,Air Mineral Botol 500 ml,2,3000
12-12-2020,Item-23,Air Mineral Botol 500 ml,3,3000
20-12-2020,Item-23,Air Mineral Botol 500 ml,1,3000
13-12-2020,Item-23,Air Mineral Botol 500 ml,2,3000
2-12-2020,Item-23,Air Mineral Botol 500 ml,4,3000
12-12-2020,Item-27,Bedak Bayi,3,25000
16-12-2020,Item-23,Air Mineral Botol 500 ml,4,3000
16-12-2020,Item-23,Air Mineral Botol 500 ml,3,3000
20-12-2020,Item-23,Air Mineral Botol 500 ml,4,3000
23-12-2020,Item-23,Air Mineral Botol 500 ml,2,3000
28-12-2020,Item-23,Air Mineral Botol 500 ml,4,3000
17-12-2020,Item-23,Air Mineral Botol 500 ml,3,3000
26-12-2020,Item-23,Air Mineral Botol 500 ml,1,3000
1-12-2020,Item-23,Air Mineral Botol 500 ml,4,3000
28-12-2020,Item-23,Air Mineral Botol 500 ml,1,3000
29-12-2020,Item-23,Air Mineral Botol 500 ml,3,3000
30-12-2020,Item-23,Air Mineral Botol 500 ml,4,3000
18-12-2020,Item-23,Air Mineral Botol 500 ml,1,3000
13-12-2020,Item-23,Air Mineral Botol 500 ml,2,3000
4-12-2020,Item-23,Air Mineral Botol 500 ml,1,3000
15-12-2020,Item-28,Tisu,16,7000
15-12-2020,Item-23,Air Mineral Botol 500 ml,3,3000
25-12-2020,Item-23,Air Mineral Botol 500 ml,4,3000
7-12-2020,Item-23,Air Mineral Botol 500 ml,1,3000
19-12-2020,Item-23,Air Mineral Botol 500 ml,2,3000
5-12-2020,Item-23,Air Mineral Botol 500 ml,3,3000
6-12-2020,Item-23,Air Mineral Botol 500 ml,3,3000
13-12-2020,Item-23,Air Mineral Botol 500 ml,1,3000
24-12-2020,Item-23,Air Mineral Botol 500 ml,4,3000
6-12-2020,Item-23,Air Mineral Botol 500 ml,4,3000
13-12-2020,Item-23,Air Mineral Botol 500 ml,2,3000
18-12-2020,Item-23,Air Mineral Botol 500 ml,2,3000
19-12-2020,Item-23,Air Mineral Botol 500 ml,3,3000
2-12-2020,Item-23,Air Mineral Botol 500 ml,3,3000
16-12-2020,Item-23,Air Mineral Botol 500 ml,3,3000
17-12-2020,Item-23,Air Mineral Botol 500 ml,3,3000
5-12-2020,Item-23,Air Mineral Botol 500 ml,1,3000
25-12-2020,Item-23,Air Mineral Botol 500 ml,3,3000
22-12-2020,Item-23,Air Mineral Botol 500 ml,2,3000
28-12-2020,Item-23,Air Mineral Botol 500 ml,1,3000
9-12-2020,Item-23,Air Mineral Botol 500 ml,1,3000
7-12-2020,Item-23,Air Mineral Botol 500 ml,3,3000
22-12-2020,Item-23,Air Mineral Botol 500 ml,2,3000
8-12-2020,Item-23,Air Mineral Botol 500 ml,2,3000
9-12-2020,Item-23,Air Mineral Botol 500 ml,3,3000
19-12-2020,Item-23,Air Mineral Botol 500 ml,4,3000
19-12-2020,Item-23,Air Mineral Botol 500 ml,3,3000
9-12-2020,Item-23,Air Mineral Botol 500 ml,2,3000
4-12-2020,Item-23,Air Mineral Botol 500 ml,3,3000
10-12-2020,Item-23,Air Mineral Botol 500 ml,1,3000
22-12-2020,Item-23,Air Mineral Botol 500 ml,2,3000
5-12-2020,Item-23,Air Mineral Botol 500 ml,2,3000
17-12-2020,Item-23,Air Mineral Botol 500 ml,1,3000
2-12-2020,Item-23,Air Mineral Botol 500 ml,1,3000
1-12-2020,Item-23,Air Mineral Botol 500 ml,2,3000
11-12-2020,Item-23,Air Mineral Botol 500 ml,3,3000
14-12-2020,Item-23,Air Mineral Botol 500 ml,3,3000
30-12-2020,Item-11,Sabun Cuci Piring,2,14000
11-12-2020,Item-03,Gula Pasir Putih 1 kg,2,12500
11-12-2020,Item-11,Sabun Cuci Piring,3,14000
13-12-2020,Item-11,Sabun Cuci Piring,4,14000
28-12-2020,Item-26,Susu Bubuk 195g,7,45000
9-12-2020,Item-24,Pengharum Ruangan,14,7000
5-12-2020,Item-24,Pengharum Ruangan,5,7000
6-12-2020,Item-24,Pengharum Ruangan,17,7000
24-12-2020,Item-24,Pengharum Ruangan,3,7000
13-12-2020,Item-24,Pengharum Ruangan,12,7000
12-12-2020,Item-24,Pengharum Ruangan,5,7000
24-12-2020,Item-24,Pengharum Ruangan,4,7000
20-12-2020,Item-24,Pengharum Ruangan,11,7000
3-12-2020,Item-24,Pengharum Ruangan,8,7000
23-12-2020,Item-24,Pengharum Ruangan,2,7000
1-12-2020,Item-24,Pengharum Ruangan,2,7000
23-12-2020,Item-24,Pengharum Ruangan,20,7000
16-12-2020,Item-24,Pengharum Ruangan,11,7000
5-12-2020,Item-24,Pengharum Ruangan,13,7000
23-12-2020,Item-24,Pengharum Ruangan,12,7000
25-12-2020,Item-24,Pengharum Ruangan,9,7000
20-12-2020,Item-24,Pengharum Ruangan,12,7000
25-12-2020,Item-24,Pengharum Ruangan,6,7000
11-12-2020,Item-24,Pengharum Ruangan,9,7000
6-12-2020,Item-24,Pengharum Ruangan,11,7000
16-12-2020,Item-24,Pengharum Ruangan,8,7000
23-12-2020,Item-24,Pengharum Ruangan,1,7000
2-12-2020,Item-24,Pengharum Ruangan,13,7000
29-12-2020,Item-24,Pengharum Ruangan,13,7000
25-12-2020,Item-24,Pengharum Ruangan,13,7000
6-12-2020,Item-24,Pengharum Ruangan,15,7000
11-12-2020,Item-24,Pengharum Ruangan,6,7000
27-12-2020,Item-24,Pengharum Ruangan,5,7000
28-12-2020,Item-24,Pengharum Ruangan,18,7000
11-12-2020,Item-24,Pengharum Ruangan,19,7000
8-12-2020,Item-24,Pengharum Ruangan,5,7000
5-12-2020,Item-24,Pengharum Ruangan,1,7000
26-12-2020,Item-24,Pengharum Ruangan,17,7000
2-12-2020,Item-24,Pengharum Ruangan,9,7000
12-12-2020,Item-24,Pengharum Ruangan,20,7000
1-12-2020,Item-24,Pengharum Ruangan,13,7000
1-12-2020,Item-24,Pengharum Ruangan,1,7000
12-12-2020,Item-24,Pengharum Ruangan,3,7000
24-12-2020,Item-24,Pengharum Ruangan,4,7000
1-12-2020,Item-24,Pengharum Ruangan,14,7000
3-12-2020,Item-24,Pengharum Ruangan,17,7000
11-12-2020,Item-24,Pengharum Ruangan,6,7000
7-12-2020,Item-24,Pengharum Ruangan,20,7000
15-12-2020,Item-24,Pengharum Ruangan,16,7000
8-12-2020,Item-24,Pengharum Ruangan,16,7000
9-12-2020,Item-24,Pengharum Ruangan,9,7000
17-12-2020,Item-24,Pengharum Ruangan,12,7000
7-12-2020,Item-24,Pengharum Ruangan,17,7000
15-12-2020,Item-24,Pengharum Ruangan,7,7000
25-12-2020,Item-24,Pengharum Ruangan,12,7000
3-12-2020,Item-24,Pengharum Ruangan,10,7000
2-12-2020,Item-24,Pengharum Ruangan,4,7000
21-12-2020,Item-24,Pengharum Ruangan,5,7000
18-12-2020,Item-24,Pengharum Ruangan,19,7000
4-12-2020,Item-24,Pengharum Ruangan,19,7000
26-12-2020,Item-24,Pengharum Ruangan,8,7000
8-12-2020,Item-24,Pengharum Ruangan,5,7000
13-12-2020,Item-24,Pengharum Ruangan,3,7000
9-12-2020,Item-24,Pengharum Ruangan,17,7000
27-12-2020,Item-24,Pengharum Ruangan,4,7000
13-12-2020,Item-24,Pengharum Ruangan,9,7000
3-12-2020,Item-24,Pengharum Ruangan,9,7000
24-12-2020,Item-24,Pengharum Ruangan,16,7000
6-12-2020,Item-24,Pengharum Ruangan,16,7000
30-12-2020,Item-24,Pengharum Ruangan,17,7000
30-12-2020,Item-24,Pengharum Ruangan,11,7000
26-12-2020,Item-24,Pengharum Ruangan,5,7000
14-12-2020,Item-24,Pengharum Ruangan,14,7000
10-12-2020,Item-24,Pengharum Ruangan,19,7000
22-12-2020,Item-24,Pengharum Ruangan,14,7000
27-12-2020,Item-24,Pengharum Ruangan,4,7000
8-12-2020,Item-24,Pengharum Ruangan,16,7000
20-12-2020,Item-24,Pengharum Ruangan,13,7000
10-12-2020,Item-24,Pengharum Ruangan,9,7000
2-12-2020,Item-24,Pengharum Ruangan,6,7000
26-12-2020,Item-24,Pengharum Ruangan,9,7000
10-12-2020,Item-24,Pengharum Ruangan,11,7000
2-12-2020,Item-24,Pengharum Ruangan,14,7000
23-12-2020,Item-24,Pengharum Ruangan,11,7000
2-12-2020,Item-24,Pengharum Ruangan,5,7000
15-12-2020,Item-16,Balsem Putih 20 gram,1,22300
2-12-2020,Item-26,Susu Bubuk 195g,14,45000
8-12-2020,Item-11,Sabun Cuci Piring,3,14000
17-12-2020,Item-03,Gula Pasir Putih 1 kg,3,12500
21-12-2020,Item-11,Sabun Cuci Piring,2,14000
10-12-2020,Item-17,Obat Batuk,3,5000
3-12-2020,Item-03,Gula Pasir Putih 1 kg,2,12500
6-12-2020,Item-11,Sabun Cuci Piring,3,14000
10-12-2020,Item-16,Balsem Putih 20 gram,4,22300
10-12-2020,Item-03,Gula Pasir Putih 1 kg,2,12500
25-12-2020,Item-11,Sabun Cuci Piring,2,14000
2-12-2020,Item-16,Balsem Putih 20 gram,2,22300
23-12-2020,Item-03,Gula Pasir Putih 1 kg,1,12500
14-12-2020,Item-26,Susu Bubuk 195g,1,45000
16-12-2020,Item-11,Sabun Cuci Piring,4,14000
6-12-2020,Item-03,Gula Pasir Putih 1 kg,2,12500
13-12-2020,Item-03,Gula Pasir Putih 1 kg,2,12500
23-12-2020,Item-24,Pengharum Ruangan,1,7000
23-12-2020,Item-24,Pengharum Ruangan,11,7000
26-12-2020,Item-24,Pengharum Ruangan,12,7000
2-12-2020,Item-24,Pengharum Ruangan,17,7000
18-12-2020,Item-24,Pengharum Ruangan,19,7000
4-12-2020,Item-24,Pengharum Ruangan,2,7000
27-12-2020,Item-24,Pengharum Ruangan,6,7000
7-12-2020,Item-25,Pembalut Wanita Size L,17,15000
10-12-2020,Item-25,Pembalut Wanita Size L,10,15000
14-12-2020,Item-25,Pembalut Wanita Size L,5,15000
14-12-2020,Item-25,Pembalut Wanita Size L,10,15000
18-12-2020,Item-25,Pembalut Wanita Size L,5,15000
1-12-2020,Item-25,Pembalut Wanita Size L,3,15000
28-12-2020,Item-25,Pembalut Wanita Size L,10,15000
13-12-2020,Item-25,Pembalut Wanita Size L,12,15000
3-12-2020,Item-25,Pembalut Wanita Size L,18,15000
13-12-2020,Item-25,Pembalut Wanita Size L,7,15000
25-12-2020,Item-25,Pembalut Wanita Size L,6,15000
8-12-2020,Item-25,Pembalut Wanita Size L,3,15000
14-12-2020,Item-25,Pembalut Wanita Size L,3,15000
23-12-2020,Item-25,Pembalut Wanita Size L,6,15000
14-12-2020,Item-25,Pembalut Wanita Size L,7,15000
23-12-2020,Item-25,Pembalut Wanita Size L,1,15000
15-12-2020,Item-25,Pembalut Wanita Size L,6,15000
5-12-2020,Item-25,Pembalut Wanita Size L,13,15000
26-12-2020,Item-25,Pembalut Wanita Size L,1,15000
8-12-2020,Item-25,Pembalut Wanita Size L,15,15000
15-12-2020,Item-25,Pembalut Wanita Size L,6,15000
13-12-2020,Item-25,Pembalut Wanita Size L,5,15000
17-12-2020,Item-25,Pembalut Wanita Size L,20,15000
21-12-2020,Item-25,Pembalut Wanita Size L,5,15000
1-12-2020,Item-25,Pembalut Wanita Size L,13,15000
1-12-2020,Item-25,Pembalut Wanita Size L,10,15000
18-12-2020,Item-25,Pembalut Wanita Size L,16,15000
28-12-2020,Item-25,Pembalut Wanita Size L,19,15000
28-12-2020,Item-25,Pembalut Wanita Size L,11,15000
12-12-2020,Item-25,Pembalut Wanita Size L,14,15000
19-12-2020,Item-25,Pembalut Wanita Size L,19,15000
23-12-2020,Item-25,Pembalut Wanita Size L,17,15000
10-12-2020,Item-25,Pembalut Wanita Size L,17,15000
29-12-2020,Item-25,Pembalut Wanita Size L,11,15000
25-12-2020,Item-25,Pembalut Wanita Size L,19,15000
27-12-2020,Item-25,Pembalut Wanita Size L,2,15000
14-12-2020,Item-25,Pembalut Wanita Size L,14,15000
9-12-2020,Item-25,Pembalut Wanita Size L,17,15000
18-12-2020,Item-25,Pembalut Wanita Size L,2,15000
30-12-2020,Item-25,Pembalut Wanita Size L,7,15000
29-12-2020,Item-16,Balsem Putih 20 gram,1,22300
21-12-2020,Item-26,Susu Bubuk 195g,14,45000
1-12-2020,Item-11,Sabun Cuci Piring,3,14000
22-12-2020,Item-03,Gula Pasir Putih 1 kg,3,12500
30-12-2020,Item-11,Sabun Cuci Piring,2,14000
29-12-2020,Item-17,Obat Batuk,3,5000
24-12-2020,Item-03,Gula Pasir Putih 1 kg,2,12500
3-12-2020,Item-11,Sabun Cuci Piring,3,14000
19-12-2020,Item-16,Balsem Putih 20 gram,4,22300
24-12-2020,Item-03,Gula Pasir Putih 1 kg,2,12500
30-12-2020,Item-11,Sabun Cuci Piring,2,14000
2-12-2020,Item-16,Balsem Putih 20 gram,2,22300
24-12-2020,Item-03,Gula Pasir Putih 1 kg,1,12500
8-12-2020,Item-26,Susu Bubuk 195g,1,45000
13-12-2020,Item-11,Sabun Cuci Piring,4,14000
22-12-2020,Item-03,Gula Pasir Putih 1 kg,2,12500
4-12-2020,Item-03,Gula Pasir Putih 1 kg,2,12500
11-12-2020,Item-16,Balsem Putih 20 gram,1,22300
1-12-2020,Item-26,Susu Bubuk 195g,14,45000
9-12-2020,Item-11,Sabun Cuci Piring,3,14000
8-12-2020,Item-03,Gula Pasir Putih 1 kg,3,12500
24-12-2020,Item-11,Sabun Cuci Piring,2,14000
22-12-2020,Item-17,Obat Batuk,3,5000
13-12-2020,Item-03,Gula Pasir Putih 1 kg,2,12500
13-12-2020,Item-11,Sabun Cuci Piring,3,14000
5-12-2020,Item-16,Balsem Putih 20 gram,4,22300
27-12-2020,Item-03,Gula Pasir Putih 1 kg,2,12500
25-12-2020,Item-11,Sabun Cuci Piring,2,14000
11-12-2020,Item-16,Balsem Putih 20 gram,2,22300
17-12-2020,Item-03,Gula Pasir Putih 1 kg,1,12500
15-12-2020,Item-26,Susu Bubuk 195g,1,45000
19-12-2020,Item-11,Sabun Cuci Piring,4,14000
30-12-2020,Item-03,Gula Pasir Putih 1 kg,2,12500
29-12-2020,Item-03,Gula Pasir Putih 1 kg,2,12500
29-12-2020,Item-25,Pembalut Wanita Size L,2,15000
19-12-2020,Item-25,Pembalut Wanita Size L,18,15000
20-12-2020,Item-25,Pembalut Wanita Size L,13,15000
5-12-2020,Item-25,Pembalut Wanita Size L,1,15000
25-12-2020,Item-25,Pembalut Wanita Size L,20,15000
13-12-2020,Item-25,Pembalut Wanita Size L,15,15000
26-12-2020,Item-25,Pembalut Wanita Size L,20,15000
25-12-2020,Item-25,Pembalut Wanita Size L,10,15000
11-12-2020,Item-25,Pembalut Wanita Size L,2,15000
8-12-2020,Item-25,Pembalut Wanita Size L,5,15000
17-12-2020,Item-25,Pembalut Wanita Size L,16,15000
5-12-2020,Item-25,Pembalut Wanita Size L,17,15000
19-12-2020,Item-25,Pembalut Wanita Size L,6,15000
6-12-2020,Item-25,Pembalut Wanita Size L,11,15000
8-12-2020,Item-25,Pembalut Wanita Size L,19,15000
2-12-2020,Item-25,Pembalut Wanita Size L,16,15000
7-12-2020,Item-25,Pembalut Wanita Size L,4,15000
6-12-2020,Item-25,Pembalut Wanita Size L,3,15000
11-12-2020,Item-25,Pembalut Wanita Size L,8,15000
11-12-2020,Item-25,Pembalut Wanita Size L,9,15000
29-12-2020,Item-25,Pembalut Wanita Size L,17,15000
2-12-2020,Item-25,Pembalut Wanita Size L,11,15000
9-12-2020,Item-25,Pembalut Wanita Size L,3,15000
11-12-2020,Item-25,Pembalut Wanita Size L,17,15000
3-12-2020,Item-25,Pembalut Wanita Size L,6,15000
1-12-2020,Item-25,Pembalut Wanita Size L,2,15000
25-12-2020,Item-25,Pembalut Wanita Size L,14,15000
26-12-2020,Item-25,Pembalut Wanita Size L,19,15000
11-12-2020,Item-25,Pembalut Wanita Size L,14,15000
15-12-2020,Item-25,Pembalut Wanita Size L,5,15000
18-12-2020,Item-25,Pembalut Wanita Size L,8,15000
3-12-2020,Item-25,Pembalut Wanita Size L,10,15000
23-12-2020,Item-25,Pembalut Wanita Size L,11,15000
30-12-2020,Item-25,Pembalut Wanita Size L,10,15000
8-12-2020,Item-25,Pembalut Wanita Size L,5,15000
13-12-2020,Item-25,Pembalut Wanita Size L,8,15000
22-12-2020,Item-25,Pembalut Wanita Size L,15,15000
16-12-2020,Item-25,Pembalut Wanita Size L,3,15000
17-12-2020,Item-25,Pembalut Wanita Size L,11,15000
2-12-2020,Item-25,Pembalut Wanita Size L,19,15000
13-12-2020,Item-16,Balsem Putih 20 gram,1,22300
12-12-2020,Item-26,Susu Bubuk 195g,14,45000
29-12-2020,Item-11,Sabun Cuci Piring,3,14000
18-12-2020,Item-03,Gula Pasir Putih 1 kg,3,12500
7-12-2020,Item-11,Sabun Cuci Piring,2,14000
20-12-2020,Item-17,Obat Batuk,3,5000
23-12-2020,Item-03,Gula Pasir Putih 1 kg,2,12500
10-12-2020,Item-11,Sabun Cuci Piring,3,14000
4-12-2020,Item-16,Balsem Putih 20 gram,4,22300
15-12-2020,Item-03,Gula Pasir Putih 1 kg,2,12500
2-12-2020,Item-11,Sabun Cuci Piring,2,14000
27-12-2020,Item-16,Balsem Putih 20 gram,2,22300
4-12-2020,Item-03,Gula Pasir Putih 1 kg,1,12500
13-12-2020,Item-26,Susu Bubuk 195g,1,45000
12-12-2020,Item-11,Sabun Cuci Piring,4,14000
8-12-2020,Item-03,Gula Pasir Putih 1 kg,2,12500
9-12-2020,Item-03,Gula Pasir Putih 1 kg,2,12500
22-12-2020,Item-26,Susu Bubuk 195g,5,45000
20-12-2020,Item-26,Susu Bubuk 195g,9,45000
7-12-2020,Item-26,Susu Bubuk 195g,9,45000
21-12-2020,Item-26,Susu Bubuk 195g,6,45000
30-12-2020,Item-26,Susu Bubuk 195g,16,45000
4-12-2020,Item-26,Susu Bubuk 195g,2,45000
19-12-2020,Item-26,Susu Bubuk 195g,13,45000
1-12-2020,Item-26,Susu Bubuk 195g,10,45000
3-12-2020,Item-26,Susu Bubuk 195g,16,45000
24-12-2020,Item-26,Susu Bubuk 195g,16,45000
12-12-2020,Item-26,Susu Bubuk 195g,20,45000
28-12-2020,Item-26,Susu Bubuk 195g,12,45000
16-12-2020,Item-26,Susu Bubuk 195g,3,45000
8-12-2020,Item-26,Susu Bubuk 195g,7,45000
15-12-2020,Item-26,Susu Bubuk 195g,16,45000
26-12-2020,Item-26,Susu Bubuk 195g,11,45000
3-12-2020,Item-26,Susu Bubuk 195g,13,45000
17-12-2020,Item-26,Susu Bubuk 195g,16,45000
3-12-2020,Item-26,Susu Bubuk 195g,13,45000
7-12-2020,Item-26,Susu Bubuk 195g,4,45000
17-12-2020,Item-26,Susu Bubuk 195g,9,45000
2-12-2020,Item-26,Susu Bubuk 195g,15,45000
6-12-2020,Item-26,Susu Bubuk 195g,18,45000
11-12-2020,Item-26,Susu Bubuk 195g,6,45000
8-12-2020,Item-26,Susu Bubuk 195g,11,45000
11-12-2020,Item-26,Susu Bubuk 195g,13,45000
3-12-2020,Item-26,Susu Bubuk 195g,1,45000
18-12-2020,Item-26,Susu Bubuk 195g,8,45000
15-12-2020,Item-26,Susu Bubuk 195g,8,45000
1-12-2020,Item-26,Susu Bubuk 195g,15,45000
12-12-2020,Item-26,Susu Bubuk 195g,13,45000
24-12-2020,Item-26,Susu Bubuk 195g,1,45000
19-12-2020,Item-26,Susu Bubuk 195g,8,45000
4-12-2020,Item-26,Susu Bubuk 195g,1,45000
28-12-2020,Item-26,Susu Bubuk 195g,1,45000
26-12-2020,Item-26,Susu Bubuk 195g,7,45000
6-12-2020,Item-26,Susu Bubuk 195g,19,45000
16-12-2020,Item-26,Susu Bubuk 195g,20,45000
30-12-2020,Item-26,Susu Bubuk 195g,18,45000
6-12-2020,Item-26,Susu Bubuk 195g,20,45000
3-12-2020,Item-33,Es Cream,2,5000
5-12-2020,Item-33,Es Cream,8,5000
24-12-2020,Item-33,Es Cream,8,5000
29-12-2020,Item-33,Es Cream,10,5000
7-12-2020,Item-33,Es Cream,20,5000
30-12-2020,Item-33,Es Cream,12,5000
22-12-2020,Item-33,Es Cream,11,5000
19-12-2020,Item-33,Es Cream,12,5000
5-12-2020,Item-33,Es Cream,17,5000
16-12-2020,Item-33,Es Cream,9,5000
14-12-2020,Item-33,Es Cream,17,5000
3-12-2020,Item-33,Es Cream,8,5000
30-12-2020,Item-33,Es Cream,4,5000
19-12-2020,Item-33,Es Cream,1,5000
26-12-2020,Item-33,Es Cream,20,5000
22-12-2020,Item-33,Es Cream,12,5000
22-12-2020,Item-33,Es Cream,13,5000
26-12-2020,Item-33,Es Cream,6,5000
15-12-2020,Item-33,Es Cream,6,5000
10-12-2020,Item-33,Es Cream,12,5000
14-12-2020,Item-33,Es Cream,9,5000
7-12-2020,Item-33,Es Cream,3,5000
6-12-2020,Item-33,Es Cream,19,5000
22-12-2020,Item-33,Es Cream,11,5000
20-12-2020,Item-33,Es Cream,16,5000
7-12-2020,Item-33,Es Cream,4,5000
17-12-2020,Item-33,Es Cream,1,5000
30-12-2020,Item-33,Es Cream,6,5000
2-12-2020,Item-33,Es Cream,20,5000
18-12-2020,Item-33,Es Cream,10,5000
1-12-2020,Item-33,Es Cream,20,5000
26-12-2020,Item-33,Es Cream,8,5000
6-12-2020,Item-33,Es Cream,10,5000
15-12-2020,Item-33,Es Cream,5,5000
23-12-2020,Item-33,Es Cream,8,5000
29-12-2020,Item-33,Es Cream,14,5000
9-12-2020,Item-33,Es Cream,2,5000
13-12-2020,Item-33,Es Cream,3,5000
28-12-2020,Item-33,Es Cream,17,5000
8-12-2020,Item-33,Es Cream,19,5000
19-12-2020,Item-27,Bedak Bayi,17,25000
17-12-2020,Item-27,Bedak Bayi,5,25000
13-12-2020,Item-27,Bedak Bayi,20,25000
30-12-2020,Item-27,Bedak Bayi,18,25000
18-12-2020,Item-27,Bedak Bayi,15,25000
21-12-2020,Item-27,Bedak Bayi,2,25000
25-12-2020,Item-27,Bedak Bayi,10,25000
25-12-2020,Item-27,Bedak Bayi,2,25000
27-12-2020,Item-27,Bedak Bayi,1,25000
12-12-2020,Item-27,Bedak Bayi,17,25000
3-12-2020,Item-27,Bedak Bayi,3,25000
8-12-2020,Item-27,Bedak Bayi,3,25000
21-12-2020,Item-27,Bedak Bayi,11,25000
24-12-2020,Item-27,Bedak Bayi,19,25000
2-12-2020,Item-27,Bedak Bayi,2,25000
27-12-2020,Item-27,Bedak Bayi,18,25000
6-12-2020,Item-27,Bedak Bayi,10,25000
14-12-2020,Item-27,Bedak Bayi,11,25000
28-12-2020,Item-27,Bedak Bayi,9,25000
19-12-2020,Item-27,Bedak Bayi,13,25000
6-12-2020,Item-27,Bedak Bayi,17,25000
9-12-2020,Item-27,Bedak Bayi,1,25000
22-12-2020,Item-27,Bedak Bayi,18,25000
4-12-2020,Item-27,Bedak Bayi,16,25000
26-12-2020,Item-27,Bedak Bayi,9,25000
11-12-2020,Item-12,Beras Pulen 5 kg,3,63000
6-12-2020,Item-12,Beras Pulen 5 kg,4,63000
1-12-2020,Item-27,Bedak Bayi,19,25000
11-12-2020,Item-27,Bedak Bayi,15,25000
2-12-2020,Item-27,Bedak Bayi,4,25000
28-12-2020,Item-27,Bedak Bayi,14,25000
25-12-2020,Item-27,Bedak Bayi,17,25000
20-12-2020,Item-27,Bedak Bayi,18,25000
30-12-2020,Item-27,Bedak Bayi,5,25000
4-12-2020,Item-27,Bedak Bayi,10,25000
29-12-2020,Item-27,Bedak Bayi,14,25000
6-12-2020,Item-27,Bedak Bayi,15,25000
19-12-2020,Item-27,Bedak Bayi,20,25000
6-12-2020,Item-27,Bedak Bayi,7,25000
2-12-2020,Item-27,Bedak Bayi,3,25000
11-12-2020,Item-27,Bedak Bayi,15,25000
18-12-2020,Item-27,Bedak Bayi,10,25000
20-12-2020,Item-27,Bedak Bayi,16,25000
16-12-2020,Item-27,Bedak Bayi,14,25000
19-12-2020,Item-27,Bedak Bayi,11,25000
19-12-2020,Item-27,Bedak Bayi,7,25000
26-12-2020,Item-27,Bedak Bayi,13,25000
28-12-2020,Item-27,Bedak Bayi,15,25000
25-12-2020,Item-27,Bedak Bayi,7,25000
8-12-2020,Item-27,Bedak Bayi,6,25000
14-12-2020,Item-27,Bedak Bayi,5,25000
2-12-2020,Item-27,Bedak Bayi,13,25000
13-12-2020,Item-27,Bedak Bayi,19,25000
7-12-2020,Item-27,Bedak Bayi,2,25000
16-12-2020,Item-27,Bedak Bayi,10,25000
25-12-2020,Item-27,Bedak Bayi,16,25000
14-12-2020,Item-27,Bedak Bayi,2,25000
18-12-2020,Item-16,Balsem Putih 20 gram,1,22300
26-12-2020,Item-26,Susu Bubuk 195g,14,45000
9-12-2020,Item-11,Sabun Cuci Piring,3,14000
25-12-2020,Item-03,Gula Pasir Putih 1 kg,3,12500
20-12-2020,Item-11,Sabun Cuci Piring,2,14000
5-12-2020,Item-17,Obat Batuk,3,5000
23-12-2020,Item-03,Gula Pasir Putih 1 kg,2,12500
5-12-2020,Item-11,Sabun Cuci Piring,3,14000
10-12-2020,Item-16,Balsem Putih 20 gram,4,22300
22-12-2020,Item-03,Gula Pasir Putih 1 kg,2,12500
9-12-2020,Item-11,Sabun Cuci Piring,2,14000
15-12-2020,Item-16,Balsem Putih 20 gram,2,22300
1-12-2020,Item-03,Gula Pasir Putih 1 kg,1,12500
4-12-2020,Item-26,Susu Bubuk 195g,1,45000
17-12-2020,Item-11,Sabun Cuci Piring,4,14000
26-12-2020,Item-03,Gula Pasir Putih 1 kg,2,12500
18-12-2020,Item-03,Gula Pasir Putih 1 kg,2,12500
20-12-2020,Item-27,Bedak Bayi,7,25000
26-12-2020,Item-27,Bedak Bayi,11,25000
24-12-2020,Item-27,Bedak Bayi,18,25000
16-12-2020,Item-27,Bedak Bayi,20,25000
5-12-2020,Item-27,Bedak Bayi,14,25000
20-12-2020,Item-27,Bedak Bayi,12,25000
27-12-2020,Item-27,Bedak Bayi,12,25000
3-12-2020,Item-27,Bedak Bayi,11,25000
25-12-2020,Item-27,Bedak Bayi,13,25000
3-12-2020,Item-27,Bedak Bayi,13,25000
25-12-2020,Item-27,Bedak Bayi,15,25000
21-12-2020,Item-27,Bedak Bayi,19,25000
20-12-2020,Item-27,Bedak Bayi,16,25000
29-12-2020,Item-27,Bedak Bayi,8,25000
24-12-2020,Item-27,Bedak Bayi,7,25000
3-12-2020,Item-27,Bedak Bayi,1,25000
15-12-2020,Item-27,Bedak Bayi,5,25000
30-12-2020,Item-27,Bedak Bayi,13,25000
7-12-2020,Item-27,Bedak Bayi,19,25000
27-12-2020,Item-27,Bedak Bayi,11,25000
21-12-2020,Item-27,Bedak Bayi,8,25000
26-12-2020,Item-27,Bedak Bayi,11,25000
12-12-2020,Item-27,Bedak Bayi,8,25000
6-12-2020,Item-27,Bedak Bayi,7,25000
21-12-2020,Item-27,Bedak Bayi,5,25000
13-12-2020,Item-27,Bedak Bayi,8,25000
18-12-2020,Item-27,Bedak Bayi,11,25000
18-12-2020,Item-27,Bedak Bayi,7,25000
5-12-2020,Item-27,Bedak Bayi,18,25000
18-12-2020,Item-27,Bedak Bayi,8,25000
1-12-2020,Item-11,Sabun Cuci Piring,2,14000
16-12-2020,Item-03,Gula Pasir Putih 1 kg,2,12500
24-12-2020,Item-11,Sabun Cuci Piring,3,14000
1-12-2020,Item-11,Sabun Cuci Piring,4,14000
25-12-2020,Item-26,Susu Bubuk 195g,7,45000
9-12-2020,Item-28,Tisu,9,7000
8-12-2020,Item-28,Tisu,10,7000
6-12-2020,Item-28,Tisu,2,7000
14-12-2020,Item-28,Tisu,10,7000
3-12-2020,Item-28,Tisu,16,7000
21-12-2020,Item-28,Tisu,20,7000
28-12-2020,Item-28,Tisu,18,7000
21-12-2020,Item-28,Tisu,1,7000
5-12-2020,Item-28,Tisu,3,7000
28-12-2020,Item-28,Tisu,10,7000
23-12-2020,Item-28,Tisu,6,7000
7-12-2020,Item-28,Tisu,6,7000
3-12-2020,Item-28,Tisu,14,7000
21-12-2020,Item-28,Tisu,4,7000
3-12-2020,Item-28,Tisu,16,7000
28-12-2020,Item-28,Tisu,4,7000
15-12-2020,Item-28,Tisu,19,7000
30-12-2020,Item-28,Tisu,7,7000
12-12-2020,Item-28,Tisu,20,7000
13-12-2020,Item-28,Tisu,19,7000
23-12-2020,Item-28,Tisu,8,7000
19-12-2020,Item-28,Tisu,1,7000
3-12-2020,Item-28,Tisu,20,7000
12-12-2020,Item-28,Tisu,7,7000
14-12-2020,Item-28,Tisu,13,7000
23-12-2020,Item-28,Tisu,1,7000
10-12-2020,Item-28,Tisu,12,7000
1-12-2020,Item-28,Tisu,11,7000
8-12-2020,Item-28,Tisu,13,7000
3-12-2020,Item-28,Tisu,10,7000
4-12-2020,Item-28,Tisu,7,7000
19-12-2020,Item-28,Tisu,9,7000
30-12-2020,Item-28,Tisu,19,7000
26-12-2020,Item-28,Tisu,1,7000
28-12-2020,Item-28,Tisu,18,7000
3-12-2020,Item-28,Tisu,14,7000
15-12-2020,Item-28,Tisu,10,7000
25-12-2020,Item-28,Tisu,12,7000
5-12-2020,Item-28,Tisu,10,7000
25-12-2020,Item-28,Tisu,8,7000
5-12-2020,Item-28,Tisu,17,7000
27-12-2020,Item-28,Tisu,7,7000
10-12-2020,Item-28,Tisu,20,7000
25-12-2020,Item-28,Tisu,18,7000
19-12-2020,Item-28,Tisu,8,7000
19-12-2020,Item-28,Tisu,1,7000
28-12-2020,Item-28,Tisu,13,7000
29-12-2020,Item-28,Tisu,18,7000
9-12-2020,Item-28,Tisu,8,7000
25-12-2020,Item-28,Tisu,16,7000
13-12-2020,Item-28,Tisu,5,7000
7-12-2020,Item-28,Tisu,2,7000
15-12-2020,Item-28,Tisu,1,7000
15-12-2020,Item-28,Tisu,17,7000
5-12-2020,Item-28,Tisu,19,7000
1-12-2020,Item-28,Tisu,19,7000
21-12-2020,Item-28,Tisu,15,7000
28-12-2020,Item-28,Tisu,20,7000
12-12-2020,Item-28,Tisu,9,7000
3-12-2020,Item-28,Tisu,5,7000
4-12-2020,Item-18,Telur Ayam Negeri,1,1700
24-12-2020,Item-18,Telur Ayam Negeri,2,1700
11-12-2020,Item-18,Telur Ayam Negeri,3,1700
10-12-2020,Item-18,Telur Ayam Negeri,4,1700
23-12-2020,Item-18,Telur Ayam Negeri,5,1700
8-12-2020,Item-18,Telur Ayam Negeri,1,1700
11-12-2020,Item-18,Telur Ayam Negeri,2,1700
24-12-2020,Item-18,Telur Ayam Negeri,3,1700
20-12-2020,Item-18,Telur Ayam Negeri,4,1700
17-12-2020,Item-18,Telur Ayam Negeri,5,1700
1-12-2020,Item-18,Telur Ayam Negeri,6,1700
26-12-2020,Item-28,Tisu,4,7000
20-12-2020,Item-28,Tisu,1,7000
7-12-2020,Item-28,Tisu,12,7000
16-12-2020,Item-28,Tisu,2,7000
21-12-2020,Item-28,Tisu,16,7000
12-12-2020,Item-28,Tisu,14,7000
26-12-2020,Item-28,Tisu,17,7000
13-12-2020,Item-28,Tisu,14,7000
7-12-2020,Item-28,Tisu,16,7000
18-12-2020,Item-28,Tisu,15,7000
29-12-2020,Item-28,Tisu,14,7000
27-12-2020,Item-28,Tisu,20,7000
28-12-2020,Item-28,Tisu,16,7000
21-12-2020,Item-28,Tisu,12,7000
4-12-2020,Item-28,Tisu,15,7000
29-12-2020,Item-28,Tisu,12,7000
22-12-2020,Item-28,Tisu,6,7000
7-12-2020,Item-28,Tisu,18,7000
5-12-2020,Item-28,Tisu,8,7000
13-12-2020,Item-28,Tisu,8,7000
24-12-2020,Item-28,Tisu,11,7000
10-12-2020,Item-28,Tisu,13,7000
15-12-2020,Item-28,Tisu,6,7000
26-12-2020,Item-28,Tisu,11,7000
18-12-2020,Item-28,Tisu,20,7000
25-12-2020,Item-28,Tisu,16,7000
6-12-2020,Item-28,Tisu,5,7000
18-12-2020,Item-28,Tisu,2,7000
6-12-2020,Item-28,Tisu,5,7000
25-12-2020,Item-28,Tisu,15,7000
24-12-2020,Item-28,Tisu,1,7000
1-12-2020,Item-28,Tisu,6,7000
11-12-2020,Item-28,Tisu,12,7000
13-12-2020,Item-28,Tisu,10,7000
20-12-2020,Item-28,Tisu,10,7000
14-12-2020,Item-28,Tisu,17,7000
25-12-2020,Item-28,Tisu,7,7000
12-12-2020,Item-28,Tisu,17,7000
28-12-2020,Item-16,Balsem Putih 20 gram,1,22300
8-12-2020,Item-26,Susu Bubuk 195g,14,45000
27-12-2020,Item-11,Sabun Cuci Piring,3,14000
15-12-2020,Item-03,Gula Pasir Putih 1 kg,3,12500
22-12-2020,Item-11,Sabun Cuci Piring,2,14000
19-12-2020,Item-17,Obat Batuk,3,5000
6-12-2020,Item-03,Gula Pasir Putih 1 kg,2,12500
13-12-2020,Item-11,Sabun Cuci Piring,3,14000
27-12-2020,Item-16,Balsem Putih 20 gram,4,22300
13-12-2020,Item-03,Gula Pasir Putih 1 kg,2,12500
3-12-2020,Item-11,Sabun Cuci Piring,2,14000
4-12-2020,Item-16,Balsem Putih 20 gram,2,22300
12-12-2020,Item-03,Gula Pasir Putih 1 kg,1,12500
12-12-2020,Item-26,Susu Bubuk 195g,1,45000
17-12-2020,Item-11,Sabun Cuci Piring,4,14000
27-12-2020,Item-03,Gula Pasir Putih 1 kg,2,12500
10-12-2020,Item-03,Gula Pasir Putih 1 kg,2,12500
5-12-2020,Item-18,Telur Ayam Negeri,1,1700
15-12-2020,Item-18,Telur Ayam Negeri,2,1700
1-12-2020,Item-18,Telur Ayam Negeri,3,1700
22-12-2020,Item-18,Telur Ayam Negeri,4,1700
14-12-2020,Item-18,Telur Ayam Negeri,5,1700
29-12-2020,Item-18,Telur Ayam Negeri,1,1700
13-12-2020,Item-18,Telur Ayam Negeri,2,1700
22-12-2020,Item-18,Telur Ayam Negeri,3,1700
6-12-2020,Item-18,Telur Ayam Negeri,4,1700
22-12-2020,Item-18,Telur Ayam Negeri,5,1700
17-12-2020,Item-18,Telur Ayam Negeri,6,1700
3-12-2020,Item-28,Tisu,6,7000
29-12-2020,Item-28,Tisu,8,7000
4-12-2020,Item-28,Tisu,8,7000
12-12-2020,Item-28,Tisu,17,7000
11-12-2020,Item-28,Tisu,7,7000
8-12-2020,Item-28,Tisu,20,7000
13-12-2020,Item-28,Tisu,1,7000
23-12-2020,Item-28,Tisu,12,7000
16-12-2020,Item-28,Tisu,12,7000
12-12-2020,Item-28,Tisu,16,7000
16-12-2020,Item-29,Bubur Bayi,8,8000
28-12-2020,Item-29,Bubur Bayi,8,8000
11-12-2020,Item-29,Bubur Bayi,13,8000
22-12-2020,Item-29,Bubur Bayi,10,8000
17-12-2020,Item-29,Bubur Bayi,2,8000
1-12-2020,Item-29,Bubur Bayi,20,8000
20-12-2020,Item-29,Bubur Bayi,2,8000
22-12-2020,Item-29,Bubur Bayi,1,8000
30-12-2020,Item-29,Bubur Bayi,7,8000
16-12-2020,Item-29,Bubur Bayi,2,8000
25-12-2020,Item-29,Bubur Bayi,15,8000
18-12-2020,Item-29,Bubur Bayi,18,8000
14-12-2020,Item-29,Bubur Bayi,14,8000
18-12-2020,Item-29,Bubur Bayi,1,8000
24-12-2020,Item-29,Bubur Bayi,19,8000
9-12-2020,Item-29,Bubur Bayi,14,8000
6-12-2020,Item-29,Bubur Bayi,14,8000
5-12-2020,Item-29,Bubur Bayi,10,8000
20-12-2020,Item-29,Bubur Bayi,9,8000
15-12-2020,Item-29,Bubur Bayi,9,8000
28-12-2020,Item-29,Bubur Bayi,5,8000
4-12-2020,Item-29,Bubur Bayi,8,8000
30-12-2020,Item-29,Bubur Bayi,10,8000
8-12-2020,Item-29,Bubur Bayi,12,8000
5-12-2020,Item-29,Bubur Bayi,13,8000
15-12-2020,Item-29,Bubur Bayi,16,8000
29-12-2020,Item-29,Bubur Bayi,14,8000
27-12-2020,Item-29,Bubur Bayi,5,8000
11-12-2020,Item-29,Bubur Bayi,12,8000
4-12-2020,Item-29,Bubur Bayi,8,8000
27-12-2020,Item-29,Bubur Bayi,11,8000
9-12-2020,Item-29,Bubur Bayi,13,8000
27-12-2020,Item-29,Bubur Bayi,20,8000
25-12-2020,Item-29,Bubur Bayi,16,8000
6-12-2020,Item-29,Bubur Bayi,7,8000
15-12-2020,Item-29,Bubur Bayi,7,8000
1-12-2020,Item-29,Bubur Bayi,1,8000
4-12-2020,Item-29,Bubur Bayi,17,8000
3-12-2020,Item-29,Bubur Bayi,14,8000
13-12-2020,Item-29,Bubur Bayi,18,8000
18-12-2020,Item-16,Balsem Putih 20 gram,1,22300
11-12-2020,Item-26,Susu Bubuk 195g,14,45000
1-12-2020,Item-11,Sabun Cuci Piring,3,14000
17-12-2020,Item-03,Gula Pasir Putih 1 kg,3,12500
29-12-2020,Item-11,Sabun Cuci Piring,2,14000
5-12-2020,Item-17,Obat Batuk,3,5000
10-12-2020,Item-03,Gula Pasir Putih 1 kg,2,12500
24-12-2020,Item-11,Sabun Cuci Piring,3,14000
15-12-2020,Item-16,Balsem Putih 20 gram,4,22300
17-12-2020,Item-03,Gula Pasir Putih 1 kg,2,12500
19-12-2020,Item-11,Sabun Cuci Piring,2,14000
27-12-2020,Item-16,Balsem Putih 20 gram,2,22300
16-12-2020,Item-03,Gula Pasir Putih 1 kg,1,12500
1-12-2020,Item-26,Susu Bubuk 195g,1,45000
9-12-2020,Item-11,Sabun Cuci Piring,4,14000
3-12-2020,Item-03,Gula Pasir Putih 1 kg,2,12500
30-12-2020,Item-03,Gula Pasir Putih 1 kg,2,12500
24-12-2020,Item-29,Bubur Bayi,19,8000
16-12-2020,Item-29,Bubur Bayi,12,8000
20-12-2020,Item-29,Bubur Bayi,8,8000
29-12-2020,Item-29,Bubur Bayi,12,8000
14-12-2020,Item-29,Bubur Bayi,5,8000
5-12-2020,Item-29,Bubur Bayi,20,8000
3-12-2020,Item-29,Bubur Bayi,20,8000
1-12-2020,Item-29,Bubur Bayi,7,8000
21-12-2020,Item-29,Bubur Bayi,10,8000
25-12-2020,Item-29,Bubur Bayi,10,8000
19-12-2020,Item-29,Bubur Bayi,12,8000
23-12-2020,Item-29,Bubur Bayi,12,8000
29-12-2020,Item-29,Bubur Bayi,19,8000
17-12-2020,Item-29,Bubur Bayi,20,8000
17-12-2020,Item-29,Bubur Bayi,7,8000
15-12-2020,Item-29,Bubur Bayi,15,8000
20-12-2020,Item-29,Bubur Bayi,18,8000
11-12-2020,Item-29,Bubur Bayi,9,8000
30-12-2020,Item-29,Bubur Bayi,6,8000
13-12-2020,Item-29,Bubur Bayi,19,8000
25-12-2020,Item-29,Bubur Bayi,14,8000
2-12-2020,Item-29,Bubur Bayi,1,8000
10-12-2020,Item-29,Bubur Bayi,15,8000
17-12-2020,Item-29,Bubur Bayi,16,8000
19-12-2020,Item-29,Bubur Bayi,3,8000
22-12-2020,Item-29,Bubur Bayi,16,8000
16-12-2020,Item-29,Bubur Bayi,12,8000
28-12-2020,Item-16,Balsem Putih 20 gram,1,22300
14-12-2020,Item-26,Susu Bubuk 195g,14,45000
10-12-2020,Item-11,Sabun Cuci Piring,3,14000
13-12-2020,Item-03,Gula Pasir Putih 1 kg,3,12500
20-12-2020,Item-11,Sabun Cuci Piring,2,14000
26-12-2020,Item-17,Obat Batuk,3,5000
2-12-2020,Item-03,Gula Pasir Putih 1 kg,2,12500
16-12-2020,Item-11,Sabun Cuci Piring,3,14000
11-12-2020,Item-16,Balsem Putih 20 gram,4,22300
9-12-2020,Item-03,Gula Pasir Putih 1 kg,2,12500
3-12-2020,Item-11,Sabun Cuci Piring,2,14000
14-12-2020,Item-16,Balsem Putih 20 gram,2,22300
12-12-2020,Item-03,Gula Pasir Putih 1 kg,1,12500
11-12-2020,Item-26,Susu Bubuk 195g,1,45000
3-12-2020,Item-11,Sabun Cuci Piring,4,14000
6-12-2020,Item-03,Gula Pasir Putih 1 kg,2,12500
9-12-2020,Item-03,Gula Pasir Putih 1 kg,2,12500
23-12-2020,Item-29,Bubur Bayi,4,8000
1-12-2020,Item-29,Bubur Bayi,5,8000
1-12-2020,Item-29,Bubur Bayi,12,8000
30-12-2020,Item-29,Bubur Bayi,17,8000
27-12-2020,Item-29,Bubur Bayi,5,8000
26-12-2020,Item-29,Bubur Bayi,6,8000
11-12-2020,Item-29,Bubur Bayi,14,8000
13-12-2020,Item-29,Bubur Bayi,7,8000
24-12-2020,Item-29,Bubur Bayi,3,8000
8-12-2020,Item-29,Bubur Bayi,11,8000
2-12-2020,Item-29,Bubur Bayi,14,8000
28-12-2020,Item-18,Telur Ayam Negeri,1,1700
30-12-2020,Item-18,Telur Ayam Negeri,2,1700
16-12-2020,Item-18,Telur Ayam Negeri,3,1700
1-12-2020,Item-18,Telur Ayam Negeri,4,1700
27-12-2020,Item-18,Telur Ayam Negeri,5,1700
23-12-2020,Item-18,Telur Ayam Negeri,1,1700
17-12-2020,Item-18,Telur Ayam Negeri,2,1700
30-12-2020,Item-18,Telur Ayam Negeri,3,1700
27-12-2020,Item-18,Telur Ayam Negeri,4,1700
22-12-2020,Item-18,Telur Ayam Negeri,5,1700
10-12-2020,Item-18,Telur Ayam Negeri,6,1700
27-12-2020,Item-29,Bubur Bayi,7,8000
30-12-2020,Item-29,Bubur Bayi,19,8000
10-12-2020,Item-29,Bubur Bayi,12,8000
27-12-2020,Item-29,Bubur Bayi,14,8000
21-12-2020,Item-29,Bubur Bayi,10,8000
27-12-2020,Item-29,Bubur Bayi,3,8000
14-12-2020,Item-29,Bubur Bayi,13,8000
1-12-2020,Item-29,Bubur Bayi,1,8000
7-12-2020,Item-29,Bubur Bayi,11,8000
12-12-2020,Item-29,Bubur Bayi,3,8000
22-12-2020,Item-29,Bubur Bayi,17,8000
1-12-2020,Item-29,Bubur Bayi,4,8000
11-12-2020,Item-29,Bubur Bayi,12,8000
22-12-2020,Item-29,Bubur Bayi,5,8000
10-12-2020,Item-29,Bubur Bayi,18,8000
17-12-2020,Item-29,Bubur Bayi,13,8000
15-12-2020,Item-29,Bubur Bayi,14,8000
5-12-2020,Item-29,Bubur Bayi,17,8000
23-12-2020,Item-29,Bubur Bayi,10,8000
8-12-2020,Item-29,Bubur Bayi,5,8000
6-12-2020,Item-29,Bubur Bayi,13,8000
3-12-2020,Item-29,Bubur Bayi,13,8000
14-12-2020,Item-29,Bubur Bayi,3,8000
19-12-2020,Item-29,Bubur Bayi,3,8000
30-12-2020,Item-29,Bubur Bayi,16,8000
28-12-2020,Item-29,Bubur Bayi,13,8000
22-12-2020,Item-29,Bubur Bayi,1,8000
20-12-2020,Item-29,Bubur Bayi,8,8000
23-12-2020,Item-29,Bubur Bayi,10,8000
6-12-2020,Item-29,Bubur Bayi,1,8000
3-12-2020,Item-29,Bubur Bayi,18,8000
11-12-2020,Item-29,Bubur Bayi,15,8000
5-12-2020,Item-30,Kosmetik Wanita,16,8000
3-12-2020,Item-30,Kosmetik Wanita,7,8000
5-12-2020,Item-30,Kosmetik Wanita,14,8000
8-12-2020,Item-30,Kosmetik Wanita,15,8000
15-12-2020,Item-30,Kosmetik Wanita,10,8000
4-12-2020,Item-30,Kosmetik Wanita,16,8000
20-12-2020,Item-30,Kosmetik Wanita,9,8000
15-12-2020,Item-30,Kosmetik Wanita,19,8000
27-12-2020,Item-30,Kosmetik Wanita,16,8000
13-12-2020,Item-30,Kosmetik Wanita,7,8000
2-12-2020,Item-30,Kosmetik Wanita,8,8000
1-12-2020,Item-30,Kosmetik Wanita,4,8000
21-12-2020,Item-30,Kosmetik Wanita,9,8000
17-12-2020,Item-30,Kosmetik Wanita,6,8000
7-12-2020,Item-30,Kosmetik Wanita,16,8000
27-12-2020,Item-30,Kosmetik Wanita,6,8000
2-12-2020,Item-30,Kosmetik Wanita,6,8000
6-12-2020,Item-30,Kosmetik Wanita,12,8000
4-12-2020,Item-30,Kosmetik Wanita,16,8000
12-12-2020,Item-30,Kosmetik Wanita,7,8000
12-12-2020,Item-30,Kosmetik Wanita,10,8000
30-12-2020,Item-30,Kosmetik Wanita,19,8000
16-12-2020,Item-30,Kosmetik Wanita,14,8000
5-12-2020,Item-30,Kosmetik Wanita,12,8000
1-12-2020,Item-30,Kosmetik Wanita,16,8000
11-12-2020,Item-30,Kosmetik Wanita,13,8000
24-12-2020,Item-30,Kosmetik Wanita,3,8000
16-12-2020,Item-30,Kosmetik Wanita,10,8000
2-12-2020,Item-30,Kosmetik Wanita,7,8000
10-12-2020,Item-30,Kosmetik Wanita,13,8000
22-12-2020,Item-30,Kosmetik Wanita,15,8000
21-12-2020,Item-30,Kosmetik Wanita,10,8000
23-12-2020,Item-30,Kosmetik Wanita,18,8000
23-12-2020,Item-30,Kosmetik Wanita,8,8000
1-12-2020,Item-30,Kosmetik Wanita,17,8000
9-12-2020,Item-30,Kosmetik Wanita,1,8000
8-12-2020,Item-30,Kosmetik Wanita,4,8000
11-12-2020,Item-14,Teh Celup Melati,5,7800
5-12-2020,Item-18,Telur Ayam Negeri,1,1700
24-12-2020,Item-18,Telur Ayam Negeri,2,1700
28-12-2020,Item-18,Telur Ayam Negeri,3,1700
4-12-2020,Item-18,Telur Ayam Negeri,4,1700
20-12-2020,Item-18,Telur Ayam Negeri,5,1700
24-12-2020,Item-18,Telur Ayam Negeri,1,1700
12-12-2020,Item-18,Telur Ayam Negeri,2,1700
1-12-2020,Item-18,Telur Ayam Negeri,3,1700
15-12-2020,Item-18,Telur Ayam Negeri,4,1700
3-12-2020,Item-18,Telur Ayam Negeri,5,1700
10-12-2020,Item-18,Telur Ayam Negeri,6,1700
1-12-2020,Item-30,Kosmetik Wanita,6,8000
3-12-2020,Item-30,Kosmetik Wanita,6,8000
21-12-2020,Item-30,Kosmetik Wanita,3,8000
13-12-2020,Item-30,Kosmetik Wanita,14,8000
13-12-2020,Item-30,Kosmetik Wanita,19,8000
11-12-2020,Item-30,Kosmetik Wanita,14,8000
25-12-2020,Item-30,Kosmetik Wanita,19,8000
8-12-2020,Item-30,Kosmetik Wanita,1,8000
18-12-2020,Item-30,Kosmetik Wanita,2,8000
6-12-2020,Item-30,Kosmetik Wanita,1,8000
24-12-2020,Item-30,Kosmetik Wanita,14,8000
13-12-2020,Item-30,Kosmetik Wanita,20,8000
30-12-2020,Item-30,Kosmetik Wanita,6,8000
12-12-2020,Item-30,Kosmetik Wanita,20,8000
8-12-2020,Item-30,Kosmetik Wanita,13,8000
30-12-2020,Item-30,Kosmetik Wanita,7,8000
8-12-2020,Item-30,Kosmetik Wanita,9,8000
17-12-2020,Item-30,Kosmetik Wanita,19,8000
8-12-2020,Item-30,Kosmetik Wanita,8,8000
28-12-2020,Item-30,Kosmetik Wanita,18,8000
22-12-2020,Item-30,Kosmetik Wanita,18,8000
19-12-2020,Item-30,Kosmetik Wanita,1,8000
3-12-2020,Item-30,Kosmetik Wanita,19,8000
29-12-2020,Item-30,Kosmetik Wanita,8,8000
4-12-2020,Item-30,Kosmetik Wanita,11,8000
18-12-2020,Item-30,Kosmetik Wanita,19,8000
21-12-2020,Item-30,Kosmetik Wanita,13,8000
2-12-2020,Item-30,Kosmetik Wanita,1,8000
10-12-2020,Item-30,Kosmetik Wanita,16,8000
1-12-2020,Item-30,Kosmetik Wanita,8,8000
19-12-2020,Item-30,Kosmetik Wanita,1,8000
3-12-2020,Item-30,Kosmetik Wanita,14,8000
12-12-2020,Item-30,Kosmetik Wanita,17,8000
21-12-2020,Item-30,Kosmetik Wanita,16,8000
29-12-2020,Item-30,Kosmetik Wanita,20,8000
22-12-2020,Item-30,Kosmetik Wanita,9,8000
8-12-2020,Item-30,Kosmetik Wanita,3,8000
18-12-2020,Item-16,Balsem Putih 20 gram,1,22300
19-12-2020,Item-26,Susu Bubuk 195g,14,45000
12-12-2020,Item-11,Sabun Cuci Piring,3,14000
19-12-2020,Item-03,Gula Pasir Putih 1 kg,3,12500
2-12-2020,Item-11,Sabun Cuci Piring,2,14000
14-12-2020,Item-17,Obat Batuk,3,5000
14-12-2020,Item-03,Gula Pasir Putih 1 kg,2,12500
9-12-2020,Item-11,Sabun Cuci Piring,3,14000
27-12-2020,Item-16,Balsem Putih 20 gram,4,22300
9-12-2020,Item-03,Gula Pasir Putih 1 kg,2,12500
4-12-2020,Item-11,Sabun Cuci Piring,2,14000
7-12-2020,Item-16,Balsem Putih 20 gram,2,22300
27-12-2020,Item-03,Gula Pasir Putih 1 kg,1,12500
29-12-2020,Item-26,Susu Bubuk 195g,1,45000
23-12-2020,Item-11,Sabun Cuci Piring,4,14000
4-12-2020,Item-03,Gula Pasir Putih 1 kg,2,12500
17-12-2020,Item-03,Gula Pasir Putih 1 kg,2,12500
21-12-2020,Item-18,Telur Ayam Negeri,1,1700
14-12-2020,Item-18,Telur Ayam Negeri,2,1700
6-12-2020,Item-18,Telur Ayam Negeri,3,1700
9-12-2020,Item-18,Telur Ayam Negeri,4,1700
2-12-2020,Item-18,Telur Ayam Negeri,5,1700
12-12-2020,Item-18,Telur Ayam Negeri,1,1700
7-12-2020,Item-18,Telur Ayam Negeri,2,1700
15-12-2020,Item-18,Telur Ayam Negeri,3,1700
21-12-2020,Item-18,Telur Ayam Negeri,4,1700
5-12-2020,Item-18,Telur Ayam Negeri,5,1700
5-12-2020,Item-18,Telur Ayam Negeri,6,1700
19-12-2020,Item-30,Kosmetik Wanita,8,8000
23-12-2020,Item-30,Kosmetik Wanita,1,8000
9-12-2020,Item-30,Kosmetik Wanita,11,8000
6-12-2020,Item-30,Kosmetik Wanita,12,8000
20-12-2020,Item-30,Kosmetik Wanita,13,8000
7-12-2020,Item-30,Kosmetik Wanita,15,8000
28-12-2020,Item-30,Kosmetik Wanita,19,8000
1-12-2020,Item-30,Kosmetik Wanita,2,8000
18-12-2020,Item-30,Kosmetik Wanita,9,8000
21-12-2020,Item-30,Kosmetik Wanita,1,8000
2-12-2020,Item-30,Kosmetik Wanita,12,8000
3-12-2020,Item-30,Kosmetik Wanita,20,8000
14-12-2020,Item-30,Kosmetik Wanita,12,8000
23-12-2020,Item-30,Kosmetik Wanita,5,8000
12-12-2020,Item-30,Kosmetik Wanita,10,8000
26-12-2020,Item-30,Kosmetik Wanita,20,8000
20-12-2020,Item-30,Kosmetik Wanita,1,8000
15-12-2020,Item-30,Kosmetik Wanita,10,8000
6-12-2020,Item-30,Kosmetik Wanita,4,8000
13-12-2020,Item-30,Kosmetik Wanita,20,8000
5-12-2020,Item-30,Kosmetik Wanita,19,8000
14-12-2020,Item-30,Kosmetik Wanita,4,8000
17-12-2020,Item-30,Kosmetik Wanita,12,8000
14-12-2020,Item-30,Kosmetik Wanita,3,8000
16-12-2020,Item-30,Kosmetik Wanita,20,8000
11-12-2020,Item-30,Kosmetik Wanita,19,8000
5-12-2020,Item-30,Kosmetik Wanita,18,8000
6-12-2020,Item-30,Kosmetik Wanita,20,8000
21-12-2020,Item-30,Kosmetik Wanita,17,8000
25-12-2020,Item-30,Kosmetik Wanita,3,8000
3-12-2020,Item-30,Kosmetik Wanita,7,8000
1-12-2020,Item-30,Kosmetik Wanita,20,8000
29-12-2020,Item-30,Kosmetik Wanita,3,8000
19-12-2020,Item-30,Kosmetik Wanita,10,8000
22-12-2020,Item-30,Kosmetik Wanita,15,8000
13-12-2020,Item-30,Kosmetik Wanita,15,8000
26-12-2020,Item-30,Kosmetik Wanita,12,8000
3-12-2020,Item-30,Kosmetik Wanita,7,8000
6-12-2020,Item-30,Kosmetik Wanita,5,8000
1-12-2020,Item-30,Kosmetik Wanita,13,8000
7-12-2020,Item-18,Telur Ayam Negeri,1,1700
26-12-2020,Item-18,Telur Ayam Negeri,2,1700
27-12-2020,Item-18,Telur Ayam Negeri,3,1700
6-12-2020,Item-18,Telur Ayam Negeri,4,1700
15-12-2020,Item-18,Telur Ayam Negeri,5,1700
27-12-2020,Item-18,Telur Ayam Negeri,1,1700
13-12-2020,Item-18,Telur Ayam Negeri,2,1700
24-12-2020,Item-18,Telur Ayam Negeri,3,1700
6-12-2020,Item-18,Telur Ayam Negeri,4,1700
7-12-2020,Item-18,Telur Ayam Negeri,5,1700
12-12-2020,Item-18,Telur Ayam Negeri,6,1700
16-12-2020,Item-30,Kosmetik Wanita,5,8000
14-12-2020,Item-30,Kosmetik Wanita,9,8000
1-12-2020,Item-30,Kosmetik Wanita,16,8000
12-12-2020,Item-30,Kosmetik Wanita,12,8000
1-12-2020,Item-30,Kosmetik Wanita,9,8000
3-12-2020,Item-30,Kosmetik Wanita,1,8000
17-12-2020,Item-16,Balsem Putih 20 gram,1,22300
29-12-2020,Item-26,Susu Bubuk 195g,14,45000
15-12-2020,Item-11,Sabun Cuci Piring,3,14000
16-12-2020,Item-03,Gula Pasir Putih 1 kg,3,12500
11-12-2020,Item-11,Sabun Cuci Piring,2,14000
1-12-2020,Item-17,Obat Batuk,3,5000
27-12-2020,Item-03,Gula Pasir Putih 1 kg,2,12500
19-12-2020,Item-11,Sabun Cuci Piring,3,14000
11-12-2020,Item-16,Balsem Putih 20 gram,4,22300
10-12-2020,Item-03,Gula Pasir Putih 1 kg,2,12500
7-12-2020,Item-11,Sabun Cuci Piring,2,14000
8-12-2020,Item-16,Balsem Putih 20 gram,2,22300
1-12-2020,Item-03,Gula Pasir Putih 1 kg,1,12500
20-12-2020,Item-26,Susu Bubuk 195g,1,45000
6-12-2020,Item-11,Sabun Cuci Piring,4,14000
21-12-2020,Item-03,Gula Pasir Putih 1 kg,2,12500
30-12-2020,Item-03,Gula Pasir Putih 1 kg,2,12500
8-12-2020,Item-30,Kosmetik Wanita,18,8000
14-12-2020,Item-30,Kosmetik Wanita,5,8000
17-12-2020,Item-30,Kosmetik Wanita,3,8000
6-12-2020,Item-30,Kosmetik Wanita,9,8000
3-12-2020,Item-18,Telur Ayam Negeri,1,1700
5-12-2020,Item-18,Telur Ayam Negeri,2,1700
27-12-2020,Item-18,Telur Ayam Negeri,3,1700
2-12-2020,Item-18,Telur Ayam Negeri,4,1700
24-12-2020,Item-18,Telur Ayam Negeri,5,1700
12-12-2020,Item-18,Telur Ayam Negeri,1,1700
4-12-2020,Item-18,Telur Ayam Negeri,2,1700
19-12-2020,Item-18,Telur Ayam Negeri,3,1700
7-12-2020,Item-18,Telur Ayam Negeri,4,1700
10-12-2020,Item-18,Telur Ayam Negeri,5,1700
3-12-2020,Item-18,Telur Ayam Negeri,6,1700
8-12-2020,Item-31,Body Lotion Botol,15,12000
11-12-2020,Item-31,Body Lotion Botol,10,12000
23-12-2020,Item-31,Body Lotion Botol,4,12000
10-12-2020,Item-31,Body Lotion Botol,17,12000
29-12-2020,Item-31,Body Lotion Botol,20,12000
11-12-2020,Item-31,Body Lotion Botol,10,12000
24-12-2020,Item-31,Body Lotion Botol,4,12000
2-12-2020,Item-31,Body Lotion Botol,17,12000
6-12-2020,Item-31,Body Lotion Botol,12,12000
10-12-2020,Item-31,Body Lotion Botol,8,12000
22-12-2020,Item-31,Body Lotion Botol,6,12000
1-12-2020,Item-31,Body Lotion Botol,11,12000
24-12-2020,Item-31,Body Lotion Botol,13,12000
19-12-2020,Item-31,Body Lotion Botol,1,12000
3-12-2020,Item-31,Body Lotion Botol,1,12000
2-12-2020,Item-31,Body Lotion Botol,2,12000
4-12-2020,Item-31,Body Lotion Botol,15,12000
25-12-2020,Item-31,Body Lotion Botol,17,12000
23-12-2020,Item-31,Body Lotion Botol,14,12000
22-12-2020,Item-31,Body Lotion Botol,2,12000
12-12-2020,Item-31,Body Lotion Botol,9,12000
12-12-2020,Item-31,Body Lotion Botol,6,12000
18-12-2020,Item-31,Body Lotion Botol,4,12000
20-12-2020,Item-31,Body Lotion Botol,14,12000
9-12-2020,Item-31,Body Lotion Botol,9,12000
15-12-2020,Item-31,Body Lotion Botol,1,12000
5-12-2020,Item-31,Body Lotion Botol,6,12000
13-12-2020,Item-31,Body Lotion Botol,7,12000
17-12-2020,Item-31,Body Lotion Botol,17,12000
7-12-2020,Item-31,Body Lotion Botol,7,12000
24-12-2020,Item-31,Body Lotion Botol,6,12000
10-12-2020,Item-31,Body Lotion Botol,6,12000
27-12-2020,Item-31,Body Lotion Botol,15,12000
21-12-2020,Item-31,Body Lotion Botol,14,12000
9-12-2020,Item-31,Body Lotion Botol,17,12000
3-12-2020,Item-31,Body Lotion Botol,20,12000
16-12-2020,Item-31,Body Lotion Botol,2,12000
5-12-2020,Item-31,Body Lotion Botol,16,12000
20-12-2020,Item-31,Body Lotion Botol,14,12000
5-12-2020,Item-31,Body Lotion Botol,16,12000
14-12-2020,Item-18,Telur Ayam Negeri,1,1700
16-12-2020,Item-18,Telur Ayam Negeri,2,1700
8-12-2020,Item-18,Telur Ayam Negeri,3,1700
13-12-2020,Item-18,Telur Ayam Negeri,4,1700
25-12-2020,Item-18,Telur Ayam Negeri,5,1700
19-12-2020,Item-18,Telur Ayam Negeri,1,1700
19-12-2020,Item-18,Telur Ayam Negeri,2,1700
29-12-2020,Item-18,Telur Ayam Negeri,3,1700
3-12-2020,Item-18,Telur Ayam Negeri,4,1700
8-12-2020,Item-18,Telur Ayam Negeri,5,1700
26-12-2020,Item-18,Telur Ayam Negeri,6,1700
30-12-2020,Item-31,Body Lotion Botol,10,12000
4-12-2020,Item-31,Body Lotion Botol,1,12000
12-12-2020,Item-31,Body Lotion Botol,8,12000
1-12-2020,Item-31,Body Lotion Botol,14,12000
10-12-2020,Item-11,Sabun Cuci Piring,2,14000
19-12-2020,Item-03,Gula Pasir Putih 1 kg,2,12500
17-12-2020,Item-11,Sabun Cuci Piring,3,14000
9-12-2020,Item-11,Sabun Cuci Piring,4,14000
25-12-2020,Item-26,Susu Bubuk 195g,7,45000
18-12-2020,Item-31,Body Lotion Botol,15,12000
5-12-2020,Item-31,Body Lotion Botol,11,12000
12-12-2020,Item-31,Body Lotion Botol,5,12000
1-12-2020,Item-31,Body Lotion Botol,2,12000
29-12-2020,Item-31,Body Lotion Botol,7,12000
7-12-2020,Item-31,Body Lotion Botol,17,12000
21-12-2020,Item-31,Body Lotion Botol,11,12000
25-12-2020,Item-31,Body Lotion Botol,10,12000
15-12-2020,Item-31,Body Lotion Botol,1,12000
15-12-2020,Item-31,Body Lotion Botol,3,12000
22-12-2020,Item-31,Body Lotion Botol,10,12000
25-12-2020,Item-31,Body Lotion Botol,9,12000
2-12-2020,Item-31,Body Lotion Botol,3,12000
14-12-2020,Item-31,Body Lotion Botol,7,12000
20-12-2020,Item-31,Body Lotion Botol,6,12000
26-12-2020,Item-31,Body Lotion Botol,11,12000
9-12-2020,Item-31,Body Lotion Botol,7,12000
28-12-2020,Item-31,Body Lotion Botol,16,12000
12-12-2020,Item-31,Body Lotion Botol,15,12000
17-12-2020,Item-31,Body Lotion Botol,10,12000
19-12-2020,Item-31,Body Lotion Botol,8,12000
15-12-2020,Item-31,Body Lotion Botol,18,12000
5-12-2020,Item-31,Body Lotion Botol,2,12000
17-12-2020,Item-11,Sabun Cuci Piring,2,14000
17-12-2020,Item-03,Gula Pasir Putih 1 kg,2,12500
5-12-2020,Item-11,Sabun Cuci Piring,3,14000
18-12-2020,Item-11,Sabun Cuci Piring,4,14000
12-12-2020,Item-26,Susu Bubuk 195g,7,45000
17-12-2020,Item-31,Body Lotion Botol,20,12000
10-12-2020,Item-31,Body Lotion Botol,8,12000
16-12-2020,Item-31,Body Lotion Botol,6,12000
24-12-2020,Item-31,Body Lotion Botol,12,12000
9-12-2020,Item-31,Body Lotion Botol,5,12000
14-12-2020,Item-31,Body Lotion Botol,17,12000
11-12-2020,Item-18,Telur Ayam Negeri,1,1700
16-12-2020,Item-18,Telur Ayam Negeri,2,1700
2-12-2020,Item-18,Telur Ayam Negeri,3,1700
29-12-2020,Item-18,Telur Ayam Negeri,4,1700
22-12-2020,Item-18,Telur Ayam Negeri,5,1700
25-12-2020,Item-18,Telur Ayam Negeri,1,1700
25-12-2020,Item-18,Telur Ayam Negeri,2,1700
17-12-2020,Item-18,Telur Ayam Negeri,3,1700
21-12-2020,Item-18,Telur Ayam Negeri,4,1700
19-12-2020,Item-18,Telur Ayam Negeri,5,1700
1-12-2020,Item-18,Telur Ayam Negeri,6,1700
18-12-2020,Item-31,Body Lotion Botol,4,12000
25-12-2020,Item-31,Body Lotion Botol,4,12000
5-12-2020,Item-31,Body Lotion Botol,13,12000
1-12-2020,Item-31,Body Lotion Botol,6,12000
26-12-2020,Item-31,Body Lotion Botol,1,12000
15-12-2020,Item-31,Body Lotion Botol,1,12000
23-12-2020,Item-31,Body Lotion Botol,6,12000
6-12-2020,Item-31,Body Lotion Botol,14,12000
25-12-2020,Item-31,Body Lotion Botol,14,12000
11-12-2020,Item-16,Balsem Putih 20 gram,1,22300
19-12-2020,Item-26,Susu Bubuk 195g,14,45000
15-12-2020,Item-11,Sabun Cuci Piring,3,14000
30-12-2020,Item-03,Gula Pasir Putih 1 kg,3,12500
10-12-2020,Item-11,Sabun Cuci Piring,2,14000
25-12-2020,Item-17,Obat Batuk,3,5000
5-12-2020,Item-03,Gula Pasir Putih 1 kg,2,12500
9-12-2020,Item-11,Sabun Cuci Piring,3,14000
7-12-2020,Item-16,Balsem Putih 20 gram,4,22300
10-12-2020,Item-03,Gula Pasir Putih 1 kg,2,12500
12-12-2020,Item-11,Sabun Cuci Piring,2,14000
9-12-2020,Item-16,Balsem Putih 20 gram,2,22300
1-12-2020,Item-03,Gula Pasir Putih 1 kg,1,12500
19-12-2020,Item-26,Susu Bubuk 195g,1,45000
4-12-2020,Item-11,Sabun Cuci Piring,4,14000
25-12-2020,Item-03,Gula Pasir Putih 1 kg,2,12500
2-12-2020,Item-03,Gula Pasir Putih 1 kg,2,12500
10-12-2020,Item-31,Body Lotion Botol,16,12000
18-12-2020,Item-31,Body Lotion Botol,16,12000
15-12-2020,Item-31,Body Lotion Botol,5,12000
11-12-2020,Item-31,Body Lotion Botol,8,12000
2-12-2020,Item-31,Body Lotion Botol,19,12000
13-12-2020,Item-31,Body Lotion Botol,5,12000
23-12-2020,Item-31,Body Lotion Botol,1,12000
27-12-2020,Item-31,Body Lotion Botol,19,12000
24-12-2020,Item-31,Body Lotion Botol,15,12000
29-12-2020,Item-31,Body Lotion Botol,6,12000
11-12-2020,Item-31,Body Lotion Botol,13,12000
21-12-2020,Item-31,Body Lotion Botol,7,12000
29-12-2020,Item-31,Body Lotion Botol,13,12000
28-12-2020,Item-31,Body Lotion Botol,13,12000
22-12-2020,Item-11,Sabun Cuci Piring,2,14000
23-12-2020,Item-03,Gula Pasir Putih 1 kg,2,12500
7-12-2020,Item-11,Sabun Cuci Piring,3,14000
18-12-2020,Item-11,Sabun Cuci Piring,4,14000
14-12-2020,Item-26,Susu Bubuk 195g,7,45000
23-12-2020,Item-31,Body Lotion Botol,1,12000
26-12-2020,Item-31,Body Lotion Botol,10,12000
3-12-2020,Item-31,Body Lotion Botol,20,12000
13-12-2020,Item-31,Body Lotion Botol,12,12000
6-12-2020,Item-31,Body Lotion Botol,3,12000
19-12-2020,Item-31,Body Lotion Botol,10,12000
18-12-2020,Item-31,Body Lotion Botol,18,12000
2-12-2020,Item-31,Body Lotion Botol,20,12000
14-12-2020,Item-31,Body Lotion Botol,9,12000
23-12-2020,Item-31,Body Lotion Botol,9,12000
11-12-2020,Item-31,Body Lotion Botol,4,12000
20-12-2020,Item-31,Body Lotion Botol,1,12000
7-12-2020,Item-31,Body Lotion Botol,1,12000
19-12-2020,Item-31,Body Lotion Botol,17,12000
25-12-2020,Item-18,Telur Ayam Negeri,1,1700
12-12-2020,Item-18,Telur Ayam Negeri,2,1700
11-12-2020,Item-18,Telur Ayam Negeri,3,1700
26-12-2020,Item-18,Telur Ayam Negeri,4,1700
1-12-2020,Item-18,Telur Ayam Negeri,5,1700
13-12-2020,Item-18,Telur Ayam Negeri,1,1700
4-12-2020,Item-18,Telur Ayam Negeri,2,1700
16-12-2020,Item-18,Telur Ayam Negeri,3,1700
14-12-2020,Item-18,Telur Ayam Negeri,4,1700
30-12-2020,Item-18,Telur Ayam Negeri,5,1700
23-12-2020,Item-18,Telur Ayam Negeri,6,1700
15-12-2020,Item-11,Sabun Cuci Piring,2,14000
20-12-2020,Item-03,Gula Pasir Putih 1 kg,2,12500
17-12-2020,Item-11,Sabun Cuci Piring,3,14000
28-12-2020,Item-11,Sabun Cuci Piring,4,14000
24-12-2020,Item-26,Susu Bubuk 195g,7,45000
1-12-2020,Item-32,Biscuit,20,10000
23-12-2020,Item-32,Biscuit,6,10000
24-12-2020,Item-32,Biscuit,11,10000
2-12-2020,Item-32,Biscuit,15,10000
8-12-2020,Item-32,Biscuit,20,10000
19-12-2020,Item-32,Biscuit,9,10000
1-12-2020,Item-32,Biscuit,17,10000
12-12-2020,Item-32,Biscuit,3,10000
5-12-2020,Item-32,Biscuit,3,10000
30-12-2020,Item-32,Biscuit,12,10000
18-12-2020,Item-32,Biscuit,7,10000
23-12-2020,Item-32,Biscuit,18,10000
14-12-2020,Item-32,Biscuit,2,10000
7-12-2020,Item-32,Biscuit,15,10000
27-12-2020,Item-32,Biscuit,4,10000
29-12-2020,Item-32,Biscuit,7,10000
7-12-2020,Item-32,Biscuit,13,10000
23-12-2020,Item-32,Biscuit,11,10000
2-12-2020,Item-32,Biscuit,11,10000
2-12-2020,Item-32,Biscuit,1,10000
13-12-2020,Item-16,Balsem Putih 20 gram,1,22300
24-12-2020,Item-26,Susu Bubuk 195g,14,45000
18-12-2020,Item-11,Sabun Cuci Piring,3,14000
6-12-2020,Item-03,Gula Pasir Putih 1 kg,3,12500
25-12-2020,Item-11,Sabun Cuci Piring,2,14000
19-12-2020,Item-17,Obat Batuk,3,5000
8-12-2020,Item-03,Gula Pasir Putih 1 kg,2,12500
11-12-2020,Item-11,Sabun Cuci Piring,3,14000
11-12-2020,Item-16,Balsem Putih 20 gram,4,22300
22-12-2020,Item-03,Gula Pasir Putih 1 kg,2,12500
19-12-2020,Item-11,Sabun Cuci Piring,2,14000
17-12-2020,Item-16,Balsem Putih 20 gram,2,22300
12-12-2020,Item-03,Gula Pasir Putih 1 kg,1,12500
2-12-2020,Item-26,Susu Bubuk 195g,1,45000
5-12-2020,Item-11,Sabun Cuci Piring,4,14000
11-12-2020,Item-03,Gula Pasir Putih 1 kg,2,12500
13-12-2020,Item-03,Gula Pasir Putih 1 kg,2,12500
30-12-2020,Item-32,Biscuit,11,10000
30-12-2020,Item-32,Biscuit,7,10000
11-12-2020,Item-32,Biscuit,16,10000
11-12-2020,Item-32,Biscuit,1,10000
2-12-2020,Item-32,Biscuit,14,10000
1-12-2020,Item-32,Biscuit,12,10000
16-12-2020,Item-32,Biscuit,14,10000
14-12-2020,Item-32,Biscuit,19,10000
13-12-2020,Item-32,Biscuit,19,10000
3-12-2020,Item-32,Biscuit,20,10000
26-12-2020,Item-11,Sabun Cuci Piring,2,14000
5-12-2020,Item-03,Gula Pasir Putih 1 kg,2,12500
30-12-2020,Item-11,Sabun Cuci Piring,3,14000
19-12-2020,Item-11,Sabun Cuci Piring,4,14000
4-12-2020,Item-26,Susu Bubuk 195g,7,45000
27-12-2020,Item-18,Telur Ayam Negeri,1,1700
30-12-2020,Item-18,Telur Ayam Negeri,2,1700
18-12-2020,Item-18,Telur Ayam Negeri,3,1700
18-12-2020,Item-18,Telur Ayam Negeri,4,1700
6-12-2020,Item-18,Telur Ayam Negeri,5,1700
9-12-2020,Item-18,Telur Ayam Negeri,1,1700
18-12-2020,Item-18,Telur Ayam Negeri,2,1700
12-12-2020,Item-18,Telur Ayam Negeri,3,1700
22-12-2020,Item-18,Telur Ayam Negeri,4,1700
4-12-2020,Item-18,Telur Ayam Negeri,5,1700
8-12-2020,Item-18,Telur Ayam Negeri,6,1700
17-12-2020,Item-11,Sabun Cuci Piring,2,14000
26-12-2020,Item-03,Gula Pasir Putih 1 kg,2,12500
27-12-2020,Item-11,Sabun Cuci Piring,3,14000
28-12-2020,Item-11,Sabun Cuci Piring,4,14000
10-12-2020,Item-26,Susu Bubuk 195g,7,45000
13-12-2020,Item-32,Biscuit,8,10000
2-12-2020,Item-32,Biscuit,18,10000
12-12-2020,Item-32,Biscuit,4,10000
14-12-2020,Item-32,Biscuit,17,10000
24-12-2020,Item-32,Biscuit,11,10000
22-12-2020,Item-32,Biscuit,3,10000
3-12-2020,Item-32,Biscuit,19,10000
8-12-2020,Item-32,Biscuit,4,10000
28-12-2020,Item-32,Biscuit,10,10000
8-12-2020,Item-32,Biscuit,13,10000
13-12-2020,Item-32,Biscuit,4,10000
25-12-2020,Item-32,Biscuit,14,10000
11-12-2020,Item-32,Biscuit,8,10000
20-12-2020,Item-32,Biscuit,6,10000
15-12-2020,Item-32,Biscuit,1,10000
13-12-2020,Item-32,Biscuit,5,10000
20-12-2020,Item-32,Biscuit,15,10000
18-12-2020,Item-32,Biscuit,10,10000
25-12-2020,Item-32,Biscuit,10,10000
15-12-2020,Item-32,Biscuit,4,10000
12-12-2020,Item-32,Biscuit,4,10000
18-12-2020,Item-32,Biscuit,1,10000
14-12-2020,Item-32,Biscuit,10,10000
5-12-2020,Item-32,Biscuit,14,10000
24-12-2020,Item-32,Biscuit,10,10000
28-12-2020,Item-32,Biscuit,7,10000
19-12-2020,Item-32,Biscuit,9,10000
24-12-2020,Item-32,Biscuit,18,10000
18-12-2020,Item-32,Biscuit,14,10000
21-12-2020,Item-32,Biscuit,16,10000
30-12-2020,Item-11,Sabun Cuci Piring,2,14000
14-12-2020,Item-03,Gula Pasir Putih 1 kg,2,12500
20-12-2020,Item-11,Sabun Cuci Piring,3,14000
21-12-2020,Item-11,Sabun Cuci Piring,4,14000
15-12-2020,Item-26,Susu Bubuk 195g,7,45000
8-12-2020,Item-32,Biscuit,1,10000
23-12-2020,Item-32,Biscuit,5,10000
16-12-2020,Item-32,Biscuit,3,10000
29-12-2020,Item-32,Biscuit,11,10000
19-12-2020,Item-32,Biscuit,9,10000
20-12-2020,Item-32,Biscuit,14,10000
1-12-2020,Item-32,Biscuit,17,10000
24-12-2020,Item-05,Mi Goreng Instant,2,2600
1-12-2020,Item-05,Mi Goreng Instant,2,2600
28-12-2020,Item-05,Mi Goreng Instant,2,2600
21-12-2020,Item-05,Mi Goreng Instant,1,2600
21-12-2020,Item-05,Mi Goreng Instant,3,2600
14-12-2020,Item-05,Mi Goreng Instant,1,2600
2-12-2020,Item-05,Mi Goreng Instant,1,2600
7-12-2020,Item-05,Mi Goreng Instant,4,2600
11-12-2020,Item-32,Biscuit,8,10000
2-12-2020,Item-32,Biscuit,4,10000
26-12-2020,Item-32,Biscuit,20,10000
23-12-2020,Item-32,Biscuit,8,10000
9-12-2020,Item-32,Biscuit,14,10000
2-12-2020,Item-32,Biscuit,19,10000
9-12-2020,Item-32,Biscuit,2,10000
7-12-2020,Item-32,Biscuit,12,10000
30-12-2020,Item-32,Biscuit,13,10000
27-12-2020,Item-32,Biscuit,6,10000
16-12-2020,Item-32,Biscuit,19,10000
12-12-2020,Item-32,Biscuit,7,10000
14-12-2020,Item-32,Biscuit,8,10000
21-12-2020,Item-32,Biscuit,13,10000
29-12-2020,Item-11,Sabun Cuci Piring,2,14000
9-12-2020,Item-03,Gula Pasir Putih 1 kg,2,12500
24-12-2020,Item-11,Sabun Cuci Piring,3,14000
27-12-2020,Item-11,Sabun Cuci Piring,4,14000
11-12-2020,Item-26,Susu Bubuk 195g,7,45000
8-12-2020,Item-32,Biscuit,2,10000
25-12-2020,Item-32,Biscuit,17,10000
15-12-2020,Item-32,Biscuit,16,10000
2-12-2020,Item-32,Biscuit,9,10000
14-12-2020,Item-32,Biscuit,8,10000
28-12-2020,Item-32,Biscuit,16,10000
2-12-2020,Item-32,Biscuit,7,10000
9-12-2020,Item-32,Biscuit,4,10000
6-12-2020,Item-32,Biscuit,15,10000
18-12-2020,Item-32,Biscuit,6,10000
29-12-2020,Item-32,Biscuit,6,10000
27-12-2020,Item-32,Biscuit,6,10000
4-12-2020,Item-32,Biscuit,5,10000
7-12-2020,Item-32,Biscuit,17,10000
4-12-2020,Item-32,Biscuit,4,10000
2-12-2020,Item-32,Biscuit,15,10000
28-12-2020,Item-32,Biscuit,5,10000
18-12-2020,Item-32,Biscuit,19,10000
7-12-2020,Item-32,Biscuit,16,10000
17-12-2020,Item-32,Biscuit,13,10000
17-12-2020,Item-32,Biscuit,12,10000
20-12-2020,Item-05,Mi Goreng Instant,2,2600
20-12-2020,Item-05,Mi Goreng Instant,2,2600
12-12-2020,Item-05,Mi Goreng Instant,2,2600
29-12-2020,Item-05,Mi Goreng Instant,1,2600
3-12-2020,Item-05,Mi Goreng Instant,3,2600
28-12-2020,Item-05,Mi Goreng Instant,1,2600
23-12-2020,Item-05,Mi Goreng Instant,1,2600
14-12-2020,Item-05,Mi Goreng Instant,4,2600
29-12-2020,Item-32,Biscuit,18,10000
13-12-2020,Item-32,Biscuit,13,10000
25-12-2020,Item-16,Balsem Putih 20 gram,1,22300
24-12-2020,Item-26,Susu Bubuk 195g,14,45000
1-12-2020,Item-11,Sabun Cuci Piring,3,14000
15-12-2020,Item-03,Gula Pasir Putih 1 kg,3,12500
17-12-2020,Item-11,Sabun Cuci Piring,2,14000
26-12-2020,Item-17,Obat Batuk,3,5000
4-12-2020,Item-03,Gula Pasir Putih 1 kg,2,12500
18-12-2020,Item-11,Sabun Cuci Piring,3,14000
6-12-2020,Item-16,Balsem Putih 20 gram,4,22300
12-12-2020,Item-03,Gula Pasir Putih 1 kg,2,12500
26-12-2020,Item-11,Sabun Cuci Piring,2,14000
18-12-2020,Item-16,Balsem Putih 20 gram,2,22300
26-12-2020,Item-03,Gula Pasir Putih 1 kg,1,12500
10-12-2020,Item-26,Susu Bubuk 195g,1,45000
2-12-2020,Item-11,Sabun Cuci Piring,4,14000
29-12-2020,Item-03,Gula Pasir Putih 1 kg,2,12500
24-12-2020,Item-03,Gula Pasir Putih 1 kg,2,12500
26-12-2020,Item-11,Sabun Cuci Piring,2,14000
1-12-2020,Item-03,Gula Pasir Putih 1 kg,2,12500
20-12-2020,Item-11,Sabun Cuci Piring,3,14000
8-12-2020,Item-11,Sabun Cuci Piring,4,14000
6-12-2020,Item-26,Susu Bubuk 195g,7,45000
28-12-2020,Item-11,Sabun Cuci Piring,2,14000
14-12-2020,Item-03,Gula Pasir Putih 1 kg,2,12500
2-12-2020,Item-11,Sabun Cuci Piring,3,14000
15-12-2020,Item-11,Sabun Cuci Piring,4,14000
15-12-2020,Item-26,Susu Bubuk 195g,7,45000
20-12-2020,Item-11,Sabun Cuci Piring,2,14000
18-12-2020,Item-03,Gula Pasir Putih 1 kg,2,12500
27-12-2020,Item-11,Sabun Cuci Piring,3,14000
5-12-2020,Item-11,Sabun Cuci Piring,4,14000
18-12-2020,Item-26,Susu Bubuk 195g,7,45000
9-12-2020,Item-33,Es Cream,16,5000
22-12-2020,Item-33,Es Cream,17,5000
15-12-2020,Item-33,Es Cream,17,5000
9-12-2020,Item-33,Es Cream,20,5000
27-12-2020,Item-33,Es Cream,16,5000
11-12-2020,Item-11,Sabun Cuci Piring,2,14000
10-12-2020,Item-03,Gula Pasir Putih 1 kg,2,12500
11-12-2020,Item-11,Sabun Cuci Piring,3,14000
18-12-2020,Item-11,Sabun Cuci Piring,4,14000
1-12-2020,Item-26,Susu Bubuk 195g,7,45000
14-12-2020,Item-33,Es Cream,11,5000
2-12-2020,Item-33,Es Cream,2,5000
2-12-2020,Item-33,Es Cream,12,5000
10-12-2020,Item-33,Es Cream,6,5000
1-12-2020,Item-33,Es Cream,11,5000
28-12-2020,Item-05,Mi Goreng Instant,2,2600
18-12-2020,Item-05,Mi Goreng Instant,2,2600
11-12-2020,Item-05,Mi Goreng Instant,2,2600
4-12-2020,Item-05,Mi Goreng Instant,1,2600
26-12-2020,Item-05,Mi Goreng Instant,3,2600
25-12-2020,Item-05,Mi Goreng Instant,1,2600
1-12-2020,Item-05,Mi Goreng Instant,1,2600
5-12-2020,Item-05,Mi Goreng Instant,4,2600
12-12-2020,Item-11,Sabun Cuci Piring,2,14000
30-12-2020,Item-03,Gula Pasir Putih 1 kg,2,12500
19-12-2020,Item-11,Sabun Cuci Piring,3,14000
11-12-2020,Item-11,Sabun Cuci Piring,4,14000
24-12-2020,Item-26,Susu Bubuk 195g,7,45000
1-12-2020,Item-33,Es Cream,1,5000
27-12-2020,Item-33,Es Cream,8,5000
4-12-2020,Item-33,Es Cream,9,5000
30-12-2020,Item-33,Es Cream,7,5000
25-12-2020,Item-33,Es Cream,11,5000
22-12-2020,Item-33,Es Cream,8,5000
29-12-2020,Item-33,Es Cream,8,5000
19-12-2020,Item-33,Es Cream,12,5000
23-12-2020,Item-33,Es Cream,18,5000
29-12-2020,Item-33,Es Cream,18,5000
27-12-2020,Item-33,Es Cream,11,5000
29-12-2020,Item-33,Es Cream,3,5000
26-12-2020,Item-33,Es Cream,2,5000
30-12-2020,Item-33,Es Cream,9,5000
28-12-2020,Item-33,Es Cream,12,5000
15-12-2020,Item-33,Es Cream,4,5000
19-12-2020,Item-33,Es Cream,13,5000
14-12-2020,Item-33,Es Cream,20,5000
2-12-2020,Item-33,Es Cream,16,5000
18-12-2020,Item-33,Es Cream,17,5000
22-12-2020,Item-33,Es Cream,11,5000
29-12-2020,Item-33,Es Cream,16,5000
8-12-2020,Item-33,Es Cream,13,5000
6-12-2020,Item-33,Es Cream,12,5000
21-12-2020,Item-33,Es Cream,15,5000
14-12-2020,Item-33,Es Cream,2,5000
22-12-2020,Item-33,Es Cream,12,5000
11-12-2020,Item-33,Es Cream,8,5000
11-12-2020,Item-33,Es Cream,15,5000
24-12-2020,Item-11,Sabun Cuci Piring,2,14000
21-12-2020,Item-03,Gula Pasir Putih 1 kg,2,12500
18-12-2020,Item-11,Sabun Cuci Piring,3,14000
28-12-2020,Item-11,Sabun Cuci Piring,4,14000
3-12-2020,Item-26,Susu Bubuk 195g,7,45000
7-12-2020,Item-33,Es Cream,9,5000
23-12-2020,Item-11,Sabun Cuci Piring,2,14000
10-12-2020,Item-03,Gula Pasir Putih 1 kg,2,12500
16-12-2020,Item-11,Sabun Cuci Piring,3,14000
16-12-2020,Item-11,Sabun Cuci Piring,4,14000
1-12-2020,Item-26,Susu Bubuk 195g,7,45000
23-12-2020,Item-34,Sirup Botol,1,12000
29-12-2020,Item-34,Sirup Botol,4,12000
28-12-2020,Item-34,Sirup Botol,8,12000
22-12-2020,Item-34,Sirup Botol,10,12000
23-12-2020,Item-11,Sabun Cuci Piring,2,14000
16-12-2020,Item-03,Gula Pasir Putih 1 kg,2,12500
26-12-2020,Item-11,Sabun Cuci Piring,3,14000
5-12-2020,Item-11,Sabun Cuci Piring,4,14000
15-12-2020,Item-26,Susu Bubuk 195g,7,45000
4-12-2020,Item-34,Sirup Botol,11,12000
8-12-2020,Item-34,Sirup Botol,1,12000
21-12-2020,Item-34,Sirup Botol,6,12000
22-12-2020,Item-34,Sirup Botol,13,12000
1-12-2020,Item-34,Sirup Botol,11,12000
26-12-2020,Item-34,Sirup Botol,3,12000
15-12-2020,Item-34,Sirup Botol,5,12000
2-12-2020,Item-34,Sirup Botol,17,12000
25-12-2020,Item-34,Sirup Botol,7,12000
25-12-2020,Item-34,Sirup Botol,5,12000
18-12-2020,Item-34,Sirup Botol,12,12000
29-12-2020,Item-34,Sirup Botol,4,12000
2-12-2020,Item-34,Sirup Botol,20,12000
28-12-2020,Item-34,Sirup Botol,20,12000
19-12-2020,Item-34,Sirup Botol,3,12000
30-12-2020,Item-11,Sabun Cuci Piring,2,14000
20-12-2020,Item-03,Gula Pasir Putih 1 kg,2,12500
21-12-2020,Item-11,Sabun Cuci Piring,3,14000
15-12-2020,Item-11,Sabun Cuci Piring,4,14000
8-12-2020,Item-26,Susu Bubuk 195g,7,45000
17-12-2020,Item-34,Sirup Botol,11,12000
29-12-2020,Item-34,Sirup Botol,2,12000
11-12-2020,Item-34,Sirup Botol,20,12000
3-12-2020,Item-34,Sirup Botol,3,12000
1-12-2020,Item-34,Sirup Botol,16,12000
16-12-2020,Item-34,Sirup Botol,4,12000
26-12-2020,Item-34,Sirup Botol,5,12000
23-12-2020,Item-12,Beras Pulen 5 kg,3,63000
9-12-2020,Item-12,Beras Pulen 5 kg,4,63000
16-12-2020,Item-34,Sirup Botol,13,12000
23-12-2020,Item-34,Sirup Botol,6,12000
2-12-2020,Item-34,Sirup Botol,11,12000
9-12-2020,Item-34,Sirup Botol,17,12000
19-12-2020,Item-11,Sabun Cuci Piring,2,14000
22-12-2020,Item-03,Gula Pasir Putih 1 kg,2,12500
23-12-2020,Item-11,Sabun Cuci Piring,3,14000
17-12-2020,Item-11,Sabun Cuci Piring,4,14000
3-12-2020,Item-26,Susu Bubuk 195g,7,45000
4-12-2020,Item-05,Mi Goreng Instant,2,2600
18-12-2020,Item-05,Mi Goreng Instant,2,2600
26-12-2020,Item-05,Mi Goreng Instant,2,2600
27-12-2020,Item-05,Mi Goreng Instant,1,2600
13-12-2020,Item-05,Mi Goreng Instant,3,2600
28-12-2020,Item-05,Mi Goreng Instant,1,2600
8-12-2020,Item-05,Mi Goreng Instant,1,2600
28-12-2020,Item-05,Mi Goreng Instant,4,2600
28-12-2020,Item-34,Sirup Botol,20,12000
19-12-2020,Item-34,Sirup Botol,13,12000
26-12-2020,Item-11,Sabun Cuci Piring,2,14000
24-12-2020,Item-03,Gula Pasir Putih 1 kg,2,12500
28-12-2020,Item-11,Sabun Cuci Piring,3,14000
7-12-2020,Item-11,Sabun Cuci Piring,4,14000
17-12-2020,Item-26,Susu Bubuk 195g,7,45000
15-12-2020,Item-34,Sirup Botol,1,12000
30-12-2020,Item-34,Sirup Botol,12,12000
16-12-2020,Item-34,Sirup Botol,2,12000
16-12-2020,Item-34,Sirup Botol,19,12000
7-12-2020,Item-34,Sirup Botol,11,12000
9-12-2020,Item-34,Sirup Botol,6,12000
26-12-2020,Item-34,Sirup Botol,9,12000
12-12-2020,Item-34,Sirup Botol,20,12000
21-12-2020,Item-34,Sirup Botol,13,12000
19-12-2020,Item-34,Sirup Botol,11,12000
12-12-2020,Item-34,Sirup Botol,4,12000
30-12-2020,Item-34,Sirup Botol,7,12000
4-12-2020,Item-34,Sirup Botol,20,12000
4-12-2020,Item-34,Sirup Botol,4,12000
13-12-2020,Item-34,Sirup Botol,20,12000
2-12-2020,Item-34,Sirup Botol,10,12000
21-12-2020,Item-34,Sirup Botol,1,12000
27-12-2020,Item-34,Sirup Botol,4,12000
23-12-2020,Item-34,Sirup Botol,19,12000
18-12-2020,Item-34,Sirup Botol,10,12000
17-12-2020,Item-34,Sirup Botol,15,12000
18-12-2020,Item-34,Sirup Botol,16,12000
6-12-2020,Item-34,Sirup Botol,4,12000
4-12-2020,Item-34,Sirup Botol,9,12000
30-12-2020,Item-34,Sirup Botol,9,12000
7-12-2020,Item-34,Sirup Botol,5,12000
12-12-2020,Item-34,Sirup Botol,13,12000
3-12-2020,Item-34,Sirup Botol,11,12000
23-12-2020,Item-11,Sabun Cuci Piring,2,14000
16-12-2020,Item-03,Gula Pasir Putih 1 kg,2,12500
19-12-2020,Item-11,Sabun Cuci Piring,3,14000
19-12-2020,Item-11,Sabun Cuci Piring,4,14000
8-12-2020,Item-26,Susu Bubuk 195g,7,45000
25-12-2020,Item-11,Sabun Cuci Piring,2,14000
27-12-2020,Item-03,Gula Pasir Putih 1 kg,2,12500
25-12-2020,Item-11,Sabun Cuci Piring,3,14000
11-12-2020,Item-11,Sabun Cuci Piring,4,14000
26-12-2020,Item-26,Susu Bubuk 195g,7,45000
3-12-2020,Item-34,Sirup Botol,3,12000
1-12-2020,Item-34,Sirup Botol,13,12000
23-12-2020,Item-34,Sirup Botol,3,12000
28-12-2020,Item-34,Sirup Botol,19,12000
26-12-2020,Item-34,Sirup Botol,19,12000
6-12-2020,Item-34,Sirup Botol,3,12000
21-12-2020,Item-34,Sirup Botol,11,12000
6-12-2020,Item-34,Sirup Botol,12,12000
13-12-2020,Item-34,Sirup Botol,10,12000
10-12-2020,Item-34,Sirup Botol,8,12000
3-12-2020,Item-34,Sirup Botol,12,12000
30-12-2020,Item-34,Sirup Botol,20,12000
25-12-2020,Item-11,Sabun Cuci Piring,2,14000
11-12-2020,Item-03,Gula Pasir Putih 1 kg,2,12500
19-12-2020,Item-11,Sabun Cuci Piring,3,14000
14-12-2020,Item-11,Sabun Cuci Piring,4,14000
23-12-2020,Item-26,Susu Bubuk 195g,7,45000
18-12-2020,Item-34,Sirup Botol,11,12000
26-12-2020,Item-34,Sirup Botol,11,12000
9-12-2020,Item-34,Sirup Botol,8,12000
12-12-2020,Item-34,Sirup Botol,11,12000
8-12-2020,Item-34,Sirup Botol,6,12000
10-12-2020,Item-34,Sirup Botol,13,12000
5-12-2020,Item-34,Sirup Botol,7,12000
5-12-2020,Item-34,Sirup Botol,18,12000
1-12-2020,Item-34,Sirup Botol,5,12000
3-12-2020,Item-34,Sirup Botol,13,12000
29-12-2020,Item-34,Sirup Botol,16,12000
3-12-2020,Item-34,Sirup Botol,3,12000
16-12-2020,Item-34,Sirup Botol,15,12000
3-12-2020,Item-34,Sirup Botol,16,12000
16-12-2020,Item-34,Sirup Botol,13,12000
17-12-2020,Item-34,Sirup Botol,17,12000
6-12-2020,Item-34,Sirup Botol,8,12000
25-12-2020,Item-34,Sirup Botol,12,12000
18-12-2020,Item-16,Balsem Putih 20 gram,1,22300
18-12-2020,Item-26,Susu Bubuk 195g,14,45000
15-12-2020,Item-11,Sabun Cuci Piring,3,14000
27-12-2020,Item-03,Gula Pasir Putih 1 kg,3,12500
25-12-2020,Item-11,Sabun Cuci Piring,2,14000
26-12-2020,Item-17,Obat Batuk,3,5000
11-12-2020,Item-03,Gula Pasir Putih 1 kg,2,12500
9-12-2020,Item-11,Sabun Cuci Piring,3,14000
23-12-2020,Item-16,Balsem Putih 20 gram,4,22300
18-12-2020,Item-03,Gula Pasir Putih 1 kg,2,12500
9-12-2020,Item-11,Sabun Cuci Piring,2,14000
25-12-2020,Item-16,Balsem Putih 20 gram,2,22300
26-12-2020,Item-03,Gula Pasir Putih 1 kg,1,12500
24-12-2020,Item-26,Susu Bubuk 195g,1,45000
3-12-2020,Item-11,Sabun Cuci Piring,4,14000
15-12-2020,Item-03,Gula Pasir Putih 1 kg,2,12500
11-12-2020,Item-03,Gula Pasir Putih 1 kg,2,12500
16-12-2020,Item-12,Beras Pulen 5 kg,3,63000
12-12-2020,Item-12,Beras Pulen 5 kg,4,63000
17-12-2020,Item-12,Beras Pulen 5 kg,3,63000
18-12-2020,Item-12,Beras Pulen 5 kg,4,63000
5-12-2020,Item-12,Beras Pulen 5 kg,3,63000
23-12-2020,Item-18,Telur Ayam Negeri,1,1700
5-12-2020,Item-18,Telur Ayam Negeri,2,1700
7-12-2020,Item-18,Telur Ayam Negeri,3,1700
16-12-2020,Item-18,Telur Ayam Negeri,4,1700
25-12-2020,Item-18,Telur Ayam Negeri,5,1700
24-12-2020,Item-18,Telur Ayam Negeri,1,1700
9-12-2020,Item-18,Telur Ayam Negeri,2,1700
26-12-2020,Item-18,Telur Ayam Negeri,3,1700
4-12-2020,Item-18,Telur Ayam Negeri,4,1700
7-12-2020,Item-18,Telur Ayam Negeri,5,1700
4-12-2020,Item-18,Telur Ayam Negeri,6,1700
